job_id,skill_abr,skill_name
3690843087,ACCT,Accounting
3690843087,FIN,Finance
3691763971,MGMT,Management
3691763971,MNFC,Manufacturing
3691775263,MGMT,Management
3691775263,MNFC,Manufacturing
3691786992,HCPR,Healthcare
3691789797,MGMT,Management
3691789797,MNFC,Manufacturing
3691789919,HCPR,Healthcare
3691792844,ENG,Engineering
3691792844,IT,Information Technology
3691793575,ADM,Administration
3691794313,ADM,Administration
3691795305,HCPR,Healthcare
3691795389,SALE,Sales
3691795980,IT,Information Technology
3691796226,DSGN,Design
3691796226,ART,Arts
3691796226,IT,Information Technology
3691797249,EDU,Education
3691797249,TRNG,Training
3691797924,ENG,Engineering
3691797924,IT,Information Technology
3691797973,SALE,Sales
3691797973,BD,Business Development
3691797979,ENG,Engineering
3691797979,IT,Information Technology
3691797980,PRJM,Project Management
3691797982,BD,Business Development
3691797982,CNSL,Consulting
3691797982,SALE,Sales
3691798875,SALE,Sales
3691798875,MGMT,Management
3691798875,STRA,Strategy
3691798879,HCPR,Healthcare
3691799449,MGMT,Management
3691799449,MNFC,Manufacturing
3691799471,OTHR,Other
3691799471,RSCH,Research
3691799472,OTHR,Other
3691799474,MGMT,Management
3691799474,GENB,General Business
3691799474,ADM,Administration
3692300220,MGMT,Management
3692300220,MNFC,Manufacturing
3692300361,MRKT,Marketing
3692300361,SALE,Sales
3692300361,ACCT,Accounting
3692300372,STRA,Strategy
3692300372,MGMT,Management
3692300409,MRKT,Marketing
3692301009,ADM,Administration
3692301162,PRJM,Project Management
3692301162,IT,Information Technology
3692301162,CNSL,Consulting
3692301165,MGMT,Management
3692301165,MNFC,Manufacturing
3692301169,LGL,Legal
3692301169,ADM,Administration
3692301171,ADM,Administration
3692301171,PRJM,Project Management
3692301171,BD,Business Development
3692302089,IT,Information Technology
3692303023,IT,Information Technology
3692303024,HCPR,Healthcare
3692303025,MGMT,Management
3692303025,MNFC,Manufacturing
3696352735,OTHR,Other
3696355954,ACCT,Accounting
3696355954,FIN,Finance
3696362362,ENG,Engineering
3696362362,IT,Information Technology
3696368461,PRJM,Project Management
3696368461,SALE,Sales
3696368461,CUST,Customer Service
3696369309,QA,Quality Assurance
3696369309,PROD,Product Management
3696369309,OTHR,Other
3696371262,PROD,Product Management
3696371262,OTHR,Other
3696371262,MNFC,Manufacturing
3696372105,PRJM,Project Management
3696372105,SALE,Sales
3696372105,CUST,Customer Service
3696373506,ACCT,Accounting
3696373506,FIN,Finance
3696374362,ACCT,Accounting
3696374362,FIN,Finance
3696375254,HCPR,Healthcare
3696386986,OTHR,Other
3696387979,OTHR,Other
3696387993,OTHR,Other
3696388859,OTHR,Other
3696388875,OTHR,Other
3696390474,OTHR,Other
3696391387,OTHR,Other
3696391398,OTHR,Other
3696391403,OTHR,Other
3696393067,OTHR,Other
3696394296,OTHR,Other
3696394452,IT,Information Technology
3696394454,ENG,Engineering
3696394465,SALE,Sales
3696394465,BD,Business Development
3696394465,CUST,Customer Service
3696395003,OTHR,Other
3696396337,RSCH,Research
3696396337,ANLS,Analytics
3696396337,IT,Information Technology
3696396357,ACCT,Accounting
3696396357,FIN,Finance
3696396361,ENG,Engineering
3699944307,MGMT,Management
3699944307,MNFC,Manufacturing
3699953637,HCPR,Healthcare
3699959492,HCPR,Healthcare
3699972728,HCPR,Healthcare
3700100103,ACCT,Accounting
3700100103,FIN,Finance
3700101731,QA,Quality Assurance
3700106733,MGMT,Management
3700106733,MNFC,Manufacturing
3700107001,MRKT,Marketing
3700107001,PR,Public Relations
3700107001,WRT,Writing
3700111693,ACCT,Accounting
3700111693,FIN,Finance
3700124761,DSGN,Design
3700124761,ART,Arts
3700124761,IT,Information Technology
3700138521,SALE,Sales
3700138521,BD,Business Development
3700144594,ART,Arts
3700144594,PRJM,Project Management
3700144710,SUPL,Supply Chain
3700144710,IT,Information Technology
3700147810,ACCT,Accounting
3700147810,FIN,Finance
3700150295,IT,Information Technology
3700152513,GENB,General Business
3700152648,IT,Information Technology
3700152648,MGMT,Management
3700154162,BD,Business Development
3700154162,PR,Public Relations
3700154162,MRKT,Marketing
3700155066,IT,Information Technology
3700155066,QA,Quality Assurance
3634090513,ENG,Engineering
3634090513,IT,Information Technology
3680144775,GENB,General Business
3680144775,MGMT,Management
3680144775,BD,Business Development
3690663520,HR,Human Resources
3690664476,OTHR,Other
3690664657,ACCT,Accounting
3690664657,FIN,Finance
3690665137,ACCT,Accounting
3690665137,FIN,Finance
3690668153,MGMT,Management
3690668153,MNFC,Manufacturing
3690671407,HCPR,Healthcare
3690673180,DSGN,Design
3690673180,ART,Arts
3690673180,IT,Information Technology
3690673578,ENG,Engineering
3690673578,IT,Information Technology
3690692186,ADM,Administration
3690699930,HCPR,Healthcare
3690804650,MNFC,Manufacturing
3690804650,ENG,Engineering
3690804650,PRJM,Project Management
3690809682,ACCT,Accounting
3690809682,FIN,Finance
3690821627,FIN,Finance
3690821627,SALE,Sales
3690825634,MRKT,Marketing
3690825634,SALE,Sales
3690828940,MRKT,Marketing
3690828940,PRDM,Product Management
3690832043,HR,Human Resources
3690832043,CUST,Customer Service
3690832043,GENB,General Business
3690834347,HR,Human Resources
3690835135,SALE,Sales
3690835135,FIN,Finance
3690835135,PRJM,Project Management
3690837484,SALE,Sales
3690837484,BD,Business Development
3690841406,IT,Information Technology
3690841533,FIN,Finance
3690841533,ACCT,Accounting
3690841599,MGMT,Management
3690841599,MNFC,Manufacturing
3690843414,HCPR,Healthcare
3690844311,ACCT,Accounting
3690844311,FIN,Finance
3690844811,ENG,Engineering
3690844895,LGL,Legal
3690846882,CNSL,Consulting
3690846882,IT,Information Technology
3690846882,SALE,Sales
3690847441,BD,Business Development
3690847441,SALE,Sales
3690849145,HCPR,Healthcare
3690849528,ENG,Engineering
3690849528,CNSL,Consulting
3690849528,PRJM,Project Management
3690849991,ENG,Engineering
3690849991,IT,Information Technology
3690850853,MRKT,Marketing
3690850853,STRA,Strategy
3690850853,PRJM,Project Management
3690853209,MGMT,Management
3690853209,MNFC,Manufacturing
3690857635,MRKT,Marketing
3690857635,STRA,Strategy
3690857635,PRJM,Project Management
3690859113,MRKT,Marketing
3690859113,ADVR,Advertising
3690859113,STRA,Strategy
3690859360,SALE,Sales
3690859360,MGMT,Management
3690860158,IT,Information Technology
3690867240,ENG,Engineering
3690867240,DSGN,Design
3690868912,FIN,Finance
3690868912,SALE,Sales
3690868934,MGMT,Management
3690868934,MNFC,Manufacturing
3690869468,MGMT,Management
3690869468,MNFC,Manufacturing
3690870151,MGMT,Management
3690870151,MNFC,Manufacturing
3690870497,HCPR,Healthcare
3690870668,DSGN,Design
3690870668,ART,Arts
3690870668,IT,Information Technology
3690876465,MGMT,Management
3690876465,ACCT,Accounting
3690876465,FIN,Finance
3692338006,PRJM,Project Management
3692353287,MRKT,Marketing
3692353287,PR,Public Relations
3692353287,WRT,Writing
3692361903,ACCT,Accounting
3692361903,FIN,Finance
3692361906,ACCT,Accounting
3692361906,FIN,Finance
3692361910,ACCT,Accounting
3692361910,FIN,Finance
3692361914,ACCT,Accounting
3692361914,FIN,Finance
3692361915,ACCT,Accounting
3692361915,FIN,Finance
3692362852,ACCT,Accounting
3692362852,FIN,Finance
3692362854,ACCT,Accounting
3692362854,FIN,Finance
3692362958,CUST,Customer Service
3692362958,GENB,General Business
3692362958,OTHR,Other
3692362963,DSGN,Design
3692362963,ART,Arts
3692362963,IT,Information Technology
3692363690,ACCT,Accounting
3692363690,FIN,Finance
3692363702,ACCT,Accounting
3692363702,FIN,Finance
3692363706,ACCT,Accounting
3692363706,FIN,Finance
3692363707,ACCT,Accounting
3692363707,FIN,Finance
3692363708,ACCT,Accounting
3692363708,FIN,Finance
3692363778,RSCH,Research
3692363778,ANLS,Analytics
3692363778,IT,Information Technology
3692363920,MGMT,Management
3692364339,SALE,Sales
3692364339,BD,Business Development
3692364369,ACCT,Accounting
3692364369,FIN,Finance
3692364370,ACCT,Accounting
3692364370,FIN,Finance
3692364372,ACCT,Accounting
3692364372,FIN,Finance
3692364374,ACCT,Accounting
3692364374,FIN,Finance
3692364378,ACCT,Accounting
3692364378,FIN,Finance
3692364379,ACCT,Accounting
3692364379,FIN,Finance
3692364380,ACCT,Accounting
3692364380,FIN,Finance
3692364483,OTHR,Other
3692364560,BD,Business Development
3692364560,SALE,Sales
3692364599,SALE,Sales
3692364599,MGMT,Management
3692365234,ACCT,Accounting
3692365234,FIN,Finance
3692365236,ACCT,Accounting
3692365236,FIN,Finance
3692365238,ACCT,Accounting
3692365238,FIN,Finance
3692365242,ACCT,Accounting
3692365242,FIN,Finance
3692365243,ACCT,Accounting
3692365243,FIN,Finance
3692366202,ACCT,Accounting
3692366202,FIN,Finance
3692366207,ACCT,Accounting
3692366207,FIN,Finance
3692366208,ACCT,Accounting
3692366208,FIN,Finance
3692366209,ACCT,Accounting
3692366209,FIN,Finance
3692366211,ACCT,Accounting
3692366211,FIN,Finance
3692366212,ACCT,Accounting
3692366212,FIN,Finance
3692366214,ACCT,Accounting
3692366214,FIN,Finance
3692366220,ACCT,Accounting
3692366220,FIN,Finance
3692366441,ENG,Engineering
3692366441,PRJM,Project Management
3692366441,MNFC,Manufacturing
3692367174,ACCT,Accounting
3692367174,FIN,Finance
3692367178,ACCT,Accounting
3692367178,FIN,Finance
3692367179,ACCT,Accounting
3692367179,FIN,Finance
3692367180,ACCT,Accounting
3692367180,FIN,Finance
3692367370,IT,Information Technology
3692368116,ACCT,Accounting
3692368116,FIN,Finance
3692368118,ACCT,Accounting
3692368118,FIN,Finance
3692368122,ACCT,Accounting
3692368122,FIN,Finance
3692368249,PRJM,Project Management
3692368249,IT,Information Technology
3692368330,BD,Business Development
3692368330,MGMT,Management
3692368330,GENB,General Business
3692369084,IT,Information Technology
3692369084,CNSL,Consulting
3692370024,IT,Information Technology
3692370024,FIN,Finance
3692370024,CNSL,Consulting
3696987546,PRJM,Project Management
3696987546,STRA,Strategy
3696987546,OTHR,Other
3696987686,MGMT,Management
3696987686,MNFC,Manufacturing
3696987698,MGMT,Management
3696987698,MNFC,Manufacturing
3696987775,SALE,Sales
3696987775,BD,Business Development
3696987938,SALE,Sales
3696987938,BD,Business Development
3696988111,OTHR,Other
3696988111,IT,Information Technology
3696988111,ENG,Engineering
3696988374,MGMT,Management
3696988374,MNFC,Manufacturing
3696988456,SALE,Sales
3696988456,BD,Business Development
3696988990,ENG,Engineering
3696988990,DSGN,Design
3696988990,OTHR,Other
3696989463,SALE,Sales
3696989463,BD,Business Development
3696989494,MGMT,Management
3696989494,MNFC,Manufacturing
3696989579,SALE,Sales
3696989579,BD,Business Development
3696990096,PRJM,Project Management
3696990096,STRA,Strategy
3696990096,OTHR,Other
3696990234,MGMT,Management
3696990234,MNFC,Manufacturing
3696990251,MGMT,Management
3696990251,MNFC,Manufacturing
3696990252,MGMT,Management
3696990252,MNFC,Manufacturing
3696990450,SALE,Sales
3696990450,BD,Business Development
3696990838,SALE,Sales
3696990838,BD,Business Development
3696990961,RSCH,Research
3696990961,ANLS,Analytics
3696990961,IT,Information Technology
3696990991,SALE,Sales
3696990991,BD,Business Development
3696990992,SALE,Sales
3696990992,BD,Business Development
3696990993,SALE,Sales
3696990993,BD,Business Development
3696991158,RSCH,Research
3696991158,ANLS,Analytics
3696991158,IT,Information Technology
3696992346,SALE,Sales
3696992346,BD,Business Development
3696992442,SALE,Sales
3696992442,BD,Business Development
3696992556,SALE,Sales
3696992556,BD,Business Development
3696993074,MGMT,Management
3696993074,MNFC,Manufacturing
3696993315,SALE,Sales
3696993315,BD,Business Development
3696993316,SALE,Sales
3696993316,BD,Business Development
3696993898,OTHR,Other
3696993899,OTHR,Other
3696994708,SALE,Sales
3696994708,BD,Business Development
3696994715,SALE,Sales
3696994715,BD,Business Development
3696994820,OTHR,Other
3696994822,SALE,Sales
3696994822,BD,Business Development
3696994827,MGMT,Management
3696994827,MNFC,Manufacturing
3696994828,MGMT,Management
3696994828,MNFC,Manufacturing
3696994861,SALE,Sales
3696994861,BD,Business Development
3696995298,SALE,Sales
3696995298,BD,Business Development
3696995419,OTHR,Other
3696995462,OTHR,Other
3696995466,SALE,Sales
3696995466,BD,Business Development
3696995467,OTHR,Other
3696995468,OTHR,Other
3696996123,OTHR,Other
3696997048,ENG,Engineering
3696997048,IT,Information Technology
3696997068,OTHR,Other
3696997069,SALE,Sales
3696997069,BD,Business Development
3696997071,SALE,Sales
3696997071,BD,Business Development
3696997739,ENG,Engineering
3696997739,IT,Information Technology
3696998251,RSCH,Research
3696998251,ANLS,Analytics
3696998251,IT,Information Technology
3697105339,ENG,Engineering
3697105530,OTHR,Other
3700191806,MRKT,Marketing
3700191806,PR,Public Relations
3700191806,WRT,Writing
3700194711,FIN,Finance
3700194711,SALE,Sales
3700199410,SALE,Sales
3700199410,MGMT,Management
3700326545,IT,Information Technology
3700345653,DSGN,Design
3700345653,ART,Arts
3700345653,IT,Information Technology
3700347882,CUST,Customer Service
3700347882,PRJM,Project Management
3700347882,MGMT,Management
3700348353,RSCH,Research
3700348353,ANLS,Analytics
3700348353,IT,Information Technology
3700359414,OTHR,Other
3700362103,IT,Information Technology
3700365105,MGMT,Management
3700365105,MNFC,Manufacturing
3700365455,ACCT,Accounting
3700365455,FIN,Finance
3700368597,ACCT,Accounting
3700368597,FIN,Finance
3700370547,DSGN,Design
3700370547,ART,Arts
3700370547,IT,Information Technology
3700375925,MGMT,Management
3700375925,MNFC,Manufacturing
3700377536,PRCH,Procurement
3700377536,SUPL,Supply Chain
3700381160,HCPR,Healthcare
3700382987,EDU,Education
3700382987,TRNG,Training
3700386191,MGMT,Management
3700386191,MNFC,Manufacturing
3700386731,MRKT,Marketing
3700386731,SALE,Sales
3700388143,ACCT,Accounting
3700388143,FIN,Finance
3700389632,LGL,Legal
3700389730,MGMT,Management
3700389730,MNFC,Manufacturing
3700391622,HR,Human Resources
3700394316,CNSL,Consulting
3700394316,IT,Information Technology
3700394316,SALE,Sales
3700398203,ACCT,Accounting
3700398203,FIN,Finance
3700504344,ACCT,Accounting
3700504344,FIN,Finance
3700533944,MGMT,Management
3700533944,MNFC,Manufacturing
3700534083,MGMT,Management
3700534083,MNFC,Manufacturing
3700535284,SALE,Sales
3700535284,BD,Business Development
3700535284,MRKT,Marketing
3700535499,MGMT,Management
3700535499,MNFC,Manufacturing
3700536480,SALE,Sales
3700536480,ADM,Administration
3700536480,CUST,Customer Service
3700540954,HCPR,Healthcare
3700541620,OTHR,Other
3700541621,OTHR,Other
3700541842,OTHR,Other
3700542410,GENB,General Business
3700542410,ACCT,Accounting
3700542483,OTHR,Other
3700542544,OTHR,Other
3700542715,HCPR,Healthcare
3700542787,MGMT,Management
3700542787,MNFC,Manufacturing
3700542993,RSCH,Research
3700542993,ANLS,Analytics
3700542993,IT,Information Technology
3700543453,OTHR,Other
3700543455,OTHR,Other
3700543608,OTHR,Other
3700544402,OTHR,Other
3700544597,MGMT,Management
3700544597,MNFC,Manufacturing
3700544773,ACCT,Accounting
3700544773,FIN,Finance
3700545279,OTHR,Other
3700545425,SALE,Sales
3700545425,CUST,Customer Service
3700545538,OTHR,Other
3700545776,SALE,Sales
3700545776,BD,Business Development
3700545783,MRKT,Marketing
3700545783,SALE,Sales
3700545792,SALE,Sales
3700545792,BD,Business Development
3700545887,MGMT,Management
3700545887,MNFC,Manufacturing
3700545891,LGL,Legal
3700545895,MGMT,Management
3700545895,MNFC,Manufacturing
3700545914,HCPR,Healthcare
3700545915,HCPR,Healthcare
3700545931,HCPR,Healthcare
3700545942,HCPR,Healthcare
3700545981,HCPR,Healthcare
3700546087,OTHR,Other
3700546537,MGMT,Management
3700546537,MNFC,Manufacturing
3700546660,HCPR,Healthcare
3700546700,HCPR,Healthcare
3700546703,FIN,Finance
3700546703,SALE,Sales
3700546912,SALE,Sales
3700546912,BD,Business Development
3700547086,OTHR,Other
3700547091,OTHR,Other
3700547703,ADM,Administration
3700547704,ENG,Engineering
3700547704,IT,Information Technology
3700547716,HCPR,Healthcare
3700547722,HCPR,Healthcare
3700547732,HCPR,Healthcare
3700547955,ENG,Engineering
3700547955,IT,Information Technology
3700547963,ENG,Engineering
3700547963,IT,Information Technology
3700547967,ENG,Engineering
3700548301,MGMT,Management
3700548301,MNFC,Manufacturing
3700548312,PRDM,Product Management
3700548312,MRKT,Marketing
3700548314,OTHR,Other
3700548315,OTHR,Other
3700548350,MGMT,Management
3700548350,MNFC,Manufacturing
3700548351,HCPR,Healthcare
3700548387,HCPR,Healthcare
3700548550,SALE,Sales
3700548550,BD,Business Development
3700548756,ACCT,Accounting
3700548756,FIN,Finance
3700549188,HCPR,Healthcare
3700549194,HCPR,Healthcare
3700549196,HCPR,Healthcare
3700549213,HCPR,Healthcare
3700549219,HCPR,Healthcare
3700549253,HCPR,Healthcare
3700549264,HCPR,Healthcare
3700549399,MGMT,Management
3700549399,MNFC,Manufacturing
3700549411,IT,Information Technology
3700549414,MGMT,Management
3700549414,MNFC,Manufacturing
3700549415,ENG,Engineering
3700549415,IT,Information Technology
3700549419,IT,Information Technology
3700549581,MGMT,Management
3700549581,MNFC,Manufacturing
3700549583,OTHR,Other
3700549640,MGMT,Management
3700549640,MNFC,Manufacturing
3700549696,PRJM,Project Management
3700549696,IT,Information Technology
3700549721,SALE,Sales
3700549721,BD,Business Development
3700550019,OTHR,Other
3700550084,HCPR,Healthcare
3700550106,HCPR,Healthcare
3700550107,HCPR,Healthcare
3700550116,HCPR,Healthcare
3700550295,MGMT,Management
3700550295,MNFC,Manufacturing
3700550306,SALE,Sales
3700550306,BD,Business Development
3700550324,MGMT,Management
3700550324,MNFC,Manufacturing
3700550327,SALE,Sales
3700550327,BD,Business Development
3700550329,FIN,Finance
3700550329,SALE,Sales
3700550924,SALE,Sales
3700550924,BD,Business Development
3700550930,IT,Information Technology
3700551067,HCPR,Healthcare
3700551068,HCPR,Healthcare
3700551078,HCPR,Healthcare
3700551092,HCPR,Healthcare
3700551241,PRJM,Project Management
3700551241,IT,Information Technology
3700551314,IT,Information Technology
3700551319,SALE,Sales
3700551319,BD,Business Development
3700551320,SALE,Sales
3700551320,BD,Business Development
3700551805,ENG,Engineering
3700551805,IT,Information Technology
3700551840,MGMT,Management
3700551840,MNFC,Manufacturing
3700551891,SALE,Sales
3700551891,BD,Business Development
3700551940,SALE,Sales
3700551940,BD,Business Development
3700551946,MGMT,Management
3700551946,MNFC,Manufacturing
3700552042,HCPR,Healthcare
3700552043,HCPR,Healthcare
3700552073,ENG,Engineering
3700552264,SALE,Sales
3700552264,BD,Business Development
3700552276,ENG,Engineering
3700552276,IT,Information Technology
3700552592,SALE,Sales
3700552592,BD,Business Development
3700552599,IT,Information Technology
3700552890,SALE,Sales
3700552890,BD,Business Development
3700552990,ENG,Engineering
3700552990,IT,Information Technology
3700553126,IT,Information Technology
3700553136,FIN,Finance
3700553136,SALE,Sales
3700553153,ENG,Engineering
3700553155,ENG,Engineering
3700553155,IT,Information Technology
3700553388,MGMT,Management
3700553388,MNFC,Manufacturing
3700553462,HCPR,Healthcare
3700553769,RSCH,Research
3700553769,ANLS,Analytics
3700553769,IT,Information Technology
3700553790,MGMT,Management
3700553790,MNFC,Manufacturing
3700553847,SALE,Sales
3700553874,SALE,Sales
3700553886,OTHR,Other
3700554332,SALE,Sales
3700554332,BD,Business Development
3700554333,SALE,Sales
3700554333,BD,Business Development
3700554546,RSCH,Research
3700554546,ANLS,Analytics
3700554546,IT,Information Technology
3700554569,MGMT,Management
3700554569,MNFC,Manufacturing
3700554570,MGMT,Management
3700554570,MNFC,Manufacturing
3700554594,ENG,Engineering
3700554594,IT,Information Technology
3700554617,SALE,Sales
3700554640,ENG,Engineering
3700554640,IT,Information Technology
3700555134,MGMT,Management
3700555134,MNFC,Manufacturing
3700555149,ACCT,Accounting
3700555149,FIN,Finance
3700555206,IT,Information Technology
3700555490,SALE,Sales
3700555490,BD,Business Development
3700555493,SALE,Sales
3700555493,BD,Business Development
3700555525,ENG,Engineering
3700555525,IT,Information Technology
3700555600,SALE,Sales
3700555649,ENG,Engineering
3700555649,IT,Information Technology
3700555673,SALE,Sales
3700555673,BD,Business Development
3700556102,RSCH,Research
3700556102,ANLS,Analytics
3700556102,IT,Information Technology
3700556134,RSCH,Research
3700556134,ANLS,Analytics
3700556134,IT,Information Technology
3700556185,SALE,Sales
3700556195,SALE,Sales
3700557016,SALE,Sales
3700557016,BD,Business Development
3700557041,SALE,Sales
3700557041,BD,Business Development
3700557071,SALE,Sales
3700558029,ENG,Engineering
3700558029,IT,Information Technology
3700559014,OTHR,Other
3700560001,HCPR,Healthcare
85008768,SALE,Sales
85008768,BD,Business Development
133196985,ACCT,Accounting
133196985,FIN,Finance
903408693,ADM,Administration
967848246,EDU,Education
967848246,TRNG,Training
1004740969,ENG,Engineering
1004740969,IT,Information Technology
1029078768,HCPR,Healthcare
1418582485,SALE,Sales
1418582485,MGMT,Management
1483357774,MRKT,Marketing
1483357774,PR,Public Relations
1483357774,WRT,Writing
1535492735,ADM,Administration
2282679989,EDU,Education
2282679989,TRNG,Training
2634247615,BD,Business Development
2634247615,SALE,Sales
2730408164,OTHR,Other
2764358929,DSGN,Design
2764358929,ART,Arts
2764358929,IT,Information Technology
3047547711,LGL,Legal
3108036575,MGMT,Management
3108036575,MNFC,Manufacturing
3243289926,OTHR,Other
3268185281,IT,Information Technology
3313349770,MRKT,Marketing
3313349770,SALE,Sales
3326588170,ACCT,Accounting
3326588170,FIN,Finance
3373346816,CUST,Customer Service
3373346816,SALE,Sales
3373346816,OTHR,Other
3395626440,HCPR,Healthcare
3396803783,SALE,Sales
3396803783,BD,Business Development
3422104915,HCPR,Healthcare
3442372601,SALE,Sales
3442372601,BD,Business Development
3487275706,SALE,Sales
3487275706,BD,Business Development
3497543368,ENG,Engineering
3497543368,IT,Information Technology
3529464114,MGMT,Management
3529464114,MNFC,Manufacturing
3532827942,MGMT,Management
3532827942,MNFC,Manufacturing
3538940637,MGMT,Management
3538940637,MNFC,Manufacturing
3564601168,SALE,Sales
3564601168,BD,Business Development
3568598527,ENG,Engineering
3568598527,IT,Information Technology
3580193834,SALE,Sales
3580193834,BD,Business Development
3584068782,MGMT,Management
3584068782,ADM,Administration
3584068782,LGL,Legal
3586162459,ENG,Engineering
3586162459,IT,Information Technology
3587706348,PRJM,Project Management
3587706348,IT,Information Technology
3587919328,BD,Business Development
3587919328,SALE,Sales
3596450056,ENG,Engineering
3601203087,ADM,Administration
3601423875,MGMT,Management
3601423875,MNFC,Manufacturing
3603640939,DSGN,Design
3603640939,ART,Arts
3603640939,IT,Information Technology
3606156203,MGMT,Management
3606156203,MNFC,Manufacturing
3623811800,SALE,Sales
3623811800,BD,Business Development
3637608593,SALE,Sales
3637608593,BD,Business Development
3638837564,OTHR,Other
3643209562,MGMT,Management
3643209562,MNFC,Manufacturing
3643371518,DSGN,Design
3643371518,ART,Arts
3643371518,IT,Information Technology
3644109811,MGMT,Management
3644109811,MNFC,Manufacturing
3655655364,BD,Business Development
3655655364,SALE,Sales
3666945557,HCPR,Healthcare
3668771880,SALE,Sales
3668771880,BD,Business Development
3669525119,IT,Information Technology
3669562617,PRJM,Project Management
3669562617,IT,Information Technology
3673294109,QA,Quality Assurance
3674000415,ACCT,Accounting
3674000415,FIN,Finance
3675787336,PRDM,Product Management
3675787336,MRKT,Marketing
3677721266,OTHR,Other
3678500518,OTHR,Other
3680164564,CNSL,Consulting
3680164564,STRA,Strategy
3680164564,FIN,Finance
3680177756,SALE,Sales
3680177756,BD,Business Development
3681440546,SALE,Sales
3681440546,BD,Business Development
3682818140,IT,Information Technology
3682818140,FIN,Finance
3682818140,ANLS,Analytics
3684010877,ADM,Administration
3684441939,ACCT,Accounting
3684448047,SALE,Sales
3684448047,BD,Business Development
3684455234,ADM,Administration
3684464103,DSGN,Design
3684464103,ART,Arts
3684464103,IT,Information Technology
3685418185,ENG,Engineering
3685418185,DSGN,Design
3689394048,ENG,Engineering
3689701585,MRKT,Marketing
3689701585,PR,Public Relations
3689701585,WRT,Writing
3692363916,ADM,Administration
3692363916,LGL,Legal
3692363916,PR,Public Relations
3692363921,MRKT,Marketing
3692363921,SALE,Sales
3692364583,DSGN,Design
3692364583,ART,Arts
3692364583,IT,Information Technology
3693028967,IT,Information Technology
3693031616,ACCT,Accounting
3693031616,FIN,Finance
3693032353,LGL,Legal
3693034684,IT,Information Technology
3693034691,SALE,Sales
3693034691,CUST,Customer Service
3693034691,BD,Business Development
3693034850,ENG,Engineering
3693034850,IT,Information Technology
3693035554,LGL,Legal
3693036941,HCPR,Healthcare
3693037054,ENG,Engineering
3693037054,IT,Information Technology
3693037942,EDU,Education
3693037942,TRNG,Training
3693038067,QA,Quality Assurance
3693038433,IT,Information Technology
3693038606,SALE,Sales
3693038606,BD,Business Development
3693038731,IT,Information Technology
3693038960,MGMT,Management
3693038960,MNFC,Manufacturing
3693038962,RSCH,Research
3693038962,ANLS,Analytics
3693038962,IT,Information Technology
3693038976,SALE,Sales
3693038976,BD,Business Development
3693038998,FIN,Finance
3693039588,OTHR,Other
3693039592,FIN,Finance
3693039592,OTHR,Other
3693039821,MGMT,Management
3693039821,MNFC,Manufacturing
3693039908,MRKT,Marketing
3693039908,SALE,Sales
3693039928,MGMT,Management
3693039928,MNFC,Manufacturing
3693039968,MGMT,Management
3693039968,MNFC,Manufacturing
3693039983,MRKT,Marketing
3693039983,SALE,Sales
3693040696,HCPR,Healthcare
3693040776,CNSL,Consulting
3693040776,IT,Information Technology
3693040776,SALE,Sales
3693040865,ENG,Engineering
3693040865,IT,Information Technology
3693040868,IT,Information Technology
3693040873,MGMT,Management
3693040873,MNFC,Manufacturing
3693040913,OTHR,Other
3693040951,IT,Information Technology
3693040988,HCPR,Healthcare
3693040996,HCPR,Healthcare
3693040997,MNFC,Manufacturing
3693040997,RSCH,Research
3693040997,ENG,Engineering
3693041274,IT,Information Technology
3693041361,MGMT,Management
3693041361,MNFC,Manufacturing
3693041555,MRKT,Marketing
3693041555,SALE,Sales
3693041637,IT,Information Technology
3693041720,OTHR,Other
3693041721,MGMT,Management
3693041721,MNFC,Manufacturing
3693041722,MRKT,Marketing
3693041722,PR,Public Relations
3693041722,WRT,Writing
3693041811,SALE,Sales
3693041811,BD,Business Development
3693041818,ENG,Engineering
3693041818,IT,Information Technology
3693041825,ENG,Engineering
3693041825,DSGN,Design
3693041825,MGMT,Management
3693041833,FIN,Finance
3693041833,MGMT,Management
3693041833,PRJM,Project Management
3693041864,MGMT,Management
3693041864,MNFC,Manufacturing
3693041884,MRKT,Marketing
3693041884,SALE,Sales
3693041891,HCPR,Healthcare
3693041892,FIN,Finance
3693041892,SALE,Sales
3693041894,ACCT,Accounting
3693041894,FIN,Finance
3693041907,ART,Arts
3693041907,IT,Information Technology
3693041907,DSGN,Design
3693041908,LGL,Legal
3693041909,IT,Information Technology
3693041909,BD,Business Development
3693041909,QA,Quality Assurance
3693041910,IT,Information Technology
3693041916,OTHR,Other
3693041917,ACCT,Accounting
3693041917,FIN,Finance
3693041918,SALE,Sales
3693041918,BD,Business Development
3693041922,HCPR,Healthcare
3693041925,MRKT,Marketing
3693041925,ADVR,Advertising
3693041925,ANLS,Analytics
3693041926,OTHR,Other
3693041929,BD,Business Development
3693041929,SALE,Sales
3693041930,ENG,Engineering
3693041930,IT,Information Technology
3693041933,IT,Information Technology
3693041934,ENG,Engineering
3693041934,IT,Information Technology
3693041937,MRKT,Marketing
3693041937,PR,Public Relations
3693041937,WRT,Writing
3693041945,QA,Quality Assurance
3693041949,IT,Information Technology
3693041955,DSGN,Design
3693041955,ART,Arts
3693041956,SALE,Sales
3693041956,BD,Business Development
3693041960,IT,Information Technology
3693041970,ANLS,Analytics
3693041970,ADM,Administration
3693041982,RSCH,Research
3693041982,ADM,Administration
3693041982,OTHR,Other
3693041983,CUST,Customer Service
3693041989,MGMT,Management
3693041989,MNFC,Manufacturing
3693041990,FIN,Finance
3693041990,SALE,Sales
3693041994,ADM,Administration
3693041997,LGL,Legal
3693041997,FIN,Finance
3693041997,ACCT,Accounting
3693042696,ACCT,Accounting
3693042696,FIN,Finance
3693042760,HR,Human Resources
3693042761,MGMT,Management
3693042761,MNFC,Manufacturing
3693042772,OTHR,Other
3693042844,FIN,Finance
3693042844,SALE,Sales
3693042878,ENG,Engineering
3693042878,IT,Information Technology
3693042885,MGMT,Management
3693042885,MNFC,Manufacturing
3693042889,OTHR,Other
3693042908,HCPR,Healthcare
3693042908,MGMT,Management
3693042908,ADM,Administration
3693042911,ADM,Administration
3693042936,PRJM,Project Management
3693042936,ENG,Engineering
3693042936,GENB,General Business
3693042937,ADM,Administration
3693042938,LGL,Legal
3693042942,MGMT,Management
3693042945,LGL,Legal
3693042949,ACCT,Accounting
3693042949,FIN,Finance
3693042951,CNSL,Consulting
3693042951,IT,Information Technology
3693042951,ENG,Engineering
3693042954,FIN,Finance
3693042960,ADM,Administration
3693042962,PRJM,Project Management
3693042962,IT,Information Technology
3693042964,BD,Business Development
3693042964,SALE,Sales
3693042971,SALE,Sales
3693042971,BD,Business Development
3693042971,CNSL,Consulting
3693042974,PRJM,Project Management
3693042974,STRA,Strategy
3693042974,MGMT,Management
3693042975,ACCT,Accounting
3693042977,MGMT,Management
3693042981,BD,Business Development
3693042981,SALE,Sales
3693042983,ACCT,Accounting
3693042983,FIN,Finance
3693042984,PRJM,Project Management
3693042984,IT,Information Technology
3693042988,IT,Information Technology
3693043308,PRJM,Project Management
3693043308,IT,Information Technology
3693043359,ADM,Administration
3693043469,HR,Human Resources
3693043608,ACCT,Accounting
3693043608,FIN,Finance
3693043623,ENG,Engineering
3693043623,SUPL,Supply Chain
3693043623,HR,Human Resources
3693043626,OTHR,Other
3693043649,MGMT,Management
3693043649,MNFC,Manufacturing
3693043650,FIN,Finance
3693043650,SALE,Sales
3693043650,CUST,Customer Service
3693043652,HCPR,Healthcare
3693043655,PRCH,Procurement
3693043655,DSGN,Design
3693043655,STRA,Strategy
3693043658,MGMT,Management
3693043658,MNFC,Manufacturing
3693043664,IT,Information Technology
3693043667,CUST,Customer Service
3693043667,FIN,Finance
3693043667,MGMT,Management
3693043669,DSGN,Design
3693043669,ART,Arts
3693043669,IT,Information Technology
3693043675,ENG,Engineering
3693043675,IT,Information Technology
3693043676,ENG,Engineering
3693043676,IT,Information Technology
3693043682,OTHR,Other
3693043685,SUPL,Supply Chain
3693043687,OTHR,Other
3693043688,DIST,Distribution
3693043688,PRDM,Product Management
3693043688,SUPL,Supply Chain
3693043689,IT,Information Technology
3693043690,HR,Human Resources
3693043692,EDU,Education
3693043695,MRKT,Marketing
3693043695,SALE,Sales
3693043696,ENG,Engineering
3693043696,IT,Information Technology
3693043697,SALE,Sales
3693043697,BD,Business Development
3693043698,SALE,Sales
3693043698,IT,Information Technology
3693043699,SALE,Sales
3693043699,BD,Business Development
3693043700,MGMT,Management
3693043700,IT,Information Technology
3693043702,IT,Information Technology
3693043705,SALE,Sales
3693043705,BD,Business Development
3693043717,IT,Information Technology
3693043719,HR,Human Resources
3693043721,IT,Information Technology
3693043722,SALE,Sales
3693043722,BD,Business Development
3693043723,SALE,Sales
3693043725,MGMT,Management
3693043725,MNFC,Manufacturing
3693043727,MRKT,Marketing
3693043727,PRDM,Product Management
3693043727,STRA,Strategy
3693043729,QA,Quality Assurance
3693043732,EDU,Education
3693043736,ACCT,Accounting
3693043740,IT,Information Technology
3693043740,FIN,Finance
3693043740,ENG,Engineering
3693043742,IT,Information Technology
3693043745,IT,Information Technology
3693043746,IT,Information Technology
3693043747,CUST,Customer Service
3693043747,OTHR,Other
3693043747,PROD,Product Management
3693043750,ENG,Engineering
3693043750,IT,Information Technology
3693043756,ACCT,Accounting
3693043756,FIN,Finance
3693043757,MRKT,Marketing
3693043757,SALE,Sales
3693043777,ADM,Administration
3693043777,CUST,Customer Service
3693043777,HR,Human Resources
3693043806,CUST,Customer Service
3693043812,DSGN,Design
3693043812,ART,Arts
3693043812,IT,Information Technology
3693043814,RSCH,Research
3693043814,ANLS,Analytics
3693043814,IT,Information Technology
3693043815,HR,Human Resources
3693043815,ADM,Administration
3693043836,HCPR,Healthcare
3693043839,IT,Information Technology
3693043840,BD,Business Development
3693043842,IT,Information Technology
3693043843,ENG,Engineering
3693043843,MNFC,Manufacturing
3693043845,BD,Business Development
3693043845,CUST,Customer Service
3693043845,STRA,Strategy
3693043847,IT,Information Technology
3693043848,IT,Information Technology
3693043848,ANLS,Analytics
3693043848,QA,Quality Assurance
3693043849,SALE,Sales
3693043849,BD,Business Development
3693043850,DSGN,Design
3693043850,ART,Arts
3693043850,IT,Information Technology
3693043851,IT,Information Technology
3693043852,ENG,Engineering
3693043852,MNFC,Manufacturing
3693043852,RSCH,Research
3693043855,MGMT,Management
3693043855,GENB,General Business
3693043855,ADM,Administration
3693043859,QA,Quality Assurance
3693043860,MGMT,Management
3693043860,MNFC,Manufacturing
3693043870,ENG,Engineering
3693043870,IT,Information Technology
3693043871,BD,Business Development
3693043871,SALE,Sales
3693043876,HCPR,Healthcare
3693043876,IT,Information Technology
3693043876,ENG,Engineering
3693043878,IT,Information Technology
3693043881,CNSL,Consulting
3693043881,ENG,Engineering
3693043881,IT,Information Technology
3693043883,CNSL,Consulting
3693043883,ENG,Engineering
3693043883,IT,Information Technology
3693043884,MGMT,Management
3693043884,SALE,Sales
3693043884,MRKT,Marketing
3693043889,MGMT,Management
3693043889,MNFC,Manufacturing
3693043890,QA,Quality Assurance
3693043890,ENG,Engineering
3693043892,IT,Information Technology
3693043892,CUST,Customer Service
3693043902,IT,Information Technology
3693043905,ACCT,Accounting
3693043908,ENG,Engineering
3693043908,IT,Information Technology
3693043911,MGMT,Management
3693043911,MNFC,Manufacturing
3693043913,HR,Human Resources
3693043914,MRKT,Marketing
3693043914,PR,Public Relations
3693043914,WRT,Writing
3693043918,IT,Information Technology
3693043925,RSCH,Research
3693043925,ANLS,Analytics
3693043925,IT,Information Technology
3693043932,ENG,Engineering
3693043932,IT,Information Technology
3693043933,ENG,Engineering
3693043933,IT,Information Technology
3693043934,IT,Information Technology
3693043936,CUST,Customer Service
3693043936,ADM,Administration
3693043936,BD,Business Development
3693043945,ACCT,Accounting
3693043949,MRKT,Marketing
3693043949,SALE,Sales
3693043951,IT,Information Technology
3693043956,ENG,Engineering
3693043956,PRDM,Product Management
3693043956,MRKT,Marketing
3693043958,GENB,General Business
3693043958,BD,Business Development
3693043958,SALE,Sales
3693043959,LGL,Legal
3693043959,SALE,Sales
3693043959,HCPR,Healthcare
3693043961,IT,Information Technology
3693043964,ENG,Engineering
3693043964,IT,Information Technology
3693043967,HCPR,Healthcare
3693043969,RSCH,Research
3693043969,ANLS,Analytics
3693043970,ACCT,Accounting
3693043970,FIN,Finance
3693043975,FIN,Finance
3693043975,SALE,Sales
3693043976,IT,Information Technology
3693043976,QA,Quality Assurance
3693043979,ENG,Engineering
3693043979,IT,Information Technology
3693043980,MGMT,Management
3693043980,MNFC,Manufacturing
3693044240,HR,Human Resources
3693044248,SALE,Sales
3693044248,BD,Business Development
3693044250,ENG,Engineering
3693044250,IT,Information Technology
3693044267,IT,Information Technology
3693044267,CNSL,Consulting
3693044269,PRDM,Product Management
3693044271,CUST,Customer Service
3693044273,LGL,Legal
3693044277,GENB,General Business
3693044277,ADM,Administration
3693044281,LGL,Legal
3693044281,GENB,General Business
3693044281,ACCT,Accounting
3693044295,IT,Information Technology
3693044297,ENG,Engineering
3693044297,IT,Information Technology
3693044299,IT,Information Technology
3693044300,ENG,Engineering
3693044307,ACCT,Accounting
3693044307,FIN,Finance
3693044309,BD,Business Development
3693044309,SALE,Sales
3693044310,IT,Information Technology
3693044310,ENG,Engineering
3693044312,MGMT,Management
3693044313,HCPR,Healthcare
3693044317,ENG,Engineering
3693044317,IT,Information Technology
3693044318,ENG,Engineering
3693044318,IT,Information Technology
3693044321,HCPR,Healthcare
3693044322,ACCT,Accounting
3693044322,FIN,Finance
3693044324,ENG,Engineering
3693044324,IT,Information Technology
3693044326,FIN,Finance
3693044326,SALE,Sales
3693044327,LGL,Legal
3693044338,MGMT,Management
3693044338,MNFC,Manufacturing
3693044339,MRKT,Marketing
3693044339,SALE,Sales
3693044340,IT,Information Technology
3693044344,IT,Information Technology
3693044347,IT,Information Technology
3693044348,ADM,Administration
3693044349,LGL,Legal
3693044351,BD,Business Development
3693044351,SALE,Sales
3693044359,ENG,Engineering
3693044359,IT,Information Technology
3693044361,SALE,Sales
3693044361,BD,Business Development
3693044363,ADM,Administration
3693044363,BD,Business Development
3693044363,PRJM,Project Management
3693044369,FIN,Finance
3693044369,SALE,Sales
3693044376,RSCH,Research
3693044376,ANLS,Analytics
3693044376,IT,Information Technology
3693044380,ANLS,Analytics
3693044380,STRA,Strategy
3693044405,IT,Information Technology
3693044419,IT,Information Technology
3693044420,DSGN,Design
3693044422,SALE,Sales
3693044422,BD,Business Development
3693044436,HCPR,Healthcare
3693044437,SCI,Science
3693044439,QA,Quality Assurance
3693044442,MRKT,Marketing
3693044442,PR,Public Relations
3693044442,WRT,Writing
3693044448,RSCH,Research
3693044448,ANLS,Analytics
3693044448,IT,Information Technology
3693044453,ENG,Engineering
3693044453,IT,Information Technology
3693044456,ACCT,Accounting
3693044457,MGMT,Management
3693044457,PRJM,Project Management
3693044461,MGMT,Management
3693044461,MNFC,Manufacturing
3693044463,LGL,Legal
3693044471,IT,Information Technology
3693044473,IT,Information Technology
3693044473,CUST,Customer Service
3693044477,SALE,Sales
3693044477,BD,Business Development
3693044478,MGMT,Management
3693044478,MNFC,Manufacturing
3693044479,OTHR,Other
3693044480,ART,Arts
3693044480,DSGN,Design
3693044480,PROD,Product Management
3693044481,MGMT,Management
3693044481,ACCT,Accounting
3693044481,HR,Human Resources
3693044482,HCPR,Healthcare
3693044482,OTHR,Other
3693044482,IT,Information Technology
3693044487,MGMT,Management
3693044487,MNFC,Manufacturing
3693044488,HCPR,Healthcare
3693044489,ENG,Engineering
3693044489,IT,Information Technology
3693044491,MNFC,Manufacturing
3693044491,ENG,Engineering
3693044497,BD,Business Development
3693044497,SALE,Sales
3693044499,ACCT,Accounting
3693044503,ADM,Administration
3693044508,ENG,Engineering
3693044508,IT,Information Technology
3693044517,ACCT,Accounting
3693044528,ACCT,Accounting
3693044529,ENG,Engineering
3693044529,IT,Information Technology
3693044530,HR,Human Resources
3693044532,MGMT,Management
3693044532,MNFC,Manufacturing
3693044535,MGMT,Management
3693044540,EDU,Education
3693044540,TRNG,Training
3693044544,MGMT,Management
3693044544,MNFC,Manufacturing
3693044545,ADM,Administration
3693044547,FIN,Finance
3693044547,ANLS,Analytics
3693044547,PRJM,Project Management
3693044549,OTHR,Other
3693044551,MGMT,Management
3693044556,FIN,Finance
3693044556,SALE,Sales
3693044556,ACCT,Accounting
3693044557,IT,Information Technology
3693044565,OTHR,Other
3693044565,MGMT,Management
3693044568,FIN,Finance
3693044568,SALE,Sales
3693044572,IT,Information Technology
3693044572,OTHR,Other
3693044575,STRA,Strategy
3693044575,PRJM,Project Management
3693044575,WRT,Writing
3693044578,LGL,Legal
3693044578,WRT,Writing
3693044608,CNSL,Consulting
3693044608,IT,Information Technology
3693044608,ENG,Engineering
3693044634,CNSL,Consulting
3693044635,MGMT,Management
3693044635,MNFC,Manufacturing
3693044636,SALE,Sales
3693044636,BD,Business Development
3693044644,SALE,Sales
3693044644,BD,Business Development
3693044647,ART,Arts
3693044647,MRKT,Marketing
3693044647,ADVR,Advertising
3693044649,HR,Human Resources
3693044650,ENG,Engineering
3693044650,IT,Information Technology
3693044650,FIN,Finance
3693044652,ENG,Engineering
3693044652,IT,Information Technology
3693044658,IT,Information Technology
3693044662,SALE,Sales
3693044662,BD,Business Development
3693044669,MRKT,Marketing
3693044669,PRJM,Project Management
3693044673,ART,Arts
3693044677,HCPR,Healthcare
3693044685,ADM,Administration
3693044685,MGMT,Management
3693044699,HCPR,Healthcare
3693044705,ACCT,Accounting
3693044705,FIN,Finance
3693044709,SALE,Sales
3693044709,BD,Business Development
3693044714,MRKT,Marketing
3693044714,SALE,Sales
3693044725,BD,Business Development
3693044725,SALE,Sales
3693044727,MRKT,Marketing
3693044727,PR,Public Relations
3693044727,WRT,Writing
3693044738,ACCT,Accounting
3693044739,ART,Arts
3693044739,DSGN,Design
3693044740,ENG,Engineering
3693044740,IT,Information Technology
3693044741,HR,Human Resources
3693044744,SALE,Sales
3693044744,BD,Business Development
3693044748,ANLS,Analytics
3693044748,ACCT,Accounting
3693044748,OTHR,Other
3693044760,IT,Information Technology
3693044762,ANLS,Analytics
3693044762,ADM,Administration
3693044762,PRDM,Product Management
3693044765,RSCH,Research
3693044765,ANLS,Analytics
3693044768,OTHR,Other
3693044773,ENG,Engineering
3693044773,IT,Information Technology
3693044800,DSGN,Design
3693044800,ART,Arts
3693044800,IT,Information Technology
3693044803,IT,Information Technology
3693044806,ADM,Administration
3693044806,RSCH,Research
3693044806,PRJM,Project Management
3693044807,DSGN,Design
3693044807,ART,Arts
3693044807,IT,Information Technology
3693044808,ENG,Engineering
3693044808,IT,Information Technology
3693044809,FIN,Finance
3693044809,ACCT,Accounting
3693044813,IT,Information Technology
3693044816,ENG,Engineering
3693044816,IT,Information Technology
3693044819,IT,Information Technology
3693044827,LGL,Legal
3693044827,CNSL,Consulting
3693044827,STRA,Strategy
3693044828,ENG,Engineering
3693044828,IT,Information Technology
3693044837,IT,Information Technology
3693044845,PRJM,Project Management
3693044845,IT,Information Technology
3693044861,MRKT,Marketing
3693044861,ART,Arts
3693044861,DSGN,Design
3693044865,IT,Information Technology
3693044865,PRDM,Product Management
3693044865,BD,Business Development
3693044866,LGL,Legal
3693044873,IT,Information Technology
3693044878,RSCH,Research
3693044878,ANLS,Analytics
3693044878,IT,Information Technology
3693044886,MGMT,Management
3693044886,MNFC,Manufacturing
3693044888,IT,Information Technology
3693044890,OTHR,Other
3693044891,MGMT,Management
3693044891,MNFC,Manufacturing
3693044911,IT,Information Technology
3693044912,ENG,Engineering
3693044912,IT,Information Technology
3693044914,ENG,Engineering
3693044914,SALE,Sales
3693044914,PRJM,Project Management
3693044915,HCPR,Healthcare
3693044917,FIN,Finance
3693044917,CUST,Customer Service
3693044919,ENG,Engineering
3693044919,MGMT,Management
3693044919,MNFC,Manufacturing
3693044920,ENG,Engineering
3693044920,IT,Information Technology
3693044924,OTHR,Other
3693044925,HCPR,Healthcare
3693044929,ENG,Engineering
3693044929,IT,Information Technology
3693044931,MGMT,Management
3693044931,MNFC,Manufacturing
3693044949,OTHR,Other
3693044955,MGMT,Management
3693044955,GENB,General Business
3693044955,HR,Human Resources
3693044962,BD,Business Development
3693044962,MGMT,Management
3693044962,SALE,Sales
3693044964,IT,Information Technology
3693044884,HCPR,Healthcare
3693044968,PRJM,Project Management
3693044968,STRA,Strategy
3693044969,MGMT,Management
3693044969,MNFC,Manufacturing
3693044975,CNSL,Consulting
3693044975,IT,Information Technology
3693044975,SALE,Sales
3693044982,MGMT,Management
3693044984,FIN,Finance
3693044985,ENG,Engineering
3693044985,IT,Information Technology
3693044986,ENG,Engineering
3693044990,SALE,Sales
3693044990,BD,Business Development
3693044990,MGMT,Management
3693044996,MGMT,Management
3693044996,MNFC,Manufacturing
3693044997,MGMT,Management
3693044997,MNFC,Manufacturing
3693044999,FIN,Finance
3693044999,SALE,Sales
3693045025,EDU,Education
3693045025,TRNG,Training
3693045062,MGMT,Management
3693045062,MNFC,Manufacturing
3693045160,OTHR,Other
3693045172,ENG,Engineering
3693045172,IT,Information Technology
3693045179,ENG,Engineering
3693045179,MGMT,Management
3693045185,IT,Information Technology
3693045190,ACCT,Accounting
3693045190,FIN,Finance
3693045191,MGMT,Management
3693045191,MNFC,Manufacturing
3693045195,EDU,Education
3693045195,TRNG,Training
3693045212,ENG,Engineering
3693045212,IT,Information Technology
3693045215,MGMT,Management
3693045215,MNFC,Manufacturing
3693045216,IT,Information Technology
3693045216,ENG,Engineering
3693045220,HR,Human Resources
3693045222,HCPR,Healthcare
3693045226,LGL,Legal
3693045229,IT,Information Technology
3693045232,ACCT,Accounting
3693045232,FIN,Finance
3693045236,RSCH,Research
3693045236,ANLS,Analytics
3693045236,QA,Quality Assurance
3693045237,MGMT,Management
3693045237,MNFC,Manufacturing
3693045240,OTHR,Other
3693045241,IT,Information Technology
3693045241,ENG,Engineering
3693045242,ADM,Administration
3693045251,SALE,Sales
3693045251,BD,Business Development
3693045253,IT,Information Technology
3693045257,PRJM,Project Management
3693045257,OTHR,Other
3693045257,ENG,Engineering
3693045259,IT,Information Technology
3693045259,ENG,Engineering
3693045259,OTHR,Other
3693045260,HCPR,Healthcare
3693045260,IT,Information Technology
3693045264,IT,Information Technology
3693045269,HR,Human Resources
3693045269,MRKT,Marketing
3693045269,CUST,Customer Service
3693045275,ADM,Administration
3693045279,IT,Information Technology
1928027033,PRJM,Project Management
1928027033,IT,Information Technology
3099261661,SALE,Sales
3099261661,BD,Business Development
3557311439,SALE,Sales
3557311439,BD,Business Development
3640739067,HR,Human Resources
3653922092,OTHR,Other
3674585247,ACCT,Accounting
3674585247,FIN,Finance
3683918914,MGMT,Management
3683926341,FIN,Finance
3687024983,RSCH,Research
3687024983,ANLS,Analytics
3687024983,IT,Information Technology
3688980245,FIN,Finance
3689674972,MGMT,Management
3689687080,MGMT,Management
3693045282,BD,Business Development
3693045282,SALE,Sales
3693045283,RSCH,Research
3693045283,ANLS,Analytics
3693045283,IT,Information Technology
3693045284,PRJM,Project Management
3693045288,LGL,Legal
3693045289,MRKT,Marketing
3693045289,SALE,Sales
3693045291,MNFC,Manufacturing
3693045292,ENG,Engineering
3693045295,FIN,Finance
3693045296,HR,Human Resources
3693045304,PRJM,Project Management
3693045304,SUPL,Supply Chain
3693045304,MGMT,Management
3693045305,EDU,Education
3693045305,TRNG,Training
3693045306,MRKT,Marketing
3693045306,PR,Public Relations
3693045306,WRT,Writing
3693045307,OTHR,Other
3693045309,SALE,Sales
3693045309,MRKT,Marketing
3693045309,BD,Business Development
3693045318,MGMT,Management
3693045318,MNFC,Manufacturing
3693045365,IT,Information Technology
3693045370,ADM,Administration
3693045371,MNFC,Manufacturing
3693045371,HR,Human Resources
3693045375,MNFC,Manufacturing
3693045378,ENG,Engineering
3693045378,PRJM,Project Management
3693045379,ACCT,Accounting
3693045379,FIN,Finance
3693045381,QA,Quality Assurance
3693045381,SCI,Science
3693045381,LGL,Legal
3693045385,BD,Business Development
3693045385,SALE,Sales
3693045386,ANLS,Analytics
3693045386,OTHR,Other
3693045389,ENG,Engineering
3693045389,IT,Information Technology
3693045396,PRJM,Project Management
3693045396,IT,Information Technology
3693045397,IT,Information Technology
3693045402,SCI,Science
3693045405,QA,Quality Assurance
3693045406,ACCT,Accounting
3693045413,BD,Business Development
3693045413,SALE,Sales
3693045422,STRA,Strategy
3693045422,ANLS,Analytics
3693045422,IT,Information Technology
3693045426,MRKT,Marketing
3693045426,PR,Public Relations
3693045426,WRT,Writing
3693045428,FIN,Finance
3693045428,SALE,Sales
3693045432,MGMT,Management
3693045432,DIST,Distribution
3693045435,BD,Business Development
3693045435,MGMT,Management
3693045435,PRJM,Project Management
3693045448,DSGN,Design
3693045448,ART,Arts
3693045448,IT,Information Technology
3693045456,ENG,Engineering
3693045456,IT,Information Technology
3693045463,MGMT,Management
3693045463,MNFC,Manufacturing
3693045464,MGMT,Management
3693045464,PRJM,Project Management
3693045465,IT,Information Technology
3693045467,FIN,Finance
3693045467,SALE,Sales
3693045468,QA,Quality Assurance
3693045472,OTHR,Other
3693045476,MRKT,Marketing
3693045476,SALE,Sales
3693045476,WRT,Writing
3693045477,PRJM,Project Management
3693045477,DSGN,Design
3693045479,BD,Business Development
3693045479,SALE,Sales
3693045486,ENG,Engineering
3693045486,IT,Information Technology
3693045487,IT,Information Technology
3693045490,HCPR,Healthcare
3693045491,MRKT,Marketing
3693045491,SALE,Sales
3693045492,PRDM,Product Management
3693045492,MRKT,Marketing
3693045493,RSCH,Research
3693045493,ANLS,Analytics
3693045493,IT,Information Technology
3693045494,HCPR,Healthcare
3693045496,SALE,Sales
3693045496,MGMT,Management
3693045498,BD,Business Development
3693045500,CNSL,Consulting
3693045500,IT,Information Technology
3693045500,SALE,Sales
3693045501,ENG,Engineering
3693045501,PRJM,Project Management
3693045502,ADM,Administration
3693045504,ACCT,Accounting
3693045504,FIN,Finance
3693045505,SALE,Sales
3693045505,CUST,Customer Service
3693045505,MGMT,Management
3693045541,HCPR,Healthcare
3693045576,ENG,Engineering
3693045576,IT,Information Technology
3693045576,FIN,Finance
3693045586,SALE,Sales
3693045586,FIN,Finance
3693045586,BD,Business Development
3693045594,IT,Information Technology
3693045594,OTHR,Other
3693045598,MGMT,Management
3693045598,IT,Information Technology
3693045598,STRA,Strategy
3693045603,ENG,Engineering
3693045603,IT,Information Technology
3693045614,IT,Information Technology
3693045619,MRKT,Marketing
3693045619,ADVR,Advertising
3693045620,HCPR,Healthcare
3693045620,SCI,Science
3693045623,PRJM,Project Management
3693045623,IT,Information Technology
3693045629,ENG,Engineering
3693045629,IT,Information Technology
3693045630,IT,Information Technology
3693045631,HCPR,Healthcare
3693045644,ADM,Administration
3693045644,MGMT,Management
3693045657,ADM,Administration
3693045665,ENG,Engineering
3693045665,MGMT,Management
3693045665,MNFC,Manufacturing
3693045672,FIN,Finance
3693045672,SALE,Sales
3693045676,ENG,Engineering
3693045676,IT,Information Technology
3693045680,MRKT,Marketing
3693045680,SALE,Sales
3693045681,HR,Human Resources
3693045683,IT,Information Technology
3693045683,FIN,Finance
3693045683,CNSL,Consulting
3693045688,MGMT,Management
3693045688,MNFC,Manufacturing
3693045703,BD,Business Development
3693045703,SALE,Sales
3693045705,ENG,Engineering
3693045705,IT,Information Technology
3693045706,PRJM,Project Management
3693045710,IT,Information Technology
3693045711,HR,Human Resources
3693045711,MNFC,Manufacturing
3693045716,CUST,Customer Service
3693045720,ENG,Engineering
3693045720,IT,Information Technology
3693045721,ENG,Engineering
3693045721,IT,Information Technology
3693045742,HCPR,Healthcare
3693045745,DSGN,Design
3693045745,ART,Arts
3693045745,IT,Information Technology
3693045753,MGMT,Management
3693045753,MNFC,Manufacturing
3693045755,IT,Information Technology
3693045756,IT,Information Technology
3693045762,PRJM,Project Management
3693045762,CUST,Customer Service
3693045762,ENG,Engineering
3693045775,CUST,Customer Service
3693045777,ACCT,Accounting
3693045777,FIN,Finance
3693045781,IT,Information Technology
3693045784,DSGN,Design
3693045784,ART,Arts
3693045784,IT,Information Technology
3693045785,IT,Information Technology
3693045799,CUST,Customer Service
3693045800,IT,Information Technology
3693045804,LGL,Legal
3693045810,ADM,Administration
3693045810,CUST,Customer Service
3693045810,PRCH,Procurement
3693045814,PROD,Product Management
3693045819,OTHR,Other
3693045841,OTHR,Other
3693045845,ENG,Engineering
3693045845,IT,Information Technology
3693045847,ADM,Administration
3693045866,IT,Information Technology
3693045868,ENG,Engineering
3693045868,IT,Information Technology
3693045873,SALE,Sales
3693045873,MGMT,Management
3693045874,BD,Business Development
3693045874,SALE,Sales
3693045876,FIN,Finance
3693045890,IT,Information Technology
3693045892,ENG,Engineering
3693045892,IT,Information Technology
3693045892,DSGN,Design
3693045896,SALE,Sales
3693045896,BD,Business Development
3693045898,IT,Information Technology
3693045902,OTHR,Other
3693045903,IT,Information Technology
3693045904,SUPL,Supply Chain
3693045904,STRA,Strategy
3693045904,PRCH,Procurement
3693045914,IT,Information Technology
3693045918,ENG,Engineering
3693045918,IT,Information Technology
3693045921,ENG,Engineering
3693045921,IT,Information Technology
3693045933,HCPR,Healthcare
3693045940,DSGN,Design
3693045940,ART,Arts
3693045940,IT,Information Technology
3693045943,ADM,Administration
3693045946,EDU,Education
3693045946,TRNG,Training
3693045947,ENG,Engineering
3693045947,IT,Information Technology
3693045953,MGMT,Management
3693045953,MNFC,Manufacturing
3693045955,MNFC,Manufacturing
3693045957,OTHR,Other
3693045959,ENG,Engineering
3693045959,IT,Information Technology
3693045960,IT,Information Technology
3693045960,PRDM,Product Management
3693045963,ADM,Administration
3693045963,HR,Human Resources
3693045963,CUST,Customer Service
3693045971,SALE,Sales
3693045971,BD,Business Development
3693045974,HCPR,Healthcare
3693045977,MGMT,Management
3693045977,MNFC,Manufacturing
3693045978,CUST,Customer Service
3693045981,MRKT,Marketing
3693045981,PR,Public Relations
3693045981,WRT,Writing
3693045991,ACCT,Accounting
3693045997,MGMT,Management
3693045997,MNFC,Manufacturing
3693045998,ACCT,Accounting
3693045998,FIN,Finance
3693045999,MGMT,Management
3693045999,MNFC,Manufacturing
3693046040,PRDM,Product Management
3693046040,MRKT,Marketing
3693046070,FIN,Finance
3693046070,SALE,Sales
3693046077,IT,Information Technology
3693046079,ENG,Engineering
3693046079,IT,Information Technology
3693046080,ACCT,Accounting
3693046080,FIN,Finance
3693046080,ADM,Administration
3693046081,ENG,Engineering
3693046081,CUST,Customer Service
3693046082,ACCT,Accounting
3693046082,FIN,Finance
3693046086,IT,Information Technology
3693046103,RSCH,Research
3693046103,ANLS,Analytics
3693046103,IT,Information Technology
3693046104,MGMT,Management
3693046104,MNFC,Manufacturing
3693046106,FIN,Finance
3693046106,SALE,Sales
3693046109,MNFC,Manufacturing
3693046110,CUST,Customer Service
3693046111,MGMT,Management
3693046111,MNFC,Manufacturing
3693046112,HCPR,Healthcare
3693046116,MRKT,Marketing
3693046116,SALE,Sales
3693046118,MRKT,Marketing
3693046118,SALE,Sales
3693046119,RSCH,Research
3693046119,SCI,Science
3693046120,MGMT,Management
3693046120,MNFC,Manufacturing
3693046122,ENG,Engineering
3693046126,SALE,Sales
3693046126,MGMT,Management
3693046127,HCPR,Healthcare
3693046128,LGL,Legal
3693046131,IT,Information Technology
3693046131,PRDM,Product Management
3693046138,SALE,Sales
3693046138,BD,Business Development
3693046140,BD,Business Development
3693046140,SALE,Sales
3693046140,CUST,Customer Service
3693046142,ENG,Engineering
3693046142,IT,Information Technology
3693046144,SALE,Sales
3693046144,BD,Business Development
3693046145,ENG,Engineering
3693046145,IT,Information Technology
3693046147,IT,Information Technology
3693046147,CNSL,Consulting
3693046147,ADM,Administration
3693046148,SUPL,Supply Chain
3693046148,ANLS,Analytics
3693046149,ACCT,Accounting
3693046149,FIN,Finance
3693046152,IT,Information Technology
3693046153,OTHR,Other
3693046155,MRKT,Marketing
3693046155,PR,Public Relations
3693046155,WRT,Writing
3693046159,LGL,Legal
3693046160,IT,Information Technology
3693046164,HR,Human Resources
3693046164,IT,Information Technology
3693046164,MGMT,Management
3693046169,ENG,Engineering
3693046169,IT,Information Technology
3693046171,SALE,Sales
3693046171,BD,Business Development
3693046187,SALE,Sales
3693046187,BD,Business Development
3693046187,ADVR,Advertising
3693046191,FIN,Finance
3693046194,HCPR,Healthcare
3693046198,ENG,Engineering
3693046198,IT,Information Technology
3693046225,ANLS,Analytics
3693046225,RSCH,Research
3693046227,ENG,Engineering
3693046227,MNFC,Manufacturing
3693046227,PROD,Product Management
3693046229,CNSL,Consulting
3693046229,ENG,Engineering
3693046233,SALE,Sales
3693046233,BD,Business Development
3693046239,IT,Information Technology
3693046243,HR,Human Resources
3693046245,MGMT,Management
3693046245,MNFC,Manufacturing
3693046269,CNSL,Consulting
3693046269,BD,Business Development
3693046272,FIN,Finance
3693046272,ANLS,Analytics
3693046274,ENG,Engineering
3693046275,ENG,Engineering
3693046275,IT,Information Technology
3693046276,MNFC,Manufacturing
3693046276,SCI,Science
3693046279,MGMT,Management
3693046279,PRCH,Procurement
3693046279,SUPL,Supply Chain
3693046281,IT,Information Technology
3693046283,IT,Information Technology
3693046284,LGL,Legal
3693046287,ADM,Administration
3693046287,PRJM,Project Management
3693046287,STRA,Strategy
3693046288,IT,Information Technology
3693046289,ACCT,Accounting
3693046289,FIN,Finance
3693046291,IT,Information Technology
3693046297,IT,Information Technology
3693046297,FIN,Finance
3693046298,CNSL,Consulting
3693046298,IT,Information Technology
3693046298,SALE,Sales
3693046302,IT,Information Technology
3693046304,DSGN,Design
3693046304,ART,Arts
3693046304,IT,Information Technology
3693046310,STRA,Strategy
3693046311,IT,Information Technology
3693046311,MNFC,Manufacturing
3693046315,DSGN,Design
3693046315,ART,Arts
3693046315,IT,Information Technology
3693046316,IT,Information Technology
3693046322,OTHR,Other
3693046322,IT,Information Technology
3693046322,MGMT,Management
3693046325,LGL,Legal
3693046326,IT,Information Technology
3693046337,IT,Information Technology
3693046340,DSGN,Design
3693046340,ART,Arts
3693046340,IT,Information Technology
3693046343,PRJM,Project Management
3693046343,IT,Information Technology
3693046346,MGMT,Management
3693046346,MNFC,Manufacturing
3693046355,PRJM,Project Management
3693046355,SALE,Sales
3693046357,ADM,Administration
3693046357,PR,Public Relations
3693046357,CUST,Customer Service
3693046364,ENG,Engineering
3693046364,IT,Information Technology
3693046365,PRJM,Project Management
3693046365,RSCH,Research
3693046368,IT,Information Technology
3693046369,ENG,Engineering
3693046369,IT,Information Technology
3693046373,ENG,Engineering
3693046373,IT,Information Technology
3693046373,ANLS,Analytics
3693046377,OTHR,Other
3693046382,IT,Information Technology
3693046383,IT,Information Technology
3693046384,PRJM,Project Management
3693046384,HR,Human Resources
3693046386,ACCT,Accounting
3693046386,FIN,Finance
3693046387,HCPR,Healthcare
3693046388,MGMT,Management
3693046388,MNFC,Manufacturing
3693046391,MRKT,Marketing
3693046391,SALE,Sales
3693046396,FIN,Finance
3693046396,BD,Business Development
3693046396,ANLS,Analytics
3693046398,MGMT,Management
3693046398,MNFC,Manufacturing
3693046400,SALE,Sales
3693046400,BD,Business Development
3693046402,SALE,Sales
3693046402,BD,Business Development
3693046436,BD,Business Development
3693046436,SALE,Sales
3693046440,BD,Business Development
3693046440,SALE,Sales
3693046443,CNSL,Consulting
3693046443,IT,Information Technology
3693046443,SALE,Sales
3693046445,ENG,Engineering
3693046445,IT,Information Technology
3693046446,LGL,Legal
3693046471,MRKT,Marketing
3693046471,SALE,Sales
3693046472,IT,Information Technology
3693046472,OTHR,Other
3693046474,IT,Information Technology
3693046476,MGMT,Management
3693046476,MNFC,Manufacturing
3693046477,HR,Human Resources
3693046477,ADM,Administration
3693046478,OTHR,Other
3693046478,MGMT,Management
3693046478,MRKT,Marketing
3693046479,HCPR,Healthcare
3693046487,ANLS,Analytics
3693046494,PRJM,Project Management
3693046494,IT,Information Technology
3693046496,ENG,Engineering
3693046496,IT,Information Technology
3693046499,EDU,Education
3693046499,TRNG,Training
3693046503,MGMT,Management
3693046503,MNFC,Manufacturing
3693046504,OTHR,Other
3693046507,HCPR,Healthcare
3693046509,ENG,Engineering
3693046509,MNFC,Manufacturing
3693046511,EDU,Education
3693046511,SALE,Sales
3693046513,PRJM,Project Management
3693046513,OTHR,Other
3693046513,GENB,General Business
3693046519,PRJM,Project Management
3693046519,CNSL,Consulting
3693046519,STRA,Strategy
3693046528,ENG,Engineering
3693046528,IT,Information Technology
3693046534,ENG,Engineering
3693046534,IT,Information Technology
3693046536,ADM,Administration
3693046540,ENG,Engineering
3693046540,IT,Information Technology
3693046545,IT,Information Technology
3693046554,IT,Information Technology
3693046563,HCPR,Healthcare
3693046563,SCI,Science
3693046566,HCPR,Healthcare
3693046567,ENG,Engineering
3693046567,IT,Information Technology
3693046568,ENG,Engineering
3693046568,CNSL,Consulting
3693046568,QA,Quality Assurance
3693046569,PRJM,Project Management
3693046569,IT,Information Technology
3693046569,QA,Quality Assurance
3693046570,MGMT,Management
3693046570,MNFC,Manufacturing
3693046570,PROD,Product Management
3693046572,FIN,Finance
3693046572,STRA,Strategy
3693046572,SUPL,Supply Chain
3693046574,SALE,Sales
3693046574,CNSL,Consulting
3693046574,ANLS,Analytics
3693046575,ENG,Engineering
3693046575,IT,Information Technology
3693046591,HR,Human Resources
3693046595,ACCT,Accounting
3693046595,FIN,Finance
3693046602,DSGN,Design
3693046602,ART,Arts
3693046602,IT,Information Technology
3693046605,EDU,Education
3693046605,TRNG,Training
3693046606,ENG,Engineering
3693046606,IT,Information Technology
3693046609,PRJM,Project Management
3693046609,IT,Information Technology
3693046618,ENG,Engineering
3693046618,PRJM,Project Management
3693046632,ACCT,Accounting
3693046632,FIN,Finance
3693046634,ACCT,Accounting
3693046634,FIN,Finance
3693046635,HR,Human Resources
3693046636,ENG,Engineering
3693046636,IT,Information Technology
3693046648,BD,Business Development
3693046648,SALE,Sales
3693046651,PRJM,Project Management
3693046651,PROD,Product Management
3693046661,OTHR,Other
3693046675,HR,Human Resources
3693046675,STRA,Strategy
3693046677,RSCH,Research
3693046678,IT,Information Technology
3693046685,ACCT,Accounting
3693046687,ACCT,Accounting
3693046691,IT,Information Technology
3693046691,MNFC,Manufacturing
3693046692,HCPR,Healthcare
3693046701,ACCT,Accounting
3693046701,FIN,Finance
3693046711,ENG,Engineering
3693046711,IT,Information Technology
3693046718,HR,Human Resources
3693046734,IT,Information Technology
3693046736,SALE,Sales
3693046736,FIN,Finance
3693046736,BD,Business Development
3693046747,ACCT,Accounting
3693046747,ADM,Administration
3693046747,CNSL,Consulting
3693046753,SALE,Sales
3693046753,BD,Business Development
3693046757,CUST,Customer Service
3693046758,HR,Human Resources
3693046758,BD,Business Development
3693046772,ADM,Administration
3693046772,CUST,Customer Service
3693046772,HCPR,Healthcare
3693046775,IT,Information Technology
3693046779,ENG,Engineering
3693046780,OTHR,Other
3693046782,IT,Information Technology
3693046790,MRKT,Marketing
3693046790,STRA,Strategy
3693046791,CUST,Customer Service
3693046793,HR,Human Resources
3693046795,MRKT,Marketing
3693046795,SALE,Sales
3693046797,HCPR,Healthcare
3693046799,IT,Information Technology
3693046800,ENG,Engineering
3693046801,LGL,Legal
3693046802,PRJM,Project Management
3693046808,HCPR,Healthcare
3693046813,MGMT,Management
3693046813,MNFC,Manufacturing
3693046814,RSCH,Research
3693046814,ANLS,Analytics
3693046814,IT,Information Technology
3693046815,MRKT,Marketing
3693046815,SALE,Sales
3693046821,RSCH,Research
3693046821,SCI,Science
3693046823,LGL,Legal
3693046824,IT,Information Technology
3693046824,PRJM,Project Management
3693046829,OTHR,Other
3693046839,ENG,Engineering
3693046839,IT,Information Technology
3693046840,RSCH,Research
3693046840,ANLS,Analytics
3693046840,IT,Information Technology
3693046843,FIN,Finance
3693046843,ACCT,Accounting
3693046844,HCPR,Healthcare
3693046845,OTHR,Other
3693046848,BD,Business Development
3693046848,SALE,Sales
3693046849,HCPR,Healthcare
3693046852,RSCH,Research
3693046857,ENG,Engineering
3693046857,IT,Information Technology
3693046865,BD,Business Development
3693046865,SALE,Sales
3693046873,SALE,Sales
3693046873,BD,Business Development
3693046875,SALE,Sales
3693046875,BD,Business Development
3693046881,IT,Information Technology
3693046885,IT,Information Technology
3693046896,ENG,Engineering
3693046896,MNFC,Manufacturing
3693046896,DSGN,Design
3693046899,IT,Information Technology
3693046907,OTHR,Other
3693046908,MGMT,Management
3693046908,MNFC,Manufacturing
3693046909,ENG,Engineering
3693046909,PRJM,Project Management
3693046910,MGMT,Management
3693046910,MNFC,Manufacturing
3693046924,PR,Public Relations
3693046924,CUST,Customer Service
3693046926,ENG,Engineering
3693046926,IT,Information Technology
3693046927,HCPR,Healthcare
3693046931,SALE,Sales
3693046931,BD,Business Development
3693046933,MGMT,Management
3693046933,MNFC,Manufacturing
3693046938,IT,Information Technology
3693046942,ACCT,Accounting
3693046942,FIN,Finance
3693046942,ADM,Administration
3693046947,WRT,Writing
3693046964,SALE,Sales
3693046964,BD,Business Development
3693046964,FIN,Finance
3693046967,IT,Information Technology
3693046979,SALE,Sales
3693046979,BD,Business Development
3693046981,MGMT,Management
3693046981,MNFC,Manufacturing
3693046985,ENG,Engineering
3693046985,IT,Information Technology
3693046986,ACCT,Accounting
3693046986,FIN,Finance
3693046998,ENG,Engineering
3693046998,IT,Information Technology
3693046999,ENG,Engineering
3693046999,DSGN,Design
3693046999,MNFC,Manufacturing
3693047002,ENG,Engineering
3693047002,IT,Information Technology
3693047014,IT,Information Technology
3693047059,MRKT,Marketing
3693047059,PR,Public Relations
3693047059,WRT,Writing
3693047061,SALE,Sales
3693047061,BD,Business Development
3693047067,MGMT,Management
3693047067,MNFC,Manufacturing
3693047074,ENG,Engineering
3693047074,IT,Information Technology
3693047077,RSCH,Research
3693047077,ANLS,Analytics
3693047077,IT,Information Technology
3693047097,IT,Information Technology
3693047098,ACCT,Accounting
3693047098,FIN,Finance
3693047100,PRJM,Project Management
3693047100,IT,Information Technology
3693047109,CUST,Customer Service
3693047121,ACCT,Accounting
3693047121,FIN,Finance
3693047125,DSGN,Design
3693047126,HCPR,Healthcare
3693047129,HR,Human Resources
3693047132,HCPR,Healthcare
3693047136,IT,Information Technology
3693047146,LGL,Legal
3693047155,ADM,Administration
3693047158,ACCT,Accounting
3693047158,FIN,Finance
3693047158,ADM,Administration
3693047166,SALE,Sales
3693047166,BD,Business Development
3693047167,IT,Information Technology
3693047170,IT,Information Technology
3693047170,ANLS,Analytics
3693047170,ENG,Engineering
3693047172,HR,Human Resources
3693047173,ACCT,Accounting
3693047189,MRKT,Marketing
3693047189,ADVR,Advertising
3693047189,WRT,Writing
3693047211,MGMT,Management
3693047211,MNFC,Manufacturing
3693047224,FIN,Finance
3693047224,SALE,Sales
3693047226,ADM,Administration
3693047228,HCPR,Healthcare
3693047229,HR,Human Resources
3693047232,ENG,Engineering
3693047232,IT,Information Technology
3693047233,TRNG,Training
3693047233,IT,Information Technology
3693047234,ACCT,Accounting
3693047234,FIN,Finance
3693047236,CNSL,Consulting
3693047236,BD,Business Development
3693047257,ACCT,Accounting
3693047257,FIN,Finance
3693047263,ACCT,Accounting
3693047263,FIN,Finance
3693047264,PRJM,Project Management
3693047264,IT,Information Technology
3693047273,ENG,Engineering
3693047273,PRJM,Project Management
3693047273,QA,Quality Assurance
3693047276,MGMT,Management
3693047276,MNFC,Manufacturing
3693047276,SALE,Sales
3693047277,PRJM,Project Management
3693047279,ADVR,Advertising
3693047283,DSGN,Design
3693047283,ART,Arts
3693047283,IT,Information Technology
3693047284,LGL,Legal
3693047288,MGMT,Management
3693047288,ADM,Administration
3693047288,BD,Business Development
3693047292,PRJM,Project Management
3693047303,MGMT,Management
3693047303,PRJM,Project Management
3693047310,CUST,Customer Service
3693047310,FIN,Finance
3693047313,IT,Information Technology
3693047316,SALE,Sales
3693047316,BD,Business Development
3693047323,ADM,Administration
3693047323,PRJM,Project Management
3693047323,MGMT,Management
3693047324,ACCT,Accounting
3693047324,FIN,Finance
3693047326,CUST,Customer Service
3693047326,MRKT,Marketing
3693047326,MGMT,Management
3693047327,SALE,Sales
3693047327,BD,Business Development
3693047329,FIN,Finance
3693047329,SALE,Sales
3693047330,ENG,Engineering
3693047330,IT,Information Technology
3693047333,PRCH,Procurement
3693047333,SUPL,Supply Chain
3693047337,IT,Information Technology
3693047338,SALE,Sales
3693047338,BD,Business Development
3693047338,PRCH,Procurement
3693047342,PRJM,Project Management
3693047347,MGMT,Management
3693047347,MNFC,Manufacturing
3693047351,PRJM,Project Management
3693047351,IT,Information Technology
3693047353,ENG,Engineering
3693047353,IT,Information Technology
3693047361,IT,Information Technology
3693047363,PRJM,Project Management
3693047363,OTHR,Other
3693047363,GENB,General Business
3693047369,ENG,Engineering
3693047369,IT,Information Technology
3693047378,ACCT,Accounting
3693047378,FIN,Finance
3693047382,PRJM,Project Management
3693047382,IT,Information Technology
3693047387,ENG,Engineering
3693047387,IT,Information Technology
3693047393,SALE,Sales
3693047393,BD,Business Development
3693047412,ACCT,Accounting
3693047412,FIN,Finance
3693047415,ENG,Engineering
3693047415,IT,Information Technology
3693047420,FIN,Finance
3693047424,IT,Information Technology
3693047425,QA,Quality Assurance
3693047459,BD,Business Development
3693047461,ACCT,Accounting
3693047461,FIN,Finance
3693047464,MGMT,Management
3693047465,PRCH,Procurement
3693047465,SUPL,Supply Chain
3693047469,ENG,Engineering
3693047488,IT,Information Technology
3693047490,SALE,Sales
3693047490,BD,Business Development
3693047492,ANLS,Analytics
3693047496,PRJM,Project Management
3693047513,IT,Information Technology
3693047516,OTHR,Other
3693047518,ENG,Engineering
3693047518,IT,Information Technology
3693047518,MRKT,Marketing
3693047523,FIN,Finance
3693047523,SALE,Sales
3693047529,IT,Information Technology
3693047537,DIST,Distribution
3693047544,BD,Business Development
3693047544,SALE,Sales
3693047547,ACCT,Accounting
3693047549,FIN,Finance
3693047551,MGMT,Management
3693047551,MNFC,Manufacturing
3693047554,ENG,Engineering
3693047554,IT,Information Technology
3693047561,ACCT,Accounting
3693047561,FIN,Finance
3693047578,CNSL,Consulting
3693047579,MRKT,Marketing
3693047579,ADVR,Advertising
3693047589,SALE,Sales
3693047589,BD,Business Development
3693047591,RSCH,Research
3693047591,ANLS,Analytics
3693047591,IT,Information Technology
3693047593,ENG,Engineering
3693047593,IT,Information Technology
3693047596,MGMT,Management
3693047596,MNFC,Manufacturing
3693047617,LGL,Legal
3693047619,SALE,Sales
3693047619,BD,Business Development
3693047624,BD,Business Development
3693047624,SALE,Sales
3693047625,SALE,Sales
3693047625,MGMT,Management
3693047625,BD,Business Development
3693047630,SALE,Sales
3693047630,CUST,Customer Service
3693047630,ADM,Administration
3693047643,ENG,Engineering
3693047643,IT,Information Technology
3693047643,MGMT,Management
3693047648,QA,Quality Assurance
3693047659,SALE,Sales
3693047659,BD,Business Development
3693047659,ENG,Engineering
3693047675,IT,Information Technology
3693047679,PRJM,Project Management
3693047679,IT,Information Technology
3693047681,MGMT,Management
3693047681,MNFC,Manufacturing
3693047685,SALE,Sales
3693047685,BD,Business Development
3693047686,HR,Human Resources
3693047687,ART,Arts
3693047687,ADVR,Advertising
3693047687,MRKT,Marketing
3693047688,HCPR,Healthcare
3693047689,HR,Human Resources
3693047689,STRA,Strategy
3693047691,IT,Information Technology
3693047697,ENG,Engineering
3693047700,OTHR,Other
3693047702,ANLS,Analytics
3693047702,STRA,Strategy
3693047702,PRDM,Product Management
3693047703,ENG,Engineering
3693047703,IT,Information Technology
3693047705,IT,Information Technology
3693047705,ANLS,Analytics
3693047709,ENG,Engineering
3693047709,IT,Information Technology
3693047713,ENG,Engineering
3693047713,IT,Information Technology
3693047713,DSGN,Design
3693047730,SALE,Sales
3693047730,BD,Business Development
3693047735,ENG,Engineering
3693047735,IT,Information Technology
3693047737,RSCH,Research
3693047737,SCI,Science
3693047738,DSGN,Design
3693047744,CUST,Customer Service
3693047744,PR,Public Relations
3693047744,LGL,Legal
3693047748,IT,Information Technology
3693047749,BD,Business Development
3693047749,SALE,Sales
3693047755,BD,Business Development
3693047755,SALE,Sales
3693047761,IT,Information Technology
3693047775,IT,Information Technology
3693047779,EDU,Education
3693047779,TRNG,Training
3693047783,MGMT,Management
3693047783,MNFC,Manufacturing
3693047788,ACCT,Accounting
3693047791,LGL,Legal
3693047796,SALE,Sales
3693047796,MGMT,Management
3693047802,IT,Information Technology
3693047804,OTHR,Other
3693047805,ENG,Engineering
3693047805,MNFC,Manufacturing
3693047810,ACCT,Accounting
3693047810,FIN,Finance
3693047820,HCPR,Healthcare
3693047821,MGMT,Management
3693047821,MNFC,Manufacturing
3693047822,ACCT,Accounting
3693047822,FIN,Finance
3693047824,MGMT,Management
3693047824,MNFC,Manufacturing
3693047825,IT,Information Technology
3693047825,SALE,Sales
3693047825,BD,Business Development
3693047829,SALE,Sales
3693047829,ACCT,Accounting
3693047829,MGMT,Management
3693047831,DSGN,Design
3693047831,ART,Arts
3693047831,IT,Information Technology
3693047834,PRJM,Project Management
3693047834,IT,Information Technology
3693047837,SALE,Sales
3693047845,HCPR,Healthcare
3693047847,PRDM,Product Management
3693047848,MRKT,Marketing
3693047848,SALE,Sales
3693047855,HCPR,Healthcare
3693047856,IT,Information Technology
3693047857,ENG,Engineering
3693047857,IT,Information Technology
3693047861,MRKT,Marketing
3693047861,SALE,Sales
3693047865,IT,Information Technology
3693047870,HCPR,Healthcare
3693047883,ENG,Engineering
3693047883,IT,Information Technology
3693047887,MRKT,Marketing
3693047887,SALE,Sales
3693047890,ENG,Engineering
3693047890,IT,Information Technology
3693047898,HR,Human Resources
3693047900,ANLS,Analytics
3693047900,ADM,Administration
3693047901,ENG,Engineering
3693047901,IT,Information Technology
3693047902,MRKT,Marketing
3693047902,SUPL,Supply Chain
3693047902,WRT,Writing
3693047906,ENG,Engineering
3693047906,IT,Information Technology
3693047906,MGMT,Management
3693047907,IT,Information Technology
3693047909,HCPR,Healthcare
3693047921,MGMT,Management
3693047921,MNFC,Manufacturing
3693047923,MRKT,Marketing
3693047923,SALE,Sales
3693047934,DSGN,Design
3693047934,ART,Arts
3693047934,IT,Information Technology
3693047935,ANLS,Analytics
3693047935,PR,Public Relations
3693047935,WRT,Writing
3693047938,ENG,Engineering
3693047939,CUST,Customer Service
3693047939,OTHR,Other
3693047939,HCPR,Healthcare
3693047941,EDU,Education
3693047941,TRNG,Training
3693047949,ACCT,Accounting
3693047949,ADM,Administration
3693047949,FIN,Finance
3693047966,SALE,Sales
3693047966,BD,Business Development
3693047966,FIN,Finance
3693047968,ENG,Engineering
3693047968,IT,Information Technology
3693047976,ANLS,Analytics
3693047976,HR,Human Resources
3693047979,HCPR,Healthcare
3693047981,CNSL,Consulting
3693047982,RSCH,Research
3693047982,SCI,Science
3693047985,ART,Arts
3693047987,MGMT,Management
3693047987,MNFC,Manufacturing
3693047990,MNFC,Manufacturing
3693047991,IT,Information Technology
3693047992,MRKT,Marketing
3693047992,SALE,Sales
3693047999,PRDM,Product Management
3693047999,MRKT,Marketing
3693048012,ADM,Administration
3693048013,ADM,Administration
3693048013,MGMT,Management
3693048013,PRJM,Project Management
3693048019,IT,Information Technology
3693048019,FIN,Finance
3693048022,MNFC,Manufacturing
3693048022,QA,Quality Assurance
3693048023,IT,Information Technology
3693048023,DIST,Distribution
3693048023,ENG,Engineering
3693048025,IT,Information Technology
3693048027,ENG,Engineering
3693048027,IT,Information Technology
3693048029,ENG,Engineering
3693048029,SUPL,Supply Chain
3693048029,MNFC,Manufacturing
3693048033,PRJM,Project Management
3693048033,IT,Information Technology
3693048033,STRA,Strategy
3693048037,FIN,Finance
3693048041,IT,Information Technology
3693048041,MGMT,Management
3693048042,MGMT,Management
3693048042,MNFC,Manufacturing
3693048045,IT,Information Technology
3693048056,IT,Information Technology
3693048061,ACCT,Accounting
3693048061,FIN,Finance
3693048063,ANLS,Analytics
3693048063,BD,Business Development
3693048063,MRKT,Marketing
3693048066,EDU,Education
3693048066,TRNG,Training
3693048066,OTHR,Other
3693048068,IT,Information Technology
3693048072,ACCT,Accounting
3693048072,LGL,Legal
3693048072,FIN,Finance
3693048078,IT,Information Technology
3693048078,OTHR,Other
3693048080,OTHR,Other
3693048080,PROD,Product Management
3693048080,GENB,General Business
3693048087,HCPR,Healthcare
3693048098,LGL,Legal
3693048102,PRJM,Project Management
3693048102,IT,Information Technology
3693048108,IT,Information Technology
3693048112,ENG,Engineering
3693048112,MNFC,Manufacturing
3693048112,FIN,Finance
3693048116,ENG,Engineering
3693048116,MNFC,Manufacturing
3693048144,IT,Information Technology
3693048153,ENG,Engineering
3693048153,IT,Information Technology
3693048156,ACCT,Accounting
3693048156,FIN,Finance
3693048158,ENG,Engineering
3693048158,IT,Information Technology
3693048160,HR,Human Resources
3693048181,MGMT,Management
3693048181,MNFC,Manufacturing
3693048189,ACCT,Accounting
3693048189,FIN,Finance
3693048192,LGL,Legal
3693048195,STRA,Strategy
3693048206,IT,Information Technology
3693048210,ENG,Engineering
3693048210,IT,Information Technology
3693048211,ENG,Engineering
3693048211,IT,Information Technology
3693048213,IT,Information Technology
3693048217,QA,Quality Assurance
3693048218,MGMT,Management
3693048218,QA,Quality Assurance
3693048218,PRJM,Project Management
3693048222,RSCH,Research
3693048222,ANLS,Analytics
3693048222,IT,Information Technology
3693048225,ADM,Administration
3693048229,BD,Business Development
3693048229,SALE,Sales
3693048232,IT,Information Technology
3693048239,MGMT,Management
3693048239,ANLS,Analytics
3693048239,STRA,Strategy
3693048246,ACCT,Accounting
3693048248,IT,Information Technology
3693048249,ENG,Engineering
3693048249,IT,Information Technology
3693048250,CUST,Customer Service
3693048253,SALE,Sales
3693048253,BD,Business Development
3693048255,ENG,Engineering
3693048256,MRKT,Marketing
3693048256,PROD,Product Management
3693048256,ART,Arts
3693048258,ENG,Engineering
3693048258,MGMT,Management
3693048258,MNFC,Manufacturing
3693048265,EDU,Education
3693048267,ENG,Engineering
3693048268,MGMT,Management
3693048268,SALE,Sales
3693048268,MRKT,Marketing
3693048269,MGMT,Management
3693048269,MNFC,Manufacturing
3693048270,IT,Information Technology
3693048272,MGMT,Management
3693048273,IT,Information Technology
3693048274,MRKT,Marketing
3693048274,SALE,Sales
3693048275,IT,Information Technology
3693048275,OTHR,Other
3693048278,RSCH,Research
3693048281,SALE,Sales
3693048281,BD,Business Development
3693048282,FIN,Finance
3693048282,SALE,Sales
3693048287,IT,Information Technology
3693048290,LGL,Legal
3693048319,PRJM,Project Management
3693048319,IT,Information Technology
3693048320,WRT,Writing
3693048320,ART,Arts
3693048320,ADVR,Advertising
3693048322,LGL,Legal
3693048354,PRJM,Project Management
3693048357,ENG,Engineering
3693048357,IT,Information Technology
3693048362,ADM,Administration
3693048365,IT,Information Technology
3693048367,SALE,Sales
3693048367,BD,Business Development
3693048369,IT,Information Technology
3693048372,MRKT,Marketing
3693048377,MNFC,Manufacturing
3693048377,ADM,Administration
3693048379,ACCT,Accounting
3693048383,MGMT,Management
3693048383,MNFC,Manufacturing
3693048384,IT,Information Technology
3693048387,IT,Information Technology
3693048387,BD,Business Development
3693048387,STRA,Strategy
3693048389,IT,Information Technology
3693048390,MGMT,Management
3693048390,MNFC,Manufacturing
3693048395,IT,Information Technology
3693048397,ENG,Engineering
3693048397,IT,Information Technology
3693048399,IT,Information Technology
3693048400,ENG,Engineering
3693048400,IT,Information Technology
3693048403,PRJM,Project Management
3693048403,IT,Information Technology
3693048405,ACCT,Accounting
3693048406,CNSL,Consulting
3693048406,IT,Information Technology
3693048409,BD,Business Development
3693048409,SALE,Sales
3693048415,QA,Quality Assurance
3693048422,ENG,Engineering
3693048422,IT,Information Technology
3693048426,DSGN,Design
3693048426,ART,Arts
3693048426,IT,Information Technology
3693048433,IT,Information Technology
3693048437,IT,Information Technology
3693048439,DSGN,Design
3693048444,WRT,Writing
3693048444,ADM,Administration
3693048446,IT,Information Technology
3693048448,EDU,Education
3693048449,IT,Information Technology
3693048466,FIN,Finance
3693048466,ANLS,Analytics
3693048466,ADM,Administration
3693048470,ENG,Engineering
3693048470,IT,Information Technology
3693048472,CUST,Customer Service
3693048473,ENG,Engineering
3693048473,MNFC,Manufacturing
3693048473,DSGN,Design
3693048475,IT,Information Technology
3693048476,ENG,Engineering
3693048476,IT,Information Technology
3693048477,SALE,Sales
3693048477,BD,Business Development
3693048480,ENG,Engineering
3693048480,IT,Information Technology
3693048481,MGMT,Management
3693048481,MNFC,Manufacturing
3693048494,ACCT,Accounting
3693048494,FIN,Finance
3693048496,RSCH,Research
3693048496,ANLS,Analytics
3693048496,IT,Information Technology
3693048500,PRJM,Project Management
3693048500,BD,Business Development
3693048500,STRA,Strategy
3693048501,BD,Business Development
3693048501,MGMT,Management
3693048501,CUST,Customer Service
3693048502,ADM,Administration
3693048506,IT,Information Technology
3693048506,SCI,Science
3693048506,ANLS,Analytics
3693048509,FIN,Finance
3693048509,ACCT,Accounting
3693048512,ACCT,Accounting
3693048512,FIN,Finance
3693048521,CNSL,Consulting
3693048521,ACCT,Accounting
3693048521,ADM,Administration
3693048524,MGMT,Management
3693048524,MNFC,Manufacturing
3693048540,IT,Information Technology
3693048543,IT,Information Technology
3693048544,MNFC,Manufacturing
3693048550,HR,Human Resources
3693048552,HCPR,Healthcare
3693048554,ENG,Engineering
3693048554,IT,Information Technology
3693048557,HCPR,Healthcare
3693048560,ENG,Engineering
3693048560,IT,Information Technology
3693048566,MGMT,Management
3693048566,MNFC,Manufacturing
3693048569,IT,Information Technology
3693048569,PRJM,Project Management
3693048570,SALE,Sales
3693048570,BD,Business Development
3693048589,SCI,Science
3693048589,MGMT,Management
3693048589,STRA,Strategy
3693048597,BD,Business Development
3693048597,WRT,Writing
3693048600,HCPR,Healthcare
3693048619,BD,Business Development
3693048620,SALE,Sales
3693048620,BD,Business Development
3693048623,MRKT,Marketing
3693048623,PR,Public Relations
3693048623,WRT,Writing
3693048624,IT,Information Technology
3693048624,ENG,Engineering
3693048643,ENG,Engineering
3693048643,IT,Information Technology
3693048644,ACCT,Accounting
3693048644,FIN,Finance
3693048647,OTHR,Other
3693048652,IT,Information Technology
3693048656,MGMT,Management
3693048656,MNFC,Manufacturing
3693048657,FIN,Finance
3693048657,ACCT,Accounting
3693048668,ENG,Engineering
3693048668,IT,Information Technology
3693048676,MGMT,Management
3693048676,MNFC,Manufacturing
3693048677,CUST,Customer Service
3693048680,MGMT,Management
3693048680,MNFC,Manufacturing
3693048684,FIN,Finance
3693048684,ACCT,Accounting
3693048686,PRDM,Product Management
3693048686,MRKT,Marketing
3693048690,HR,Human Resources
3693048690,ADM,Administration
3693048690,CUST,Customer Service
3693048695,SALE,Sales
3693048695,BD,Business Development
3693048698,OTHR,Other
3693048705,IT,Information Technology
3693048707,OTHR,Other
3693048708,FIN,Finance
3693048708,SALE,Sales
3693048709,QA,Quality Assurance
3693048710,OTHR,Other
3693048714,MRKT,Marketing
3693048714,SALE,Sales
3693048715,LGL,Legal
3693048722,ENG,Engineering
3693048722,IT,Information Technology
3693048728,SALE,Sales
3693048728,MGMT,Management
3693048732,HCPR,Healthcare
3693048738,HCPR,Healthcare
3693048744,RSCH,Research
3693048744,ANLS,Analytics
3693048744,IT,Information Technology
3693048750,IT,Information Technology
3693048752,SALE,Sales
3693048752,BD,Business Development
3693048759,EDU,Education
3693048759,TRNG,Training
3693048760,SALE,Sales
3693048760,MNFC,Manufacturing
3693048760,MRKT,Marketing
3693048761,ADM,Administration
3693048761,HCPR,Healthcare
3693048761,RSCH,Research
3693048766,HCPR,Healthcare
3693048776,SUPL,Supply Chain
3693048776,DIST,Distribution
3693048776,PRJM,Project Management
3693048780,OTHR,Other
3693048790,PR,Public Relations
3693048790,CUST,Customer Service
3693048801,OTHR,Other
3693048805,OTHR,Other
3693048806,PRJM,Project Management
3693048807,ENG,Engineering
3693048807,IT,Information Technology
3693048809,BD,Business Development
3693048809,SALE,Sales
3693048827,PRCH,Procurement
3693048827,SUPL,Supply Chain
3693048835,OTHR,Other
3693048836,MGMT,Management
3693048836,MNFC,Manufacturing
3693048844,IT,Information Technology
3693048860,ACCT,Accounting
3693048860,FIN,Finance
3693048864,ENG,Engineering
3693048864,PRJM,Project Management
3693048869,FIN,Finance
3693048869,CNSL,Consulting
3693048872,PRJM,Project Management
3693048872,STRA,Strategy
3693048872,ACCT,Accounting
3693048875,ENG,Engineering
3693048875,DSGN,Design
3693048877,RSCH,Research
3693048877,ANLS,Analytics
3693048882,RSCH,Research
3693048882,ANLS,Analytics
3693048882,IT,Information Technology
3693048883,BD,Business Development
3693048883,GENB,General Business
3693048883,SALE,Sales
3693048890,ENG,Engineering
3693048890,IT,Information Technology
3693048891,IT,Information Technology
3693048892,SALE,Sales
3693048892,BD,Business Development
3693048898,ACCT,Accounting
3693048898,FIN,Finance
3693048899,IT,Information Technology
3693048900,OTHR,Other
3693048900,FIN,Finance
3693048905,HCPR,Healthcare
3693048907,ANLS,Analytics
3693048908,ENG,Engineering
3693048908,IT,Information Technology
3693048909,SALE,Sales
3693048909,BD,Business Development
3693048912,OTHR,Other
3693048913,EDU,Education
3693048913,TRNG,Training
3693048914,HCPR,Healthcare
3693048915,SALE,Sales
3693048915,BD,Business Development
3693048917,HCPR,Healthcare
3693048923,IT,Information Technology
3693048924,MGMT,Management
3693048924,MNFC,Manufacturing
3693048925,ACCT,Accounting
3693048936,RSCH,Research
3693048936,ANLS,Analytics
3693048936,MRKT,Marketing
3693048939,PRJM,Project Management
3693048939,CNSL,Consulting
3693048939,ADM,Administration
3693048940,DSGN,Design
3693048940,ART,Arts
3693048940,IT,Information Technology
3693048941,IT,Information Technology
3693048943,HCPR,Healthcare
3693048945,MGMT,Management
3693048945,MNFC,Manufacturing
3693048946,PRJM,Project Management
3693048947,PRJM,Project Management
3693048947,ADM,Administration
3693048947,ENG,Engineering
3693048948,IT,Information Technology
3693048949,ACCT,Accounting
3693048949,FIN,Finance
3693048951,EDU,Education
3693048953,SALE,Sales
3693048953,BD,Business Development
3693048954,OTHR,Other
3693048958,HCPR,Healthcare
3693048969,MGMT,Management
3693048969,MNFC,Manufacturing
3693048986,MRKT,Marketing
3693048986,SALE,Sales
3693048989,CNSL,Consulting
3693048989,HCPR,Healthcare
3693048989,PRJM,Project Management
3693048993,IT,Information Technology
3693048995,MRKT,Marketing
3693048995,SALE,Sales
3693049001,ENG,Engineering
3693049001,IT,Information Technology
3693049003,IT,Information Technology
3693049009,FIN,Finance
3693049009,MGMT,Management
3693049010,ENG,Engineering
3693049010,IT,Information Technology
3693049016,IT,Information Technology
3693049024,QA,Quality Assurance
3693049026,HR,Human Resources
3693049030,SALE,Sales
3693049030,BD,Business Development
3693049048,ENG,Engineering
3693049048,IT,Information Technology
3693049072,IT,Information Technology
3693049080,LGL,Legal
3693049082,PRJM,Project Management
3693049082,IT,Information Technology
3693049102,IT,Information Technology
3693049104,IT,Information Technology
3693049104,CNSL,Consulting
3693049104,ADM,Administration
3693049110,ANLS,Analytics
3693049110,IT,Information Technology
3693049111,MRKT,Marketing
3693049111,SALE,Sales
3693049115,HR,Human Resources
3693049115,GENB,General Business
3693049116,FIN,Finance
3693049116,SALE,Sales
3693049118,HR,Human Resources
3693049118,ADM,Administration
3693049119,HCPR,Healthcare
3693049125,ENG,Engineering
3693049125,IT,Information Technology
3693049132,PRDM,Product Management
3693049132,MRKT,Marketing
3693049135,SALE,Sales
3693049135,BD,Business Development
3693049156,ENG,Engineering
3693049156,IT,Information Technology
3693049158,SALE,Sales
3693049158,BD,Business Development
3693049159,SALE,Sales
3693049159,BD,Business Development
3693049161,FIN,Finance
3693049168,OTHR,Other
3693049168,PRDM,Product Management
3693049169,LGL,Legal
3693049176,FIN,Finance
3693049176,SALE,Sales
3693049180,MRKT,Marketing
3693049180,BD,Business Development
3693049180,SALE,Sales
3693049181,ENG,Engineering
3693049181,MGMT,Management
3693049188,SALE,Sales
3693049188,BD,Business Development
3693049189,IT,Information Technology
3693049194,IT,Information Technology
3693049197,IT,Information Technology
3693049199,ENG,Engineering
3693049199,IT,Information Technology
3693049200,MGMT,Management
3693049200,MNFC,Manufacturing
3693049212,ENG,Engineering
3693049212,IT,Information Technology
3693049214,MRKT,Marketing
3693049214,SALE,Sales
3693049218,IT,Information Technology
3693049219,ENG,Engineering
3693049220,BD,Business Development
3693049220,SALE,Sales
3693049221,ENG,Engineering
3693049221,IT,Information Technology
3693049224,ENG,Engineering
3693049224,IT,Information Technology
3693049229,SALE,Sales
3693049229,BD,Business Development
3693049231,HR,Human Resources
3693049264,IT,Information Technology
3693049281,IT,Information Technology
3693049285,FIN,Finance
3693049285,ACCT,Accounting
3693049290,IT,Information Technology
3693049291,MNFC,Manufacturing
3693049291,ACCT,Accounting
3693049295,ENG,Engineering
3693049295,IT,Information Technology
3693049298,MGMT,Management
3693049298,MNFC,Manufacturing
3693049300,ADM,Administration
3693049301,ENG,Engineering
3693049301,IT,Information Technology
3693049304,ENG,Engineering
3693049315,IT,Information Technology
3693049315,FIN,Finance
3693049321,IT,Information Technology
3693049322,IT,Information Technology
3693049325,PRJM,Project Management
3693049325,IT,Information Technology
3693049326,FIN,Finance
3693049326,ACCT,Accounting
3693049327,ENG,Engineering
3693049327,IT,Information Technology
3693049332,FIN,Finance
3693049332,SALE,Sales
3693049337,HR,Human Resources
3693049341,IT,Information Technology
3693049342,MNFC,Manufacturing
3693049342,STRA,Strategy
3693049342,PRCH,Procurement
3693049352,ENG,Engineering
3693049352,IT,Information Technology
3693049354,OTHR,Other
3693049364,PRJM,Project Management
3693049364,RSCH,Research
3693049365,IT,Information Technology
3693049367,SALE,Sales
3693049367,BD,Business Development
3693049369,BD,Business Development
3693049369,SALE,Sales
3693049369,MGMT,Management
3693049370,ANLS,Analytics
3693049374,ACCT,Accounting
3693049374,FIN,Finance
3693049382,OTHR,Other
3693049390,MGMT,Management
3693049401,SALE,Sales
3693049401,CUST,Customer Service
3693049402,RSCH,Research
3693049402,ANLS,Analytics
3693049402,IT,Information Technology
3693049405,BD,Business Development
3693049407,HCPR,Healthcare
3693049408,ENG,Engineering
3693049408,IT,Information Technology
3693049409,OTHR,Other
3693049412,IT,Information Technology
3693049413,IT,Information Technology
3693049430,SUPL,Supply Chain
3693049430,IT,Information Technology
3693049430,CNSL,Consulting
3693049436,IT,Information Technology
3693049437,SALE,Sales
3693049437,BD,Business Development
3693049438,OTHR,Other
3693049439,ENG,Engineering
3693049439,IT,Information Technology
3693049440,EDU,Education
3693049440,TRNG,Training
3693049445,MGMT,Management
3693049445,MNFC,Manufacturing
3693049458,FIN,Finance
3693049458,SALE,Sales
3693049463,EDU,Education
3693049463,TRNG,Training
3693049466,IT,Information Technology
3693049466,CUST,Customer Service
3693049467,QA,Quality Assurance
3693049467,SUPL,Supply Chain
3693049467,STRA,Strategy
3693049475,ENG,Engineering
3693049475,IT,Information Technology
3693049475,SUPL,Supply Chain
3693049476,ANLS,Analytics
3693049480,BD,Business Development
3693049480,SALE,Sales
3693049480,GENB,General Business
3693049483,BD,Business Development
3693049483,SALE,Sales
3693049483,CNSL,Consulting
3693049490,ENG,Engineering
3693049490,QA,Quality Assurance
3693049504,IT,Information Technology
3693049510,ACCT,Accounting
3693049513,ADM,Administration
3693049515,SALE,Sales
3693049516,MGMT,Management
3693049516,MNFC,Manufacturing
3693049518,MGMT,Management
3693049518,MNFC,Manufacturing
3693049521,MGMT,Management
3693049521,MNFC,Manufacturing
3693049530,ENG,Engineering
3693049530,OTHR,Other
3693049533,ADM,Administration
3693049542,IT,Information Technology
3693049543,HCPR,Healthcare
3693049560,ENG,Engineering
3693049564,ADM,Administration
3693049564,BD,Business Development
3693049564,MGMT,Management
3693049569,RSCH,Research
3693049569,MNFC,Manufacturing
3693049569,SCI,Science
3693049579,ACCT,Accounting
3693049603,CNSL,Consulting
3693049603,STRA,Strategy
3693049603,SUPL,Supply Chain
3693049608,PRJM,Project Management
3693049608,TRNG,Training
3693049608,MNFC,Manufacturing
3693049610,IT,Information Technology
3693049616,ENG,Engineering
3693049616,IT,Information Technology
3693049622,IT,Information Technology
3693049623,HCPR,Healthcare
3693049623,CUST,Customer Service
3693049623,OTHR,Other
3693049628,MGMT,Management
3693049628,MNFC,Manufacturing
3693049629,MGMT,Management
3693049629,MNFC,Manufacturing
3693049630,MGMT,Management
3693049630,MNFC,Manufacturing
3693049632,ACCT,Accounting
3693049641,ADM,Administration
3693049649,SALE,Sales
3693049649,BD,Business Development
3693049654,PRJM,Project Management
3693049658,SALE,Sales
3693049658,BD,Business Development
3693049661,IT,Information Technology
3693049662,ACCT,Accounting
3693049662,FIN,Finance
3693049667,OTHR,Other
3693049670,IT,Information Technology
3693049671,ACCT,Accounting
3693049684,PRJM,Project Management
3693049684,CNSL,Consulting
3693049687,ADM,Administration
3693049688,DSGN,Design
3693049690,ACCT,Accounting
3693049690,FIN,Finance
3693049693,BD,Business Development
3693049693,SALE,Sales
3693049696,MRKT,Marketing
3693049696,PR,Public Relations
3693049696,WRT,Writing
3693049701,LGL,Legal
3693049704,EDU,Education
3693049704,TRNG,Training
3693049706,IT,Information Technology
3693049706,ANLS,Analytics
3693049708,PRJM,Project Management
3693049717,BD,Business Development
3693049717,SALE,Sales
3693049719,ACCT,Accounting
3693049719,FIN,Finance
3693049719,ADM,Administration
3693049720,STRA,Strategy
3693049720,BD,Business Development
3693049722,MGMT,Management
3693049722,MNFC,Manufacturing
3693049724,MGMT,Management
3693049724,MNFC,Manufacturing
3693049726,ACCT,Accounting
3693049726,FIN,Finance
3693049730,ADM,Administration
3693049730,OTHR,Other
3693049730,GENB,General Business
3693049746,MGMT,Management
3693049746,MNFC,Manufacturing
3693049747,SALE,Sales
3693049747,MGMT,Management
3693049749,SALE,Sales
3693049749,MGMT,Management
3693049764,SALE,Sales
3693049764,BD,Business Development
3693049764,HR,Human Resources
3693049775,HCPR,Healthcare
3693049775,PR,Public Relations
3693049778,PRJM,Project Management
3693049778,IT,Information Technology
3693049798,SALE,Sales
3693049798,BD,Business Development
3693049798,FIN,Finance
3693049802,OTHR,Other
3693049804,OTHR,Other
3693049807,SALE,Sales
3693049807,BD,Business Development
3693049808,MRKT,Marketing
3693049808,SALE,Sales
3693049811,OTHR,Other
3693049812,IT,Information Technology
3693049816,QA,Quality Assurance
3693049816,MNFC,Manufacturing
3693049816,ENG,Engineering
3693049817,IT,Information Technology
3693049823,MGMT,Management
3693049823,MNFC,Manufacturing
3693049826,LGL,Legal
3693049836,IT,Information Technology
3693049839,FIN,Finance
3693049847,ENG,Engineering
3693049847,IT,Information Technology
3693049864,IT,Information Technology
3693049864,ANLS,Analytics
3693049864,OTHR,Other
3693049865,ADM,Administration
3693049869,HCPR,Healthcare
3693049872,HCPR,Healthcare
3693049875,IT,Information Technology
3693049876,FIN,Finance
3693049876,SALE,Sales
3693049877,BD,Business Development
3693049877,GENB,General Business
3693049877,SALE,Sales
3693049879,PRDM,Product Management
3693049879,IT,Information Technology
3693049880,IT,Information Technology
3693049883,SALE,Sales
3693049883,BD,Business Development
3693049884,SALE,Sales
3693049884,BD,Business Development
3693049893,PRJM,Project Management
3693049896,ENG,Engineering
3693049896,IT,Information Technology
3693049897,BD,Business Development
3693049897,GENB,General Business
3693049897,SALE,Sales
3693049899,FIN,Finance
3693049899,SALE,Sales
3693049901,HR,Human Resources
3693049907,SALE,Sales
3693049907,BD,Business Development
3693049909,BD,Business Development
3693049909,GENB,General Business
3693049909,SALE,Sales
3693049911,MGMT,Management
3693049911,SALE,Sales
3693049919,ENG,Engineering
3693049919,IT,Information Technology
3693049922,HCPR,Healthcare
3693049928,PRDM,Product Management
3693049928,MRKT,Marketing
3693049930,HCPR,Healthcare
3693049933,MGMT,Management
3693049933,MNFC,Manufacturing
3693049941,IT,Information Technology
3693049950,IT,Information Technology
3693049952,MRKT,Marketing
3693049955,RSCH,Research
3693049955,SCI,Science
3693049964,MGMT,Management
3693049991,STRA,Strategy
3693049991,PRJM,Project Management
3693049991,MGMT,Management
3693049993,BD,Business Development
3693049993,GENB,General Business
3693049993,SALE,Sales
3693050002,OTHR,Other
3693050004,STRA,Strategy
3693050008,MGMT,Management
3693050008,MNFC,Manufacturing
3693050049,TRNG,Training
3693050049,SALE,Sales
3693050054,HCPR,Healthcare
3693050076,ENG,Engineering
3693050076,IT,Information Technology
3693050079,ENG,Engineering
3693050081,ADVR,Advertising
3693050087,ENG,Engineering
3693050087,ADVR,Advertising
3693050087,DSGN,Design
3693050088,IT,Information Technology
3693050092,IT,Information Technology
3693050094,RSCH,Research
3693050094,ANLS,Analytics
3693050094,IT,Information Technology
3693050095,HCPR,Healthcare
3693050096,LGL,Legal
3693050105,SALE,Sales
3693050105,BD,Business Development
3693050105,MNFC,Manufacturing
3693050106,ACCT,Accounting
3693050106,FIN,Finance
3693050106,GENB,General Business
3693050109,STRA,Strategy
3693050109,ANLS,Analytics
3693050109,IT,Information Technology
3693050116,OTHR,Other
3693050118,RSCH,Research
3693050118,SCI,Science
3693050118,OTHR,Other
3693050122,ACCT,Accounting
3693050122,FIN,Finance
3693050123,ADM,Administration
3693050123,MGMT,Management
3693050123,PRJM,Project Management
3693050125,SALE,Sales
3693050125,CUST,Customer Service
3693050125,MGMT,Management
3693050127,IT,Information Technology
3693050128,ENG,Engineering
3693050134,OTHR,Other
3693050135,SALE,Sales
3693050135,BD,Business Development
3693050140,ENG,Engineering
3693050140,IT,Information Technology
3693050143,ACCT,Accounting
3693050143,FIN,Finance
3693050144,IT,Information Technology
3693050145,ADM,Administration
3693050145,WRT,Writing
3693050149,EDU,Education
3693050149,TRNG,Training
3693050150,IT,Information Technology
3693050153,DSGN,Design
3693050153,ART,Arts
3693050153,IT,Information Technology
3693050157,QA,Quality Assurance
3693050157,RSCH,Research
3693050157,MNFC,Manufacturing
3693050158,PRJM,Project Management
3693050158,IT,Information Technology
3693050164,IT,Information Technology
3693050164,OTHR,Other
3693050164,DSGN,Design
3693050174,PRJM,Project Management
3693050175,HR,Human Resources
3693050179,PROD,Product Management
3693050179,DSGN,Design
3693050179,PRJM,Project Management
3693050181,OTHR,Other
3693050182,HCPR,Healthcare
3693050184,IT,Information Technology
3693050184,ADM,Administration
3693050184,CUST,Customer Service
3693050187,MNFC,Manufacturing
3693050187,SCI,Science
3693050187,QA,Quality Assurance
3693050193,SALE,Sales
3693050193,BD,Business Development
3693050194,ENG,Engineering
3693050194,IT,Information Technology
3693050241,MRKT,Marketing
3693050263,IT,Information Technology
3693050263,PRDM,Product Management
3693050268,ENG,Engineering
3693050268,IT,Information Technology
3693050275,IT,Information Technology
3693050279,ENG,Engineering
3693050279,IT,Information Technology
3693050281,FIN,Finance
3693050281,ACCT,Accounting
3693050286,SALE,Sales
3693050286,BD,Business Development
3693050288,IT,Information Technology
3693050291,MNFC,Manufacturing
3693050293,IT,Information Technology
3693050297,ENG,Engineering
3693050297,IT,Information Technology
3693050298,PRJM,Project Management
3693050303,ACCT,Accounting
3693050303,FIN,Finance
3693050311,ADM,Administration
3693050332,FIN,Finance
3693050332,SALE,Sales
3693050333,MGMT,Management
3693050333,MNFC,Manufacturing
3693050334,IT,Information Technology
3693050352,MGMT,Management
3693050352,MNFC,Manufacturing
3693050356,MRKT,Marketing
3693050361,LGL,Legal
3693050362,RSCH,Research
3693050365,SALE,Sales
3693050365,BD,Business Development
3693050366,CNSL,Consulting
3693050366,ENG,Engineering
3693050366,PRJM,Project Management
3693050367,ACCT,Accounting
3693050367,FIN,Finance
3693050369,HCPR,Healthcare
3693050379,MGMT,Management
3693050379,MNFC,Manufacturing
3693050386,ENG,Engineering
3693050386,IT,Information Technology
3693050395,HCPR,Healthcare
3693050395,MGMT,Management
3693050412,ACCT,Accounting
3693050412,FIN,Finance
3693050417,DSGN,Design
3693050417,ART,Arts
3693050417,PROD,Product Management
3693050442,ADM,Administration
3693050445,ENG,Engineering
3693050445,IT,Information Technology
3693050447,LGL,Legal
3693050448,ACCT,Accounting
3693050448,BD,Business Development
3693050448,PRJM,Project Management
3693050459,FIN,Finance
3693050460,ANLS,Analytics
3693050460,LGL,Legal
3693050460,OTHR,Other
3693050462,CNSL,Consulting
3693050463,OTHR,Other
3693050463,BD,Business Development
3693050463,SALE,Sales
3693050464,PRJM,Project Management
3693050464,IT,Information Technology
3693050466,ACCT,Accounting
3693050467,ENG,Engineering
3693050467,IT,Information Technology
3693050471,IT,Information Technology
3693050473,IT,Information Technology
3693050488,ADM,Administration
3693050489,OTHR,Other
3693050493,FIN,Finance
3693050493,OTHR,Other
3693050493,ACCT,Accounting
3693050498,SALE,Sales
3693050501,ENG,Engineering
3693050501,IT,Information Technology
3693050502,PRJM,Project Management
3693050502,IT,Information Technology
3693050507,HR,Human Resources
3693050507,ADM,Administration
3693050507,CUST,Customer Service
3693050508,IT,Information Technology
3693050527,ENG,Engineering
3693050527,IT,Information Technology
3693050538,HR,Human Resources
3693050544,LGL,Legal
3693050555,ENG,Engineering
3693050555,IT,Information Technology
3693050561,ACCT,Accounting
3693050561,FIN,Finance
3693050562,ANLS,Analytics
3693050562,ACCT,Accounting
3693050562,OTHR,Other
3693050564,ENG,Engineering
3693050564,IT,Information Technology
3693050567,CUST,Customer Service
3693050567,OTHR,Other
3693050570,MNFC,Manufacturing
3693050571,MRKT,Marketing
3693050571,PR,Public Relations
3693050571,WRT,Writing
3693050572,PRJM,Project Management
3693050572,CUST,Customer Service
3693050572,ENG,Engineering
3693050579,ACCT,Accounting
3693050579,ADM,Administration
3693050579,CUST,Customer Service
3693050581,SALE,Sales
3693050606,IT,Information Technology
3693050615,ENG,Engineering
3693050615,IT,Information Technology
3693050616,HCPR,Healthcare
3693050619,HR,Human Resources
3693050619,BD,Business Development
3693050622,HCPR,Healthcare
3693050623,MGMT,Management
3693050623,MNFC,Manufacturing
3693050630,HCPR,Healthcare
3693050631,HCPR,Healthcare
3693050636,MGMT,Management
3693050636,MNFC,Manufacturing
3693050639,SALE,Sales
3693050639,BD,Business Development
3693050640,ENG,Engineering
3693050640,OTHR,Other
3693050654,ADM,Administration
3693050666,ENG,Engineering
3693050666,IT,Information Technology
3693050669,SALE,Sales
3693050670,ANLS,Analytics
3693050670,ACCT,Accounting
3693050670,FIN,Finance
3693050675,IT,Information Technology
3693050683,ADM,Administration
3693050686,MRKT,Marketing
3693050686,SALE,Sales
3693050688,MRKT,Marketing
3693050688,SALE,Sales
3693050705,EDU,Education
3693050706,SALE,Sales
3693050706,BD,Business Development
3693050707,CNSL,Consulting
3693050707,IT,Information Technology
3693050707,SALE,Sales
3693050721,PROD,Product Management
3693050721,ENG,Engineering
3693050721,MNFC,Manufacturing
3693050722,SALE,Sales
3693050722,MGMT,Management
3693050730,CNSL,Consulting
3693050730,IT,Information Technology
3693050730,SALE,Sales
3693050731,SALE,Sales
3693050731,BD,Business Development
3693050740,IT,Information Technology
3693050741,IT,Information Technology
3693050743,OTHR,Other
3693050746,ENG,Engineering
3693050746,IT,Information Technology
3693050750,MRKT,Marketing
3693050750,PR,Public Relations
3693050750,WRT,Writing
3693050755,SALE,Sales
3693050755,BD,Business Development
3693050756,ENG,Engineering
3693050775,SALE,Sales
3693050775,BD,Business Development
3693050775,FIN,Finance
3693050776,SALE,Sales
3693050776,BD,Business Development
3693050776,FIN,Finance
3693050777,MGMT,Management
3693050777,MNFC,Manufacturing
3693050789,ENG,Engineering
3693050789,IT,Information Technology
3693050793,BD,Business Development
3693050793,SALE,Sales
3693050797,HCPR,Healthcare
3693050799,HCPR,Healthcare
3693050801,OTHR,Other
3693050813,SCI,Science
3693050814,LGL,Legal
3693050815,BD,Business Development
3693050815,SALE,Sales
3693050817,SALE,Sales
3693050817,MGMT,Management
3693050824,ENG,Engineering
3693050826,ADM,Administration
3693050833,EDU,Education
3693050833,TRNG,Training
3693050834,EDU,Education
3693050834,TRNG,Training
3693050837,HCPR,Healthcare
3693050838,SALE,Sales
3693050838,BD,Business Development
3693050843,BD,Business Development
3693050843,GENB,General Business
3693050843,SALE,Sales
3693050844,EDU,Education
3693050846,SALE,Sales
3693050846,BD,Business Development
3693050854,RSCH,Research
3693050854,SCI,Science
3636503102,CUST,Customer Service
3636503102,SALE,Sales
3693050855,ENG,Engineering
3693050855,IT,Information Technology
3693050857,PRCH,Procurement
3693050857,SUPL,Supply Chain
3693050858,ACCT,Accounting
3693050858,ADM,Administration
3693050858,ANLS,Analytics
3693050860,HCPR,Healthcare
3693050861,FIN,Finance
3693050861,SALE,Sales
3693050862,OTHR,Other
3693050862,FIN,Finance
3693050864,ACCT,Accounting
3693050864,FIN,Finance
3693050866,BD,Business Development
3693050866,GENB,General Business
3693050866,SALE,Sales
3693050868,HCPR,Healthcare
3693050869,SALE,Sales
3693050871,IT,Information Technology
3693050871,BD,Business Development
3693050871,ART,Arts
3693050873,ENG,Engineering
3693050873,IT,Information Technology
3693050884,HCPR,Healthcare
3693050889,PRJM,Project Management
3693050889,IT,Information Technology
3693050890,SALE,Sales
3693050890,BD,Business Development
3693050890,OTHR,Other
3693050899,PRDM,Product Management
3693050899,MRKT,Marketing
3693050903,SALE,Sales
3693050903,BD,Business Development
3693050905,BD,Business Development
3693050905,SALE,Sales
3693050875,IT,Information Technology
3693050912,ANLS,Analytics
3693050917,IT,Information Technology
3693050930,DSGN,Design
3693050930,ART,Arts
3693050930,IT,Information Technology
3693050931,ENG,Engineering
3693050931,IT,Information Technology
3693050934,SALE,Sales
3693050934,BD,Business Development
3693050962,ENG,Engineering
3693050962,IT,Information Technology
3693050966,ACCT,Accounting
3693050967,HR,Human Resources
3693050970,ENG,Engineering
3693050970,SALE,Sales
3693050972,SALE,Sales
3693050972,BD,Business Development
3693050973,MGMT,Management
3693050973,SUPL,Supply Chain
3693050973,ENG,Engineering
3693050974,ADVR,Advertising
3693050979,ENG,Engineering
3693050979,IT,Information Technology
3693050984,SALE,Sales
3693050984,BD,Business Development
3693050985,MGMT,Management
3693050989,SALE,Sales
3693050989,BD,Business Development
3693050995,IT,Information Technology
3693050998,ANLS,Analytics
3693050998,CNSL,Consulting
3693050998,FIN,Finance
3693051005,BD,Business Development
3693051005,SALE,Sales
3693051014,HR,Human Resources
3693051019,ACCT,Accounting
3693051019,FIN,Finance
3693051037,SALE,Sales
3693051037,MGMT,Management
3693051049,ENG,Engineering
3693051049,MNFC,Manufacturing
3693051049,IT,Information Technology
3693051052,IT,Information Technology
3693051052,SUPL,Supply Chain
3693051054,IT,Information Technology
3693051055,STRA,Strategy
3693051058,ACCT,Accounting
3693051058,FIN,Finance
3693051061,CUST,Customer Service
3693051061,ADM,Administration
3693051063,ENG,Engineering
3693051063,IT,Information Technology
3693051072,PRJM,Project Management
3693051072,IT,Information Technology
3693051072,QA,Quality Assurance
3693051078,RSCH,Research
3693051078,ANLS,Analytics
3693051078,IT,Information Technology
3693051093,ACCT,Accounting
3693051093,FIN,Finance
3693051095,ENG,Engineering
3693051095,IT,Information Technology
3693051101,QA,Quality Assurance
3693051101,ENG,Engineering
3693051102,ACCT,Accounting
3693051102,FIN,Finance
3693051109,EDU,Education
3693051109,TRNG,Training
3693051113,IT,Information Technology
3693051123,OTHR,Other
3693051124,IT,Information Technology
3693051125,SALE,Sales
3693051125,FIN,Finance
3693051125,CUST,Customer Service
3693051129,IT,Information Technology
3693051132,ENG,Engineering
3693051132,IT,Information Technology
3693051133,ENG,Engineering
3693051133,PRJM,Project Management
3693051138,LGL,Legal
3693051141,ADM,Administration
3693051141,MGMT,Management
3693051142,IT,Information Technology
3693051144,ENG,Engineering
3693051146,IT,Information Technology
3693051150,ART,Arts
3693051152,LGL,Legal
3693051153,PRJM,Project Management
3693051153,IT,Information Technology
3693051156,CNSL,Consulting
3693051156,BD,Business Development
3693051158,SALE,Sales
3693051158,BD,Business Development
3693051168,ACCT,Accounting
3693051168,FIN,Finance
3693051172,MGMT,Management
3693051172,MNFC,Manufacturing
3693051174,ENG,Engineering
3693051174,IT,Information Technology
3693051174,MGMT,Management
3693051176,SALE,Sales
3693051176,CUST,Customer Service
3693051177,DSGN,Design
3693051177,ART,Arts
3693051177,IT,Information Technology
3693051203,QA,Quality Assurance
3693051206,ADM,Administration
3693051206,PRJM,Project Management
3693051206,DSGN,Design
3693051208,DSGN,Design
3693051208,ART,Arts
3693051208,IT,Information Technology
3693051212,ADM,Administration
3693051213,ADM,Administration
3693051214,IT,Information Technology
3693051215,HR,Human Resources
3693051225,MNFC,Manufacturing
3693051225,SUPL,Supply Chain
3693051241,ADM,Administration
3693051244,MRKT,Marketing
3693051244,PR,Public Relations
3693051244,WRT,Writing
3693051246,HCPR,Healthcare
3693051247,MGMT,Management
3693051247,ENG,Engineering
3693051247,PRCH,Procurement
3693051248,PRCH,Procurement
3693051248,MNFC,Manufacturing
3693051250,IT,Information Technology
3693051257,PRJM,Project Management
3693051257,IT,Information Technology
3693051262,LGL,Legal
3693051277,MGMT,Management
3693051277,MNFC,Manufacturing
3693051280,FIN,Finance
3693051280,CUST,Customer Service
3693051290,BD,Business Development
3693051290,SALE,Sales
3693051293,ENG,Engineering
3693051300,IT,Information Technology
3693051318,MGMT,Management
3693051318,MNFC,Manufacturing
3693051324,ENG,Engineering
3693051334,MRKT,Marketing
3693051338,LGL,Legal
3693051340,HCPR,Healthcare
3693051343,OTHR,Other
3693051344,HCPR,Healthcare
3693051345,HCPR,Healthcare
3693051350,IT,Information Technology
3693051353,OTHR,Other
3693051363,MRKT,Marketing
3693051364,FIN,Finance
3693051364,SALE,Sales
3693051365,IT,Information Technology
3693051377,IT,Information Technology
3693051385,LGL,Legal
3693051390,ADM,Administration
3693051390,EDU,Education
3693051397,SALE,Sales
3693051397,ADM,Administration
3693051397,CUST,Customer Service
3693051398,QA,Quality Assurance
3693051402,IT,Information Technology
3693051410,HCPR,Healthcare
3693051414,HCPR,Healthcare
3693051415,IT,Information Technology
3693051416,MGMT,Management
3693051416,MNFC,Manufacturing
3693051419,MNFC,Manufacturing
3693051419,ENG,Engineering
3693051421,ENG,Engineering
3693051421,IT,Information Technology
3693051422,ACCT,Accounting
3693051422,FIN,Finance
3693051422,CUST,Customer Service
3693051427,MGMT,Management
3693051427,MNFC,Manufacturing
3693051428,IT,Information Technology
3693051429,HR,Human Resources
3693051430,MGMT,Management
3693051430,MNFC,Manufacturing
3693051432,HR,Human Resources
3693051434,IT,Information Technology
3693051440,HR,Human Resources
3693051441,IT,Information Technology
3693051447,ADM,Administration
3693051451,SALE,Sales
3693051451,BD,Business Development
3693051454,IT,Information Technology
3693051455,MNFC,Manufacturing
3693051455,OTHR,Other
3693051455,ENG,Engineering
3693051456,PRJM,Project Management
3693051456,IT,Information Technology
3693051457,ENG,Engineering
3693051459,PRCH,Procurement
3693051459,SUPL,Supply Chain
3693051462,ENG,Engineering
3693051462,IT,Information Technology
3693051466,ADM,Administration
3693051469,ADM,Administration
3693051469,SALE,Sales
3693051469,ART,Arts
3693051472,ADM,Administration
3693051473,ENG,Engineering
3693051473,IT,Information Technology
3693051475,IT,Information Technology
3693051479,HR,Human Resources
3693051482,IT,Information Technology
3693051486,ENG,Engineering
3693051486,IT,Information Technology
3693051487,IT,Information Technology
3693051488,MGMT,Management
3693051488,PRCH,Procurement
3693051488,SUPL,Supply Chain
3693051492,RSCH,Research
3693051492,ANLS,Analytics
3693051492,IT,Information Technology
3693051496,QA,Quality Assurance
3693051505,MGMT,Management
3693051505,MNFC,Manufacturing
3693051506,SALE,Sales
3693051506,MGMT,Management
3693051510,HCPR,Healthcare
3693051516,HCPR,Healthcare
3693051516,CUST,Customer Service
3693051520,OTHR,Other
3693051523,EDU,Education
3693051523,TRNG,Training
3693051528,FIN,Finance
3693051528,ACCT,Accounting
3693051528,MGMT,Management
3693051530,IT,Information Technology
3693051547,IT,Information Technology
3693051550,IT,Information Technology
3693051558,MGMT,Management
3693051558,MNFC,Manufacturing
3693051559,SALE,Sales
3693051559,BD,Business Development
3693051562,IT,Information Technology
3693051564,ENG,Engineering
3693051564,IT,Information Technology
3693051571,FIN,Finance
3693051571,ACCT,Accounting
3693051572,PRJM,Project Management
3693051572,IT,Information Technology
3693051572,BD,Business Development
3693051574,MRKT,Marketing
3693051574,ADVR,Advertising
3693051580,MGMT,Management
3693051580,MNFC,Manufacturing
3693051581,CUST,Customer Service
3693051584,ACCT,Accounting
3693051589,ENG,Engineering
3693051589,IT,Information Technology
3693051593,ENG,Engineering
3693051595,ACCT,Accounting
3693051596,MRKT,Marketing
3693051596,PR,Public Relations
3693051596,WRT,Writing
3693051597,IT,Information Technology
3693051616,OTHR,Other
3693051616,FIN,Finance
3693051616,ACCT,Accounting
3693051617,ENG,Engineering
3693051617,IT,Information Technology
3693051619,ENG,Engineering
3693051621,EDU,Education
3693051621,TRNG,Training
3693051622,OTHR,Other
3693051638,MGMT,Management
3693051638,MNFC,Manufacturing
3693051638,OTHR,Other
3693051644,HR,Human Resources
3693051645,ENG,Engineering
3693051645,IT,Information Technology
3693051648,IT,Information Technology
3693051651,MGMT,Management
3693051651,MNFC,Manufacturing
3693051654,MRKT,Marketing
3693051654,SALE,Sales
3693051655,MRKT,Marketing
3693051655,PR,Public Relations
3693051655,WRT,Writing
3693051656,STRA,Strategy
3693051656,HR,Human Resources
3693051656,PR,Public Relations
3693051658,HR,Human Resources
3693051664,ENG,Engineering
3693051664,IT,Information Technology
3693051671,IT,Information Technology
3693051671,DSGN,Design
3693051677,IT,Information Technology
3693051682,ENG,Engineering
3693051682,IT,Information Technology
3693051688,IT,Information Technology
3693051689,OTHR,Other
3693051699,ENG,Engineering
3693051699,IT,Information Technology
3693051721,PRJM,Project Management
3693051722,OTHR,Other
3693051722,SCI,Science
3693051722,CUST,Customer Service
3693051723,ENG,Engineering
3693051723,IT,Information Technology
3693051725,MRKT,Marketing
3693051725,PR,Public Relations
3693051725,WRT,Writing
3693051726,HCPR,Healthcare
3693051732,RSCH,Research
3693051734,ANLS,Analytics
3693051734,BD,Business Development
3693051735,ENG,Engineering
3693051735,IT,Information Technology
3693051737,MRKT,Marketing
3693051737,SALE,Sales
3693051739,IT,Information Technology
3693051740,MRKT,Marketing
3693051740,DSGN,Design
3693051740,ART,Arts
3693051742,ENG,Engineering
3693051742,IT,Information Technology
3693051743,MGMT,Management
3693051743,MNFC,Manufacturing
3693051757,MGMT,Management
3693051757,MNFC,Manufacturing
3693051763,SALE,Sales
3693051763,BD,Business Development
3693051764,EDU,Education
3693051767,MRKT,Marketing
3693051767,SALE,Sales
3693051768,FIN,Finance
3693051768,SALE,Sales
3693051774,PRJM,Project Management
3693051774,IT,Information Technology
3693051780,DSGN,Design
3693051780,ART,Arts
3693051780,IT,Information Technology
3693051781,DSGN,Design
3693051781,ART,Arts
3693051781,IT,Information Technology
3693051783,ADM,Administration
3693051793,SALE,Sales
3693051793,BD,Business Development
3693051793,ADM,Administration
3693051799,ADM,Administration
3693051803,ACCT,Accounting
3693051803,FIN,Finance
3693051821,HCPR,Healthcare
3693051822,PRJM,Project Management
3693051826,ENG,Engineering
3693051826,MGMT,Management
3693051826,PRJM,Project Management
3693051828,MGMT,Management
3693051828,MNFC,Manufacturing
3693051829,ENG,Engineering
3693051829,IT,Information Technology
3693051841,SALE,Sales
3693051841,BD,Business Development
3693051845,IT,Information Technology
3693051846,MGMT,Management
3693051853,MGMT,Management
3693051855,ACCT,Accounting
3693051855,FIN,Finance
3693051855,MGMT,Management
3693051912,MRKT,Marketing
3693051912,PR,Public Relations
3693051912,WRT,Writing
3693051913,MGMT,Management
3693051914,FIN,Finance
3693051914,SALE,Sales
3693051915,SALE,Sales
3693051915,BD,Business Development
3693051916,IT,Information Technology
3693051917,ACCT,Accounting
3693051917,FIN,Finance
3693051919,IT,Information Technology
3693051922,PRJM,Project Management
3693051922,IT,Information Technology
3693051933,HR,Human Resources
3693051939,HCPR,Healthcare
3693051946,SALE,Sales
3693051946,BD,Business Development
3693051947,FIN,Finance
3693051947,SALE,Sales
3693051948,HCPR,Healthcare
3693051950,OTHR,Other
3693051951,ADM,Administration
3693051955,HCPR,Healthcare
3693051980,QA,Quality Assurance
3693051987,HCPR,Healthcare
3693051992,IT,Information Technology
3693052011,ACCT,Accounting
3693052021,MRKT,Marketing
3693052021,SALE,Sales
3693052034,QA,Quality Assurance
3693052035,IT,Information Technology
3693052040,MGMT,Management
3693052043,SALE,Sales
3693052043,BD,Business Development
3693052045,MRKT,Marketing
3693052045,STRA,Strategy
3693052045,CUST,Customer Service
3693052063,MGMT,Management
3693052063,MNFC,Manufacturing
3693052066,MGMT,Management
3693052066,LGL,Legal
3693052066,CNSL,Consulting
3693052067,OTHR,Other
3693052068,MGMT,Management
3693052073,CUST,Customer Service
3693052077,ENG,Engineering
3693052077,IT,Information Technology
3693052081,MRKT,Marketing
3693052081,IT,Information Technology
3693052102,FIN,Finance
3693052102,SALE,Sales
3693052109,MRKT,Marketing
3693052109,SALE,Sales
3693052116,OTHR,Other
3693052122,ADM,Administration
3693052123,ACCT,Accounting
3693052123,FIN,Finance
3693052126,FIN,Finance
3693052126,SALE,Sales
3693052128,DSGN,Design
3693052128,SALE,Sales
3693052128,CUST,Customer Service
3693052131,IT,Information Technology
3693052132,PRJM,Project Management
3693052132,IT,Information Technology
3693052136,FIN,Finance
3693052136,SALE,Sales
3693052139,OTHR,Other
3693052142,DSGN,Design
3693052142,IT,Information Technology
3693052145,BD,Business Development
3693052145,GENB,General Business
3693052145,SALE,Sales
3693052147,HR,Human Resources
3693052148,OTHR,Other
3693052148,IT,Information Technology
3693052148,MGMT,Management
3693052149,MRKT,Marketing
3693052149,ANLS,Analytics
3693052149,ADVR,Advertising
3693052150,ENG,Engineering
3693052150,IT,Information Technology
3693052152,RSCH,Research
3693052152,ANLS,Analytics
3693052152,IT,Information Technology
3693052153,OTHR,Other
3693052155,SALE,Sales
3693052155,MGMT,Management
3693052156,IT,Information Technology
3693052162,OTHR,Other
3693052162,IT,Information Technology
3693052162,MGMT,Management
3693052169,BD,Business Development
3693052169,SALE,Sales
3693052175,RSCH,Research
3693052175,ANLS,Analytics
3693052175,SCI,Science
3693052185,MGMT,Management
3693052185,MNFC,Manufacturing
3693052190,MRKT,Marketing
3693052192,HCPR,Healthcare
3693052211,IT,Information Technology
3693052212,HCPR,Healthcare
3693052212,CUST,Customer Service
3693052212,ADM,Administration
3693052217,BD,Business Development
3693052217,GENB,General Business
3693052217,SALE,Sales
3693052226,ACCT,Accounting
3693052241,ACCT,Accounting
3693052241,FIN,Finance
3693052244,EDU,Education
3693052244,TRNG,Training
3693052245,IT,Information Technology
3693052251,IT,Information Technology
3693052252,ENG,Engineering
3693052252,IT,Information Technology
3693052253,ADM,Administration
3693052262,ENG,Engineering
3693052262,IT,Information Technology
3693052267,RSCH,Research
3693052267,SCI,Science
3693052268,HCPR,Healthcare
3693052275,IT,Information Technology
3693052277,SALE,Sales
3693052277,BD,Business Development
3693052277,IT,Information Technology
3693052292,IT,Information Technology
3693052293,SALE,Sales
3693052293,BD,Business Development
3693052295,SALE,Sales
3693052295,BD,Business Development
3693052301,SALE,Sales
3693052301,BD,Business Development
1053342128,CUST,Customer Service
3693052302,STRA,Strategy
3693052302,ANLS,Analytics
3693052302,SUPL,Supply Chain
3693052303,SALE,Sales
3693052303,BD,Business Development
3693052308,ART,Arts
3693052308,PROD,Product Management
3693052309,DSGN,Design
3693052309,ART,Arts
3693052309,IT,Information Technology
3693052313,IT,Information Technology
3693052314,EDU,Education
3693052314,TRNG,Training
3693052315,HCPR,Healthcare
3693052332,MGMT,Management
3693052332,MNFC,Manufacturing
3693052333,MGMT,Management
3693052333,MNFC,Manufacturing
3693052334,OTHR,Other
3693052334,IT,Information Technology
3693052334,MGMT,Management
3693052335,ACCT,Accounting
3693052335,FIN,Finance
3693052336,SALE,Sales
3693052336,BD,Business Development
3693052344,MRKT,Marketing
3693052344,SALE,Sales
3693052348,ENG,Engineering
3693052352,HCPR,Healthcare
3693052354,BD,Business Development
3693052354,SALE,Sales
3693052361,SALE,Sales
3693052361,BD,Business Development
3693052362,MGMT,Management
3693052362,MNFC,Manufacturing
3693052364,MGMT,Management
3693052364,MNFC,Manufacturing
3693052367,OTHR,Other
3693052369,MGMT,Management
3693052369,MNFC,Manufacturing
3693052370,MGMT,Management
3693052370,MNFC,Manufacturing
3693052371,MGMT,Management
3693052371,MNFC,Manufacturing
3693052373,MGMT,Management
3693052373,MNFC,Manufacturing
3693052375,QA,Quality Assurance
3693052412,MGMT,Management
3693052412,MNFC,Manufacturing
3693052420,HCPR,Healthcare
3693052429,OTHR,Other
3693052430,PRDM,Product Management
3693052433,SUPL,Supply Chain
3693052433,PROD,Product Management
3693052433,ADM,Administration
3693052455,HR,Human Resources
3693052457,MNFC,Manufacturing
3693052457,FIN,Finance
3693052462,IT,Information Technology
3693052469,ENG,Engineering
3693052469,IT,Information Technology
3693052472,IT,Information Technology
3693052478,RSCH,Research
3693052478,ANLS,Analytics
3693052478,IT,Information Technology
3693052484,IT,Information Technology
3693052505,ENG,Engineering
3693052505,IT,Information Technology
3693052508,ACCT,Accounting
3693052508,FIN,Finance
3693052508,STRA,Strategy
3693052509,ACCT,Accounting
3693052511,IT,Information Technology
3693052517,ACCT,Accounting
3693052517,FIN,Finance
3693052529,ENG,Engineering
3693052529,IT,Information Technology
3693052540,LGL,Legal
3693052551,GENB,General Business
3693052552,ENG,Engineering
3693052554,ACCT,Accounting
3693052554,FIN,Finance
3693053002,BD,Business Development
3693053002,SALE,Sales
3693053003,FIN,Finance
3693053006,ENG,Engineering
3693053006,IT,Information Technology
3693053007,RSCH,Research
3693053007,ANLS,Analytics
3693053007,IT,Information Technology
3693053008,CUST,Customer Service
3693053008,QA,Quality Assurance
3693053008,OTHR,Other
3693053009,OTHR,Other
3693053016,ADM,Administration
3693053017,BD,Business Development
3693053017,SALE,Sales
3693053019,HCPR,Healthcare
3693053020,SALE,Sales
3693053020,BD,Business Development
3693053021,OTHR,Other
3693053026,PRCH,Procurement
3693053026,SUPL,Supply Chain
3693053032,PRJM,Project Management
3693053033,ACCT,Accounting
3693053033,FIN,Finance
3693053035,ENG,Engineering
3693053035,MNFC,Manufacturing
3693053038,MGMT,Management
3693053038,MNFC,Manufacturing
3693053039,MRKT,Marketing
3693053039,ADVR,Advertising
3693053039,MGMT,Management
3693053047,PRDM,Product Management
3693053055,MGMT,Management
3693053055,MNFC,Manufacturing
3693053061,DSGN,Design
3693053061,ART,Arts
3693053061,IT,Information Technology
3693053065,ENG,Engineering
3693053065,IT,Information Technology
3693053067,SALE,Sales
3693053067,BD,Business Development
3693053071,EDU,Education
3693053072,ADM,Administration
3693053073,BD,Business Development
3693053073,SALE,Sales
3693053077,FIN,Finance
3693053077,SALE,Sales
3693053108,MGMT,Management
3693053108,MNFC,Manufacturing
3693053109,STRA,Strategy
3693053125,PRJM,Project Management
3693053128,HCPR,Healthcare
3693053132,IT,Information Technology
3693053137,IT,Information Technology
3693053139,MRKT,Marketing
3693053139,SALE,Sales
3693053142,ENG,Engineering
3693053142,IT,Information Technology
3693053145,OTHR,Other
3693053147,ENG,Engineering
3693053147,IT,Information Technology
3693053148,SCI,Science
3693053148,SUPL,Supply Chain
3693053151,PRJM,Project Management
3693053151,IT,Information Technology
3693053152,ACCT,Accounting
3693053156,LGL,Legal
3693053159,OTHR,Other
3693053161,ENG,Engineering
3693053161,DSGN,Design
3693053163,SALE,Sales
3693053163,BD,Business Development
3693053164,ENG,Engineering
3693053164,IT,Information Technology
3693053164,DSGN,Design
3693053166,ENG,Engineering
3693053166,IT,Information Technology
3693053167,SALE,Sales
3693053170,OTHR,Other
3693053170,FIN,Finance
3693053173,BD,Business Development
3693053173,GENB,General Business
3693053173,SALE,Sales
3693053176,IT,Information Technology
3693053177,IT,Information Technology
3693053179,ART,Arts
3693053179,PROD,Product Management
3693053200,ENG,Engineering
3693053200,IT,Information Technology
3693053203,BD,Business Development
3693053203,GENB,General Business
3693053203,SALE,Sales
3693053209,RSCH,Research
3693053209,STRA,Strategy
3693053209,MGMT,Management
3693053211,HCPR,Healthcare
3693053214,EDU,Education
3693053214,TRNG,Training
3693053215,ACCT,Accounting
3693053215,FIN,Finance
3693053216,HCPR,Healthcare
3693053217,MNFC,Manufacturing
3693053217,SCI,Science
3693053217,PROD,Product Management
3693053221,HCPR,Healthcare
3693053225,ENG,Engineering
3693053225,IT,Information Technology
3693053226,FIN,Finance
3693053226,ACCT,Accounting
3693053226,ANLS,Analytics
3693053228,RSCH,Research
3693053228,SCI,Science
3693053249,MGMT,Management
3693053249,MNFC,Manufacturing
3693053256,ENG,Engineering
3693053259,OTHR,Other
3693053263,IT,Information Technology
3693053268,ACCT,Accounting
3693053278,SALE,Sales
3693053278,BD,Business Development
3693053287,DSGN,Design
3693053287,MGMT,Management
3693053296,SALE,Sales
3693053305,GENB,General Business
3693053305,RSCH,Research
3693053306,ENG,Engineering
3693053306,IT,Information Technology
3693053310,MGMT,Management
3693053310,MNFC,Manufacturing
3693053311,MGMT,Management
3693053311,MNFC,Manufacturing
3693053312,ACCT,Accounting
3693053312,FIN,Finance
3693053313,HR,Human Resources
3693053314,SALE,Sales
3693053314,BD,Business Development
3693053315,MGMT,Management
3693053315,MNFC,Manufacturing
3693053317,LGL,Legal
3693053317,CNSL,Consulting
3693053323,IT,Information Technology
3693053326,OTHR,Other
3693053328,RSCH,Research
3693053328,ANLS,Analytics
3693053329,HCPR,Healthcare
3693053330,MGMT,Management
3693053330,MNFC,Manufacturing
3693053331,IT,Information Technology
3693053331,ACCT,Accounting
3693053335,PRDM,Product Management
3693053335,MRKT,Marketing
3693053335,BD,Business Development
3693053339,ADM,Administration
3693053348,ENG,Engineering
3693053348,IT,Information Technology
3693053353,PRJM,Project Management
3693053353,IT,Information Technology
3693053355,MGMT,Management
3693053355,MNFC,Manufacturing
3693053357,OTHR,Other
3693053365,ENG,Engineering
3693053365,IT,Information Technology
3693053368,MGMT,Management
3693053368,MNFC,Manufacturing
3693053377,EDU,Education
3693053377,MGMT,Management
3693053380,IT,Information Technology
3693053381,ENG,Engineering
3693053381,IT,Information Technology
3693053385,SALE,Sales
3693053385,BD,Business Development
3693053385,CUST,Customer Service
3693053387,MGMT,Management
3693053387,MNFC,Manufacturing
3693053388,HCPR,Healthcare
3693053395,MGMT,Management
3693053395,QA,Quality Assurance
3693053395,CUST,Customer Service
3693053398,IT,Information Technology
3693053398,CUST,Customer Service
3693053398,QA,Quality Assurance
3693053402,QA,Quality Assurance
3693053423,IT,Information Technology
3693053447,MRKT,Marketing
3693053447,PR,Public Relations
3693053447,WRT,Writing
3693053448,MRKT,Marketing
3693053448,PR,Public Relations
3693053448,WRT,Writing
3693053449,BD,Business Development
3693053449,MGMT,Management
3693053449,SALE,Sales
3693053452,HCPR,Healthcare
3693053453,ENG,Engineering
3693053454,MGMT,Management
3693053454,MNFC,Manufacturing
3693053456,CUST,Customer Service
3693053459,ADM,Administration
3693053474,ENG,Engineering
3693053474,MNFC,Manufacturing
3693053481,IT,Information Technology
3693053487,ENG,Engineering
3693053489,IT,Information Technology
3693053501,STRA,Strategy
3693053531,LGL,Legal
3693053541,HR,Human Resources
3693053544,ANLS,Analytics
3693053544,STRA,Strategy
3693054000,HCPR,Healthcare
3693054001,ENG,Engineering
3693054007,MGMT,Management
3693054007,MNFC,Manufacturing
3693054011,OTHR,Other
3693054018,IT,Information Technology
3693054018,ENG,Engineering
3693054018,DSGN,Design
3693054025,LGL,Legal
3693054025,CUST,Customer Service
3693054025,CNSL,Consulting
3693054028,OTHR,Other
3693054028,IT,Information Technology
3693054028,MGMT,Management
3693054029,OTHR,Other
3693054029,IT,Information Technology
3693054029,MGMT,Management
3693054030,ENG,Engineering
3693054030,QA,Quality Assurance
3693054031,SALE,Sales
3693054031,BD,Business Development
3693054033,ADM,Administration
3693054033,STRA,Strategy
3693054033,ENG,Engineering
3693054035,IT,Information Technology
3693054035,MRKT,Marketing
3693054037,HR,Human Resources
3693054039,ENG,Engineering
3693054039,IT,Information Technology
3693054039,MNFC,Manufacturing
3693054045,ADM,Administration
3693054050,IT,Information Technology
3693054051,SALE,Sales
3693054051,CUST,Customer Service
3693054051,BD,Business Development
3693054056,FIN,Finance
3693054056,ADM,Administration
3693054056,CUST,Customer Service
3693054061,MGMT,Management
3693054061,MNFC,Manufacturing
3693054071,SALE,Sales
3693054071,BD,Business Development
3693054080,BD,Business Development
3693054080,GENB,General Business
3693054080,SALE,Sales
3693054081,HCPR,Healthcare
3693054083,FIN,Finance
3693054085,ACCT,Accounting
3693054085,FIN,Finance
3693054085,EDU,Education
3693054087,BD,Business Development
3693054087,SALE,Sales
3693054088,SALE,Sales
3693054088,BD,Business Development
3693054088,OTHR,Other
3693054093,SALE,Sales
3693054093,BD,Business Development
3693054103,IT,Information Technology
3693054103,OTHR,Other
3693054106,ANLS,Analytics
3693054114,ENG,Engineering
3693054114,IT,Information Technology
3693054138,ENG,Engineering
3693054141,MGMT,Management
3693054141,MNFC,Manufacturing
3693054152,ENG,Engineering
3693054153,SALE,Sales
3693054153,BD,Business Development
3693054155,MRKT,Marketing
3693054155,SALE,Sales
3693054157,ANLS,Analytics
3693054168,ACCT,Accounting
3693054168,FIN,Finance
3693054169,ACCT,Accounting
3693054169,FIN,Finance
3693054170,QA,Quality Assurance
3693054173,IT,Information Technology
3693054176,STRA,Strategy
3693054176,PRCH,Procurement
3693054180,ENG,Engineering
3693054180,IT,Information Technology
3693054184,MGMT,Management
3693054184,MNFC,Manufacturing
3693054185,HCPR,Healthcare
3693054189,ENG,Engineering
3693054189,MNFC,Manufacturing
3693054191,MRKT,Marketing
3693054191,SALE,Sales
3693054197,SALE,Sales
3693054197,BD,Business Development
3693054198,BD,Business Development
3693054198,SALE,Sales
3693054199,LGL,Legal
3693054208,ENG,Engineering
3693054208,IT,Information Technology
3693054216,SALE,Sales
3693054216,BD,Business Development
3693054216,ADM,Administration
3693054219,MGMT,Management
3693054219,MNFC,Manufacturing
3693054221,IT,Information Technology
3693054221,CNSL,Consulting
3693054228,OTHR,Other
3693054228,IT,Information Technology
3693054228,MGMT,Management
3693054229,SALE,Sales
3693054229,BD,Business Development
3693054230,MGMT,Management
3693054230,MNFC,Manufacturing
3693054231,ACCT,Accounting
3693054231,FIN,Finance
3693054233,OTHR,Other
3693054245,OTHR,Other
3693054247,ACCT,Accounting
3693054247,FIN,Finance
3693054251,ADM,Administration
3693054253,PRJM,Project Management
3693054253,IT,Information Technology
3693054254,MGMT,Management
3693054254,MNFC,Manufacturing
3693054255,ENG,Engineering
3693054255,IT,Information Technology
3693054263,OTHR,Other
3693054265,OTHR,Other
3693054267,ADM,Administration
3693054269,IT,Information Technology
3693054272,ACCT,Accounting
3693054272,FIN,Finance
3693054272,OTHR,Other
3693054277,OTHR,Other
1657978824,OTHR,Other
3693054223,SALE,Sales
3693054223,BD,Business Development
3693054223,MRKT,Marketing
3693054311,RSCH,Research
3693054311,ANLS,Analytics
3693054311,IT,Information Technology
3693054340,IT,Information Technology
3693054341,ENG,Engineering
3693054342,MRKT,Marketing
3693054342,PR,Public Relations
3693054342,WRT,Writing
3693054344,ACCT,Accounting
3693054344,FIN,Finance
3693054345,ACCT,Accounting
3693054345,FIN,Finance
3693054348,ENG,Engineering
3693054348,IT,Information Technology
3693054349,SALE,Sales
3693054349,MGMT,Management
3693054349,BD,Business Development
3693054351,HCPR,Healthcare
3693054355,IT,Information Technology
3693054367,ACCT,Accounting
3693054367,FIN,Finance
3693054367,GENB,General Business
3693054377,SALE,Sales
3693054377,BD,Business Development
3693054377,ADVR,Advertising
3693054378,SALE,Sales
3693054378,BD,Business Development
3693054380,MGMT,Management
3693054380,MNFC,Manufacturing
3693054380,CNSL,Consulting
3693054385,ADM,Administration
3693054385,HCPR,Healthcare
3693054405,MRKT,Marketing
3693054405,PR,Public Relations
3693054405,WRT,Writing
3693054417,FIN,Finance
3693054417,ACCT,Accounting
3693054417,QA,Quality Assurance
3693054420,IT,Information Technology
3693054426,STRA,Strategy
3693054426,SUPL,Supply Chain
3693054429,IT,Information Technology
3693054431,ACCT,Accounting
3693054431,GENB,General Business
3693054431,OTHR,Other
3693054437,ENG,Engineering
3693054437,IT,Information Technology
3693054439,ENG,Engineering
3693054439,MRKT,Marketing
3693054439,IT,Information Technology
3693054441,ENG,Engineering
3693054441,SCI,Science
3693054441,RSCH,Research
3693055001,ENG,Engineering
3693055015,ENG,Engineering
3693055015,PROD,Product Management
3693055015,OTHR,Other
3693055017,OTHR,Other
3693055018,OTHR,Other
3693055018,IT,Information Technology
3693055018,MGMT,Management
3693055022,ENG,Engineering
3693055022,IT,Information Technology
3693055023,MGMT,Management
3693055023,MNFC,Manufacturing
3693055024,OTHR,Other
3693055026,BD,Business Development
3693055026,GENB,General Business
3693055026,SALE,Sales
3693055027,IT,Information Technology
3693055028,HCPR,Healthcare
3693055030,HCPR,Healthcare
3693055034,MGMT,Management
3693055034,MNFC,Manufacturing
3693055036,BD,Business Development
3693055036,GENB,General Business
3693055036,SALE,Sales
3693055041,IT,Information Technology
3693055042,RSCH,Research
3693055042,ANLS,Analytics
3693055042,IT,Information Technology
3693055044,BD,Business Development
3693055044,GENB,General Business
3693055044,SALE,Sales
3693055046,IT,Information Technology
3693055048,MNFC,Manufacturing
3693055048,ENG,Engineering
3693055048,PRDM,Product Management
3693055053,ACCT,Accounting
3693055053,FIN,Finance
3693055071,HCPR,Healthcare
3693055076,PRJM,Project Management
3693055076,ENG,Engineering
3693055076,MNFC,Manufacturing
3693055078,BD,Business Development
3693055078,GENB,General Business
3693055078,SALE,Sales
3693055080,IT,Information Technology
3693055085,BD,Business Development
3693055085,GENB,General Business
3693055085,SALE,Sales
3693055086,HR,Human Resources
3693055091,IT,Information Technology
3693055092,ACCT,Accounting
3693055092,FIN,Finance
3693055097,HR,Human Resources
3693055108,PRJM,Project Management
3693055108,PR,Public Relations
3693055108,ENG,Engineering
3693055109,ENG,Engineering
3693055109,IT,Information Technology
3693055110,ENG,Engineering
3680971274,MRKT,Marketing
3680971274,SALE,Sales
3693055112,IT,Information Technology
3693055121,OTHR,Other
3693055147,QA,Quality Assurance
3693055148,OTHR,Other
3693055157,IT,Information Technology
3693055168,ENG,Engineering
3693055168,IT,Information Technology
3693055169,ACCT,Accounting
3693055170,MGMT,Management
3693055170,MNFC,Manufacturing
3693055171,FIN,Finance
3693055171,SALE,Sales
3693055172,IT,Information Technology
3693055173,HR,Human Resources
3693055173,TRNG,Training
3693055179,ADM,Administration
3693055179,MNFC,Manufacturing
3693055179,OTHR,Other
3693055182,RSCH,Research
3693055182,ANLS,Analytics
3693055182,IT,Information Technology
3693055199,MRKT,Marketing
3693055199,PR,Public Relations
3693055199,WRT,Writing
3693055208,MGMT,Management
3693055208,MNFC,Manufacturing
3693055212,SALE,Sales
3693055212,BD,Business Development
3693055217,HCPR,Healthcare
3693055218,MGMT,Management
3693055218,MNFC,Manufacturing
3693055219,SALE,Sales
3693055219,BD,Business Development
3693055220,SALE,Sales
3693055220,BD,Business Development
3693055224,ENG,Engineering
3693055226,HCPR,Healthcare
3693055227,MNFC,Manufacturing
3693055227,DIST,Distribution
3693055227,PROD,Product Management
3693055242,MGMT,Management
3693055242,MNFC,Manufacturing
3693055243,MGMT,Management
3693055243,MNFC,Manufacturing
3693055249,MGMT,Management
3693055249,MNFC,Manufacturing
3693055252,MGMT,Management
3693055252,MNFC,Manufacturing
3693055255,RSCH,Research
3693055255,ANLS,Analytics
3693055255,IT,Information Technology
3693055256,HCPR,Healthcare
3693055257,IT,Information Technology
3693055259,PRDM,Product Management
3693055259,MRKT,Marketing
3693055260,PRJM,Project Management
3693055260,IT,Information Technology
3693055261,OTHR,Other
3693055265,MGMT,Management
3693055265,MNFC,Manufacturing
3693055267,ACCT,Accounting
3693055267,FIN,Finance
3693055270,ACCT,Accounting
3693055270,FIN,Finance
3693055273,ENG,Engineering
3693055273,IT,Information Technology
3693055333,MRKT,Marketing
3693055333,PR,Public Relations
3693055333,WRT,Writing
3693055337,PRJM,Project Management
3693055340,PRJM,Project Management
3693055340,MGMT,Management
3693055340,MNFC,Manufacturing
3693055354,BD,Business Development
3693055354,SALE,Sales
3693055361,HR,Human Resources
3693055361,ACCT,Accounting
3693055363,ENG,Engineering
3693055363,PRJM,Project Management
3693055365,EDU,Education
3693055367,IT,Information Technology
3693055371,ENG,Engineering
3693055371,DSGN,Design
3693055371,OTHR,Other
3693055372,IT,Information Technology
3693055373,FIN,Finance
3693055373,SALE,Sales
3693055374,MRKT,Marketing
3693055374,ADVR,Advertising
3693055374,HR,Human Resources
3693055393,CUST,Customer Service
3693055393,SALE,Sales
3693055393,STRA,Strategy
3693055421,IT,Information Technology
3693055428,ADM,Administration
3693055448,ENG,Engineering
3693056003,ADM,Administration
3693056019,ACCT,Accounting
3693056019,FIN,Finance
3693056028,EDU,Education
3693056048,MGMT,Management
3693056048,MNFC,Manufacturing
3693056054,IT,Information Technology
3693056056,ENG,Engineering
3693056056,IT,Information Technology
3693056058,IT,Information Technology
3693056059,IT,Information Technology
3693056062,HCPR,Healthcare
3693056073,ENG,Engineering
3693056073,IT,Information Technology
3693056074,IT,Information Technology
3693056074,ENG,Engineering
3693056074,OTHR,Other
3693056075,ENG,Engineering
3693056075,IT,Information Technology
3693056081,SALE,Sales
3693056081,CUST,Customer Service
3693056081,ADVR,Advertising
3693056082,BD,Business Development
3693056082,SALE,Sales
3693056084,DIST,Distribution
3693056084,SUPL,Supply Chain
3693056084,PRCH,Procurement
3693056085,SALE,Sales
3693056085,BD,Business Development
3693056092,IT,Information Technology
3693056094,ENG,Engineering
3693056094,DSGN,Design
3693056096,FIN,Finance
3693056096,SALE,Sales
3693056101,IT,Information Technology
3693056111,MGMT,Management
3693056111,MNFC,Manufacturing
3693056112,MGMT,Management
3693056112,MNFC,Manufacturing
3693056114,ACCT,Accounting
3693056114,FIN,Finance
3693056116,MGMT,Management
3693056118,MRKT,Marketing
3693056118,PR,Public Relations
3693056118,WRT,Writing
3693056132,QA,Quality Assurance
3693056133,SUPL,Supply Chain
3693056139,ADM,Administration
3693056145,IT,Information Technology
3693056146,MGMT,Management
3693056146,MNFC,Manufacturing
3693056150,MGMT,Management
3693056150,MNFC,Manufacturing
3693056152,MGMT,Management
3693056152,MNFC,Manufacturing
3693056153,OTHR,Other
3693056154,MGMT,Management
3693056154,MNFC,Manufacturing
3693056161,IT,Information Technology
3693056170,MGMT,Management
3693056170,MNFC,Manufacturing
3693056171,MGMT,Management
3693056171,MNFC,Manufacturing
3693056172,MGMT,Management
3693056172,MNFC,Manufacturing
3693056230,ANLS,Analytics
3693056230,CNSL,Consulting
3693056233,ENG,Engineering
3693056233,IT,Information Technology
3693056234,LGL,Legal
3693056234,STRA,Strategy
3693056235,MRKT,Marketing
3693056235,PR,Public Relations
3693056235,WRT,Writing
3693056236,PRJM,Project Management
3693056236,IT,Information Technology
3693056239,MGMT,Management
3693056239,QA,Quality Assurance
3693056239,CUST,Customer Service
3693056242,MRKT,Marketing
3693056244,IT,Information Technology
3693056245,DIST,Distribution
3693056245,MNFC,Manufacturing
3693056245,PROD,Product Management
3693056246,FIN,Finance
3693056246,SUPL,Supply Chain
3693056246,MNFC,Manufacturing
3693056252,OTHR,Other
3693056269,ENG,Engineering
3693056269,OTHR,Other
3693056275,ENG,Engineering
3693056275,MNFC,Manufacturing
3693056275,PRDM,Product Management
3693056279,SALE,Sales
3693056279,BD,Business Development
3693056280,DSGN,Design
3693056280,IT,Information Technology
3693056301,QA,Quality Assurance
3693056308,WRT,Writing
3693056317,MGMT,Management
3693056317,BD,Business Development
3693056317,WRT,Writing
3693056327,ENG,Engineering
3693056327,IT,Information Technology
3693056332,ANLS,Analytics
3693056332,STRA,Strategy
3693056333,MRKT,Marketing
3693056334,FIN,Finance
3693056334,SALE,Sales
3693056342,ENG,Engineering
3693056342,IT,Information Technology
3693056352,ANLS,Analytics
3693056352,STRA,Strategy
3693056751,PRDM,Product Management
3693056751,MRKT,Marketing
3693057004,WRT,Writing
3693057004,PR,Public Relations
3693057004,PRJM,Project Management
3693057017,IT,Information Technology
3693057020,IT,Information Technology
3693057029,IT,Information Technology
3693057032,IT,Information Technology
3693057033,WRT,Writing
3693057035,CUST,Customer Service
3693057035,MRKT,Marketing
3693057035,SALE,Sales
3693057036,MGMT,Management
3693057036,MNFC,Manufacturing
3693057037,SALE,Sales
3693057037,BD,Business Development
3693057038,MGMT,Management
3693057038,MNFC,Manufacturing
3693057039,IT,Information Technology
3693057041,IT,Information Technology
3693057043,RSCH,Research
3693057043,ANLS,Analytics
3693057043,IT,Information Technology
3693057045,ACCT,Accounting
3693057047,ENG,Engineering
3693057047,IT,Information Technology
3693057058,MRKT,Marketing
3693057058,PR,Public Relations
3693057058,WRT,Writing
3693057059,IT,Information Technology
3693057060,SALE,Sales
3693057060,BD,Business Development
3693057061,EDU,Education
3693057061,TRNG,Training
3693057062,OTHR,Other
3693057062,IT,Information Technology
3693057062,MGMT,Management
3693057063,SALE,Sales
3693057063,BD,Business Development
3693057065,SALE,Sales
3693057065,BD,Business Development
3693057069,HCPR,Healthcare
3693057072,ADM,Administration
133114754,SALE,Sales
133114754,BD,Business Development
3693057078,FIN,Finance
3693057078,SALE,Sales
3693057080,MGMT,Management
3693057080,MNFC,Manufacturing
3693057083,ENG,Engineering
3693057083,IT,Information Technology
3693057085,IT,Information Technology
3693057087,MGMT,Management
3693057087,MNFC,Manufacturing
3693057088,IT,Information Technology
3693057089,OTHR,Other
3693057090,MGMT,Management
3693057090,MNFC,Manufacturing
3693057091,MGMT,Management
3693057091,MNFC,Manufacturing
3693057092,MGMT,Management
3693057094,FIN,Finance
3693057094,SALE,Sales
3693057097,MGMT,Management
3693057097,MNFC,Manufacturing
3693057098,ENG,Engineering
3693057098,IT,Information Technology
3693057101,MGMT,Management
3693057101,MNFC,Manufacturing
3693057102,OTHR,Other
3693057104,QA,Quality Assurance
3693057106,MGMT,Management
3693057106,MNFC,Manufacturing
3693057108,MGMT,Management
3693057108,MNFC,Manufacturing
3693057114,HCPR,Healthcare
3693057122,ACCT,Accounting
3693057129,IT,Information Technology
3693057157,SALE,Sales
3693057157,BD,Business Development
3693057176,ENG,Engineering
3693057176,IT,Information Technology
3693057177,MRKT,Marketing
3693057177,PR,Public Relations
3693057177,WRT,Writing
3693057178,IT,Information Technology
3693057179,DSGN,Design
3693057179,ART,Arts
3693057179,IT,Information Technology
3693057181,ACCT,Accounting
3693057181,CUST,Customer Service
3693057181,FIN,Finance
3693057188,RSCH,Research
3693057188,ANLS,Analytics
3693057188,IT,Information Technology
3693057198,ADM,Administration
3693057198,CUST,Customer Service
3693057198,PR,Public Relations
3693057203,ENG,Engineering
3693057203,IT,Information Technology
3693057212,ENG,Engineering
3693057212,IT,Information Technology
3693057222,IT,Information Technology
3693057226,ACCT,Accounting
3693057226,FIN,Finance
3693057251,ADM,Administration
3693057254,IT,Information Technology
3693057265,BD,Business Development
3693057265,SALE,Sales
3693057267,OTHR,Other
3693057272,ADM,Administration
3693057272,IT,Information Technology
3693057275,ACCT,Accounting
3693057275,FIN,Finance
3693057275,ADM,Administration
3693057276,HR,Human Resources
3693057278,ACCT,Accounting
3693057282,PRJM,Project Management
3693057282,IT,Information Technology
3693058000,MGMT,Management
3693058000,MNFC,Manufacturing
3693058001,PRJM,Project Management
3693058001,IT,Information Technology
3693058002,MGMT,Management
3693058002,MNFC,Manufacturing
3693058008,PRJM,Project Management
3693058010,MGMT,Management
3693058010,MNFC,Manufacturing
3693058022,MNFC,Manufacturing
3693058022,MGMT,Management
3693058022,SUPL,Supply Chain
3693058030,OTHR,Other
3693058030,IT,Information Technology
3693058030,MGMT,Management
3693058035,ADM,Administration
3693058041,MGMT,Management
3693058041,OTHR,Other
3693058042,SALE,Sales
3693058042,BD,Business Development
3693058043,MRKT,Marketing
3693058043,SALE,Sales
3693058044,MGMT,Management
3693058044,MNFC,Manufacturing
3693058048,MRKT,Marketing
3693058048,SALE,Sales
3693058050,MGMT,Management
3693058050,DIST,Distribution
3693058050,BD,Business Development
3693058054,OTHR,Other
3693058058,ENG,Engineering
3693058058,IT,Information Technology
3693058063,OTHR,Other
3693058064,MGMT,Management
3693058064,MNFC,Manufacturing
3693058066,IT,Information Technology
3693058066,ENG,Engineering
3693058067,ENG,Engineering
3693058073,MGMT,Management
3693058073,ACCT,Accounting
3693058073,FIN,Finance
3693058074,MGMT,Management
3693058074,MNFC,Manufacturing
3693058079,MGMT,Management
3693058079,MNFC,Manufacturing
3693058144,HCPR,Healthcare
3693058147,MRKT,Marketing
3693058147,PR,Public Relations
3693058147,WRT,Writing
3693058149,MNFC,Manufacturing
3693058155,EDU,Education
3693058157,MGMT,Management
3693058157,MNFC,Manufacturing
3693058159,ENG,Engineering
3693058159,IT,Information Technology
3693058159,ANLS,Analytics
3693058186,IT,Information Technology
3693058209,FIN,Finance
3693058209,SALE,Sales
3693058211,IT,Information Technology
3693058220,IT,Information Technology
3693058225,ADM,Administration
3693058239,ENG,Engineering
3693058242,IT,Information Technology
3693058242,PRDM,Product Management
3693058243,LGL,Legal
3693058250,IT,Information Technology
3693058251,CUST,Customer Service
3693058252,IT,Information Technology
3693058261,CUST,Customer Service
3693058263,ANLS,Analytics
3693058263,STRA,Strategy
3693058744,IT,Information Technology
3693058744,ADM,Administration
3693058744,MRKT,Marketing
3693059000,OTHR,Other
3693059002,ANLS,Analytics
3693059003,ADM,Administration
3693059003,IT,Information Technology
3693059003,MGMT,Management
3693059006,MGMT,Management
3693059008,IT,Information Technology
3693060369,HR,Human Resources
3693060500,IT,Information Technology
3693060577,ACCT,Accounting
3693060577,FIN,Finance
3693060810,ENG,Engineering
3693060810,IT,Information Technology
3693060831,OTHR,Other
3693060835,OTHR,Other
3693060836,OTHR,Other
3693060837,IT,Information Technology
3693060839,FIN,Finance
3693060839,SALE,Sales
3693060851,HCPR,Healthcare
3693060870,HR,Human Resources
3693060881,ENG,Engineering
3693060881,IT,Information Technology
3693060889,HCPR,Healthcare
3693060912,MGMT,Management
3693060912,MNFC,Manufacturing
3693060913,OTHR,Other
3693060915,PRJM,Project Management
3693060915,IT,Information Technology
3693060930,RSCH,Research
3693060930,ANLS,Analytics
3693060930,IT,Information Technology
3693060931,HR,Human Resources
3693060963,MGMT,Management
3693060963,MNFC,Manufacturing
3693060965,PRJM,Project Management
3693060965,IT,Information Technology
3693060966,OTHR,Other
3693060969,PRJM,Project Management
3693060969,IT,Information Technology
3693060980,LGL,Legal
3693060986,ENG,Engineering
3693060986,IT,Information Technology
3693060991,HR,Human Resources
3693060992,MGMT,Management
3693060992,MNFC,Manufacturing
3693060993,ENG,Engineering
3693060993,IT,Information Technology
3693060995,OTHR,Other
3693060995,IT,Information Technology
3693060995,MGMT,Management
3693060996,OTHR,Other
3693060996,IT,Information Technology
3693060996,MGMT,Management
3693061589,ACCT,Accounting
3693061589,FIN,Finance
3693061745,PRJM,Project Management
3693061745,IT,Information Technology
3693061768,OTHR,Other
3693061770,IT,Information Technology
3693061771,IT,Information Technology
3693061773,FIN,Finance
3693061773,SALE,Sales
3693061827,HCPR,Healthcare
3693061845,EDU,Education
3693061845,TRNG,Training
3693061859,MGMT,Management
3693061859,MNFC,Manufacturing
3693061862,MGMT,Management
3693061862,MNFC,Manufacturing
3693061873,HCPR,Healthcare
3693061901,HCPR,Healthcare
3693061904,ENG,Engineering
3693061904,IT,Information Technology
3693061906,HCPR,Healthcare
3693061930,SALE,Sales
3693061930,BD,Business Development
3693061932,MGMT,Management
3693061932,MNFC,Manufacturing
3693061940,MGMT,Management
3693061940,MNFC,Manufacturing
3693061941,MGMT,Management
3693061941,MNFC,Manufacturing
3693061942,MGMT,Management
3693061942,MNFC,Manufacturing
3693061944,OTHR,Other
3693061944,IT,Information Technology
3693061944,MGMT,Management
3693061945,OTHR,Other
3693061945,IT,Information Technology
3693061945,MGMT,Management
3693061947,RSCH,Research
3693061947,ANLS,Analytics
3693061947,IT,Information Technology
3693061948,RSCH,Research
3693061948,ANLS,Analytics
3693061948,IT,Information Technology
3693061949,MGMT,Management
3693061949,MNFC,Manufacturing
3693061955,BD,Business Development
3693061955,SALE,Sales
3693061958,HCPR,Healthcare
3693061960,PRJM,Project Management
3693061960,IT,Information Technology
3693061962,MGMT,Management
3693061962,MNFC,Manufacturing
3693061971,SALE,Sales
3693061971,BD,Business Development
3693061998,DSGN,Design
3693061998,ART,Arts
3693061998,IT,Information Technology
3693061999,BD,Business Development
3693061999,SALE,Sales
3693061999,OTHR,Other
3693062038,IT,Information Technology
3693062038,ADM,Administration
3693062038,MRKT,Marketing
3693062379,SALE,Sales
3693062379,MGMT,Management
3693062422,ACCT,Accounting
3693062422,FIN,Finance
3693062469,SALE,Sales
3693062469,BD,Business Development
3693062565,MGMT,Management
3693062565,MNFC,Manufacturing
3693062676,MGMT,Management
3693062676,MNFC,Manufacturing
3693062772,OTHR,Other
3693062773,OTHR,Other
3693062774,OTHR,Other
3693062776,OTHR,Other
3693062778,IT,Information Technology
3693062779,IT,Information Technology
3693062853,SALE,Sales
3693062853,MGMT,Management
3693062864,HCPR,Healthcare
3693062867,HR,Human Resources
3693062870,HCPR,Healthcare
3693062883,ADM,Administration
3693062888,SALE,Sales
3693062888,BD,Business Development
3693062898,HCPR,Healthcare
3693062904,HR,Human Resources
3693062906,MGMT,Management
3693062906,MNFC,Manufacturing
3693062915,SALE,Sales
3693062915,BD,Business Development
3693062922,HCPR,Healthcare
3693062923,HCPR,Healthcare
3693062924,IT,Information Technology
3693062931,MGMT,Management
3693062931,MNFC,Manufacturing
3693062935,SALE,Sales
3693062935,BD,Business Development
3693062936,MGMT,Management
3693062936,MNFC,Manufacturing
3693062938,MGMT,Management
3693062938,MNFC,Manufacturing
3693062939,SALE,Sales
3693062939,BD,Business Development
3693062940,ENG,Engineering
3693062940,IT,Information Technology
3693062946,HCPR,Healthcare
3693062947,HCPR,Healthcare
3693062950,MGMT,Management
3693062950,MNFC,Manufacturing
3693062962,MGMT,Management
3693062962,MNFC,Manufacturing
3693062969,ENG,Engineering
3693062969,DSGN,Design
3693062969,IT,Information Technology
3693062998,HCPR,Healthcare
3693062999,OTHR,Other
3693063680,ENG,Engineering
3693063680,IT,Information Technology
3693063728,OTHR,Other
3693063730,OTHR,Other
3693063731,OTHR,Other
3693063735,ENG,Engineering
3693063735,IT,Information Technology
3693063736,SALE,Sales
3693063736,BD,Business Development
3693063737,OTHR,Other
3693063738,OTHR,Other
3693063739,ENG,Engineering
3693063739,IT,Information Technology
3693063742,FIN,Finance
3693063742,SALE,Sales
3693063743,FIN,Finance
3693063743,SALE,Sales
3693063744,FIN,Finance
3693063744,SALE,Sales
3693063745,FIN,Finance
3693063745,SALE,Sales
3693063807,HCPR,Healthcare
3693063821,HCPR,Healthcare
3693063860,HCPR,Healthcare
3693063861,HCPR,Healthcare
3693063862,MGMT,Management
3693063862,MNFC,Manufacturing
3693063864,MGMT,Management
3693063864,MNFC,Manufacturing
3693063865,HCPR,Healthcare
3693063867,IT,Information Technology
3693063868,BD,Business Development
3693063868,SALE,Sales
3693063872,MGMT,Management
3693063872,MNFC,Manufacturing
3693063874,PRJM,Project Management
3693063874,IT,Information Technology
3693063875,ENG,Engineering
3693063875,IT,Information Technology
3693063880,PRDM,Product Management
3693063880,MRKT,Marketing
3693063883,HCPR,Healthcare
3693063894,HCPR,Healthcare
3693063904,SALE,Sales
3693063904,BD,Business Development
3693063906,OTHR,Other
3693063908,RSCH,Research
3693063908,ANLS,Analytics
3693063908,IT,Information Technology
3693063911,MGMT,Management
3693063911,MNFC,Manufacturing
3693063914,HCPR,Healthcare
3693063915,HCPR,Healthcare
3693063916,HCPR,Healthcare
3693063917,ADM,Administration
3693063917,LGL,Legal
3693063917,MRKT,Marketing
3693063919,MGMT,Management
3693063919,MNFC,Manufacturing
3693063921,SALE,Sales
3693063921,BD,Business Development
3693063924,IT,Information Technology
3693063925,LGL,Legal
3693063926,SALE,Sales
3693063926,BD,Business Development
3693063928,MRKT,Marketing
3693063928,SALE,Sales
3693063929,ENG,Engineering
3693063929,IT,Information Technology
3693063935,OTHR,Other
3693063963,IT,Information Technology
3693063963,ADM,Administration
3693063973,FIN,Finance
3693063973,SALE,Sales
3693063975,PRJM,Project Management
3693063985,IT,Information Technology
3693063985,PRJM,Project Management
3693063985,MGMT,Management
3693063988,ADM,Administration
3693063989,QA,Quality Assurance
3693063990,ADM,Administration
3693063991,HCPR,Healthcare
3693063993,LGL,Legal
3693063994,HCPR,Healthcare
3693063995,HCPR,Healthcare
3693063996,SALE,Sales
3693063996,BD,Business Development
3693064131,SALE,Sales
3693064131,CUST,Customer Service
3693064131,MGMT,Management
3693064493,FIN,Finance
3693064493,SALE,Sales
3693064497,OTHR,Other
3693064539,MRKT,Marketing
3693064539,SALE,Sales
3693064545,OTHR,Other
3693064546,OTHR,Other
3693064548,PRJM,Project Management
3693064548,IT,Information Technology
3693064550,OTHR,Other
3693064585,HCPR,Healthcare
3693064588,ADM,Administration
3693064594,HCPR,Healthcare
3693064632,ACCT,Accounting
3693064632,FIN,Finance
3693064633,OTHR,Other
3693064636,RSCH,Research
3693064636,ANLS,Analytics
3693064636,IT,Information Technology
3693064642,MGMT,Management
3693064642,MNFC,Manufacturing
3693064674,ENG,Engineering
3693064674,IT,Information Technology
3693064675,HCPR,Healthcare
3693064677,HCPR,Healthcare
3693064685,ENG,Engineering
3693064685,IT,Information Technology
3693064702,QA,Quality Assurance
3693064703,DSGN,Design
3693064703,ART,Arts
3693064703,IT,Information Technology
3693064704,MGMT,Management
3693064704,MNFC,Manufacturing
3693064707,MGMT,Management
3693064707,MNFC,Manufacturing
3693064708,MGMT,Management
3693064708,MNFC,Manufacturing
3693064709,MGMT,Management
3693064709,MNFC,Manufacturing
3693064715,HCPR,Healthcare
3693064716,ENG,Engineering
3693064716,IT,Information Technology
3693064722,MGMT,Management
3693064722,STRA,Strategy
3693064722,GENB,General Business
3693064723,RSCH,Research
3693064723,ANLS,Analytics
3693064723,IT,Information Technology
3693064726,QA,Quality Assurance
3693064764,SALE,Sales
3693064764,BD,Business Development
3693064772,OTHR,Other
3693064774,HCPR,Healthcare
3693064778,HCPR,Healthcare
3693064779,HCPR,Healthcare
3693064783,ART,Arts
3693064788,OTHR,Other
3693064797,PRJM,Project Management
3693064798,MRKT,Marketing
3693064798,SALE,Sales
3693064800,MGMT,Management
3693064800,MNFC,Manufacturing
3693064803,ENG,Engineering
3693064803,IT,Information Technology
3693064806,MGMT,Management
3693064806,MNFC,Manufacturing
3693064812,OTHR,Other
3693064816,HR,Human Resources
3693064817,MRKT,Marketing
3693064817,PR,Public Relations
3693064817,WRT,Writing
3693064819,LGL,Legal
3693064820,MRKT,Marketing
3693064820,PR,Public Relations
3693064820,WRT,Writing
3693064821,MRKT,Marketing
3693064821,PR,Public Relations
3693064821,WRT,Writing
3693064822,MRKT,Marketing
3693064822,PR,Public Relations
3693064822,WRT,Writing
3693064823,LGL,Legal
3693064825,SALE,Sales
3693064825,OTHR,Other
3693064828,HR,Human Resources
3693064832,IT,Information Technology
3693064833,IT,Information Technology
3693064835,SALE,Sales
3693064841,IT,Information Technology
3693064842,OTHR,Other
3693064864,BD,Business Development
3693064864,HR,Human Resources
3693064864,OTHR,Other
3693064870,HCPR,Healthcare
3693064872,MGMT,Management
3693064872,MNFC,Manufacturing
3693064873,SALE,Sales
3693064873,BD,Business Development
3693064873,CUST,Customer Service
3693064874,HCPR,Healthcare
3693064875,ENG,Engineering
3693064875,IT,Information Technology
3693064876,HCPR,Healthcare
3693064879,HCPR,Healthcare
3693064886,HCPR,Healthcare
3693064889,HR,Human Resources
3693064891,HCPR,Healthcare
3693064892,HCPR,Healthcare
3693064895,MGMT,Management
3693064895,MNFC,Manufacturing
3693064902,HCPR,Healthcare
3693064906,MGMT,Management
3693064906,MNFC,Manufacturing
3693064907,HCPR,Healthcare
3693064908,HCPR,Healthcare
3693064911,HCPR,Healthcare
3693064915,HCPR,Healthcare
3693064916,HCPR,Healthcare
3693064918,HCPR,Healthcare
3693064922,MGMT,Management
3693064922,MNFC,Manufacturing
3693064923,MGMT,Management
3693064923,MNFC,Manufacturing
3693064924,HCPR,Healthcare
3693064927,HCPR,Healthcare
3693064934,ENG,Engineering
3693064935,ENG,Engineering
3693064935,IT,Information Technology
3693064936,IT,Information Technology
3693064944,ADM,Administration
3693064951,EDU,Education
3693064951,TRNG,Training
3693064972,ACCT,Accounting
3693064972,FIN,Finance
3693064975,FIN,Finance
3693064975,SALE,Sales
3693064978,CUST,Customer Service
3693064979,RSCH,Research
3693064979,ANLS,Analytics
3693064979,IT,Information Technology
3693064988,IT,Information Technology
3693064995,HCPR,Healthcare
3693064996,HCPR,Healthcare
3693065524,ENG,Engineering
3693065524,IT,Information Technology
3693065525,OTHR,Other
3693065526,OTHR,Other
3693065530,OTHR,Other
3693065531,OTHR,Other
3693065532,OTHR,Other
3693065533,OTHR,Other
3693065534,FIN,Finance
3693065534,SALE,Sales
3693065536,ENG,Engineering
3693065536,IT,Information Technology
3693065540,FIN,Finance
3693065540,SALE,Sales
3693065594,ENG,Engineering
3693065594,IT,Information Technology
3693065613,MGMT,Management
3693065613,MNFC,Manufacturing
3693065641,MGMT,Management
3693065641,MNFC,Manufacturing
3693065650,PRCH,Procurement
3693065650,SUPL,Supply Chain
3693065673,HCPR,Healthcare
3693065682,ENG,Engineering
3693065682,IT,Information Technology
3693065685,PRDM,Product Management
3693065685,MRKT,Marketing
3693065687,EDU,Education
3693065687,TRNG,Training
3693065689,MGMT,Management
3693065689,MNFC,Manufacturing
3693065691,HCPR,Healthcare
3693065693,ENG,Engineering
3693065693,IT,Information Technology
3693065696,ENG,Engineering
3693065696,IT,Information Technology
3693065705,MGMT,Management
3693065705,MNFC,Manufacturing
3693065706,MGMT,Management
3693065706,MNFC,Manufacturing
3693065708,MGMT,Management
3693065708,MNFC,Manufacturing
3693065709,SALE,Sales
3693065709,BD,Business Development
3693065710,SALE,Sales
3693065710,BD,Business Development
3693065711,OTHR,Other
3693065711,IT,Information Technology
3693065711,MGMT,Management
3693065714,RSCH,Research
3693065714,ANLS,Analytics
3693065714,IT,Information Technology
3693065718,LGL,Legal
3693065718,STRA,Strategy
3693065718,OTHR,Other
3693065721,MGMT,Management
3693065721,MNFC,Manufacturing
3693065723,HCPR,Healthcare
3693065731,MRKT,Marketing
3693065731,ADVR,Advertising
3693065731,ANLS,Analytics
3693065732,SALE,Sales
3693065732,BD,Business Development
3693065737,MGMT,Management
3693065737,MNFC,Manufacturing
3693065757,ENG,Engineering
3693065757,OTHR,Other
3693065764,IT,Information Technology
3693065766,HCPR,Healthcare
3693065769,MGMT,Management
3693065769,STRA,Strategy
3693065769,GENB,General Business
3693065772,ENG,Engineering
3693065772,IT,Information Technology
3693065773,CNSL,Consulting
3693065773,IT,Information Technology
3693065773,SALE,Sales
3693065774,OTHR,Other
3693065775,BD,Business Development
3693065775,SALE,Sales
3693065776,OTHR,Other
3693065781,IT,Information Technology
3693065781,ANLS,Analytics
3693065781,STRA,Strategy
3693065782,OTHR,Other
3693065782,IT,Information Technology
3693065782,MGMT,Management
3693065800,SALE,Sales
3693065800,BD,Business Development
3693065809,IT,Information Technology
3693065811,MRKT,Marketing
3693065811,PR,Public Relations
3693065811,WRT,Writing
3693065815,ENG,Engineering
3693065815,MNFC,Manufacturing
3693065815,SUPL,Supply Chain
3693065817,MRKT,Marketing
3693065817,PR,Public Relations
3693065817,WRT,Writing
3693065820,MRKT,Marketing
3693065820,PR,Public Relations
3693065820,WRT,Writing
3693065821,SALE,Sales
3693065821,MGMT,Management
3693065823,MRKT,Marketing
3693065823,PR,Public Relations
3693065823,WRT,Writing
3693065824,LGL,Legal
3693065828,MRKT,Marketing
3693065828,PR,Public Relations
3693065828,WRT,Writing
3693065836,MGMT,Management
3693065836,STRA,Strategy
3693065836,GENB,General Business
3693065840,ADM,Administration
3693065841,LGL,Legal
3693065841,OTHR,Other
3693065842,ENG,Engineering
3693065842,IT,Information Technology
3693065848,SALE,Sales
3693065848,BD,Business Development
3693065853,IT,Information Technology
3693065866,LGL,Legal
3693065867,IT,Information Technology
3693065868,ACCT,Accounting
3693065868,FIN,Finance
3693065869,FIN,Finance
3693065869,SALE,Sales
3693065874,BD,Business Development
3693065874,SALE,Sales
3693065878,OTHR,Other
3693065880,MNFC,Manufacturing
3693065889,FIN,Finance
3693065894,HCPR,Healthcare
3693065898,MGMT,Management
3693065898,MNFC,Manufacturing
3693065899,MGMT,Management
3693065899,MNFC,Manufacturing
3693065900,HCPR,Healthcare
3693065901,MGMT,Management
3693065901,MNFC,Manufacturing
3693065903,HCPR,Healthcare
3693065905,DSGN,Design
3693065905,ART,Arts
3693065905,IT,Information Technology
3693065910,HCPR,Healthcare
3693065914,HCPR,Healthcare
3693065915,MGMT,Management
3693065915,MNFC,Manufacturing
3693065916,HCPR,Healthcare
3693065919,SALE,Sales
3693065919,BD,Business Development
3693065924,HCPR,Healthcare
3693065925,IT,Information Technology
3693065926,HCPR,Healthcare
3693065928,HCPR,Healthcare
3693065929,MGMT,Management
3693065929,MNFC,Manufacturing
3693065931,MGMT,Management
3693065931,MNFC,Manufacturing
3693065932,HCPR,Healthcare
3693065935,ENG,Engineering
3693065943,HR,Human Resources
3693065943,IT,Information Technology
3693065963,ENG,Engineering
3693065963,IT,Information Technology
3693065966,BD,Business Development
3693065966,SALE,Sales
3693065972,SALE,Sales
3693065972,BD,Business Development
3693065973,IT,Information Technology
3693065978,ENG,Engineering
3693065978,IT,Information Technology
3693065985,MRKT,Marketing
3693065985,SALE,Sales
3693065986,IT,Information Technology
3693065987,PRDM,Product Management
3693065987,MRKT,Marketing
3693065994,ADM,Administration
3693066408,SALE,Sales
3693066408,BD,Business Development
3693066422,ENG,Engineering
3693066422,IT,Information Technology
3693066440,PRJM,Project Management
3693066440,IT,Information Technology
3693066441,PRJM,Project Management
3693066441,IT,Information Technology
3693066442,PRJM,Project Management
3693066442,IT,Information Technology
3693066458,OTHR,Other
3693066459,OTHR,Other
3693066465,IT,Information Technology
3693066466,OTHR,Other
3693066469,FIN,Finance
3693066469,SALE,Sales
3693066472,IT,Information Technology
3693066495,ENG,Engineering
3693066495,IT,Information Technology
3693066540,HCPR,Healthcare
3693066566,OTHR,Other
3693066573,BD,Business Development
3693066573,SALE,Sales
3693066604,ENG,Engineering
3693066604,IT,Information Technology
3693066612,FIN,Finance
3693066612,ACCT,Accounting
3693066614,PRDM,Product Management
3693066614,MRKT,Marketing
3693066618,RSCH,Research
3693066618,ANLS,Analytics
3693066618,IT,Information Technology
3693066619,HCPR,Healthcare
3693066621,HCPR,Healthcare
3693066623,HCPR,Healthcare
3693066624,IT,Information Technology
3693066633,MGMT,Management
3693066633,MNFC,Manufacturing
3693066634,MGMT,Management
3693066634,MNFC,Manufacturing
3693066635,MGMT,Management
3693066635,MNFC,Manufacturing
3693066637,MGMT,Management
3693066637,MNFC,Manufacturing
3693066639,OTHR,Other
3693066639,IT,Information Technology
3693066639,MGMT,Management
3693066643,HCPR,Healthcare
3693066644,HCPR,Healthcare
3693066647,SALE,Sales
3693066647,OTHR,Other
3693066647,CUST,Customer Service
3693066649,ENG,Engineering
3693066649,IT,Information Technology
3693066651,MGMT,Management
3693066651,MNFC,Manufacturing
3693066662,IT,Information Technology
3693066674,IT,Information Technology
3693066676,FIN,Finance
3693066676,SALE,Sales
3693066677,MGMT,Management
3693066678,HCPR,Healthcare
3693066681,ENG,Engineering
3693066681,IT,Information Technology
3693066682,ANLS,Analytics
3693066682,IT,Information Technology
3693066686,FIN,Finance
3693066686,SALE,Sales
3693066687,ENG,Engineering
3693066687,IT,Information Technology
3693066688,FIN,Finance
3693066688,SALE,Sales
3693066690,OTHR,Other
3693066694,HCPR,Healthcare
3693066696,HCPR,Healthcare
3693066708,MRKT,Marketing
3693066708,SALE,Sales
3693066710,HCPR,Healthcare
3693066712,HCPR,Healthcare
3693066722,MRKT,Marketing
3693066722,PR,Public Relations
3693066722,WRT,Writing
3693066724,MRKT,Marketing
3693066724,PR,Public Relations
3693066724,WRT,Writing
3693066725,HCPR,Healthcare
3693066729,MGMT,Management
3693066729,PRJM,Project Management
3693066729,MNFC,Manufacturing
3693066730,IT,Information Technology
3693066735,MRKT,Marketing
3693066735,PR,Public Relations
3693066735,WRT,Writing
3693066737,ENG,Engineering
3693066737,IT,Information Technology
3693066741,MRKT,Marketing
3693066741,PR,Public Relations
3693066741,WRT,Writing
3693066742,SALE,Sales
3693066742,BD,Business Development
3693066743,MRKT,Marketing
3693066743,PR,Public Relations
3693066743,WRT,Writing
3693066745,IT,Information Technology
3693066747,ENG,Engineering
3693066747,IT,Information Technology
3693066754,OTHR,Other
3693066755,BD,Business Development
3693066755,SALE,Sales
3693066757,ENG,Engineering
3693066757,IT,Information Technology
3693066758,ENG,Engineering
3693066758,IT,Information Technology
3693066759,QA,Quality Assurance
3693066763,IT,Information Technology
3693066764,OTHR,Other
3693066766,ENG,Engineering
3693066785,MRKT,Marketing
3693066785,PR,Public Relations
3693066785,WRT,Writing
3693066786,MNFC,Manufacturing
3693066789,FIN,Finance
3693066792,IT,Information Technology
3693066818,MRKT,Marketing
3693066818,SALE,Sales
3693066819,HCPR,Healthcare
3693066820,HCPR,Healthcare
3693066848,ACCT,Accounting
3693066848,FIN,Finance
3693066848,MGMT,Management
3693066860,DSGN,Design
3693066860,PROD,Product Management
3693066860,ART,Arts
3693066881,MGMT,Management
3693066881,MNFC,Manufacturing
3693066882,OTHR,Other
3693066891,RSCH,Research
3693066891,ANLS,Analytics
3693066891,IT,Information Technology
3693066898,HCPR,Healthcare
3693066899,HCPR,Healthcare
3557380225,PRJM,Project Management
3557380225,IT,Information Technology
3693066903,ACCT,Accounting
3693066903,FIN,Finance
3693066905,HCPR,Healthcare
3693066908,IT,Information Technology
3693066908,MNFC,Manufacturing
3693066908,OTHR,Other
3693066909,IT,Information Technology
3693066912,MRKT,Marketing
3693066912,SALE,Sales
3693066920,MRKT,Marketing
3693066925,MNFC,Manufacturing
3693066925,ACCT,Accounting
3693066925,FIN,Finance
3693066927,IT,Information Technology
3693066928,ACCT,Accounting
3693066928,FIN,Finance
3693066940,SALE,Sales
3693066940,BD,Business Development
3693066941,PRJM,Project Management
3693066957,ADM,Administration
3693066958,HCPR,Healthcare
3693066978,FIN,Finance
3693066979,MGMT,Management
3693066979,MNFC,Manufacturing
3693066984,PRJM,Project Management
3693066984,IT,Information Technology
3693066989,IT,Information Technology
3693066996,MRKT,Marketing
3693066996,SALE,Sales
3693067108,SALE,Sales
3693067108,MGMT,Management
3693067218,HCPR,Healthcare
3693067257,SALE,Sales
3693067266,MGMT,Management
3693067266,MNFC,Manufacturing
3693067267,MGMT,Management
3693067267,MNFC,Manufacturing
3693067279,MGMT,Management
3693067279,MNFC,Manufacturing
3693067282,OTHR,Other
3693067283,FIN,Finance
3693067283,SALE,Sales
3693067287,IT,Information Technology
3693067288,IT,Information Technology
3693067298,OTHR,Other
3693067298,IT,Information Technology
3693067298,MGMT,Management
3693067330,RSCH,Research
3693067330,ANLS,Analytics
3693067330,IT,Information Technology
3693067340,SALE,Sales
3693067340,MGMT,Management
3693067375,LGL,Legal
3693067376,RSCH,Research
3693067376,ANLS,Analytics
3693067376,IT,Information Technology
3693067378,RSCH,Research
3693067378,ANLS,Analytics
3693067378,IT,Information Technology
3693067383,OTHR,Other
3693067403,OTHR,Other
3693067408,PRJM,Project Management
3693067408,IT,Information Technology
3693067421,IT,Information Technology
3693067433,PRDM,Product Management
3693067433,MRKT,Marketing
3693067434,ACCT,Accounting
3693067434,FIN,Finance
3693067435,MGMT,Management
3693067435,MNFC,Manufacturing
3693067436,ENG,Engineering
3693067436,IT,Information Technology
3693067443,CNSL,Consulting
3693067446,MRKT,Marketing
3693067446,PR,Public Relations
3693067446,WRT,Writing
3693067456,MGMT,Management
3693067456,MNFC,Manufacturing
3693067457,MGMT,Management
3693067457,MNFC,Manufacturing
3693067458,MGMT,Management
3693067458,MNFC,Manufacturing
3693067460,MGMT,Management
3693067460,MNFC,Manufacturing
3693067462,OTHR,Other
3693067462,IT,Information Technology
3693067462,MGMT,Management
3693067469,RSCH,Research
3693067469,ANLS,Analytics
3693067469,IT,Information Technology
3693067473,MGMT,Management
3693067473,MNFC,Manufacturing
3693067478,HCPR,Healthcare
3693067481,HCPR,Healthcare
3693067496,BD,Business Development
3693067496,SALE,Sales
3693067516,SALE,Sales
3693067516,STRA,Strategy
3693067522,ADM,Administration
3693067531,MGMT,Management
3693067531,MNFC,Manufacturing
3693067532,OTHR,Other
3693067535,MRKT,Marketing
3693067535,PR,Public Relations
3693067535,WRT,Writing
3693067540,IT,Information Technology
3693067545,ENG,Engineering
3693067545,IT,Information Technology
3693067546,HCPR,Healthcare
3693067547,HCPR,Healthcare
3693067548,HCPR,Healthcare
3693067549,BD,Business Development
3693067549,SALE,Sales
3693067550,IT,Information Technology
3693067551,RSCH,Research
3693067551,ANLS,Analytics
3693067551,IT,Information Technology
3693067553,LGL,Legal
3693067553,CNSL,Consulting
3693067553,STRA,Strategy
3693067556,LGL,Legal
3693067559,MRKT,Marketing
3693067559,PR,Public Relations
3693067559,WRT,Writing
3693067562,FIN,Finance
3693067562,SALE,Sales
3693067567,MRKT,Marketing
3693067567,PR,Public Relations
3693067567,WRT,Writing
3693067570,MRKT,Marketing
3693067570,PR,Public Relations
3693067570,WRT,Writing
3693067572,HR,Human Resources
3693067574,OTHR,Other
3693067582,SALE,Sales
3693067583,IT,Information Technology
3693067587,ENG,Engineering
3693067587,IT,Information Technology
3693067602,RSCH,Research
3693067602,ANLS,Analytics
3693067602,IT,Information Technology
3693067604,RSCH,Research
3693067604,ANLS,Analytics
3693067604,IT,Information Technology
3693067605,PRCH,Procurement
3693067605,SUPL,Supply Chain
3693067606,QA,Quality Assurance
3693067611,FIN,Finance
3693067611,SALE,Sales
3693067626,MNFC,Manufacturing
3693067627,FIN,Finance
3693067630,ENG,Engineering
3693067630,IT,Information Technology
3693067631,ENG,Engineering
3693067631,IT,Information Technology
3693067633,IT,Information Technology
3693067634,PRJM,Project Management
3693067634,IT,Information Technology
3693067662,MGMT,Management
3693067662,MNFC,Manufacturing
3693067693,ENG,Engineering
3693067693,IT,Information Technology
3693067694,ENG,Engineering
3693067694,IT,Information Technology
3693067708,IT,Information Technology
3693067725,IT,Information Technology
3626156340,DSGN,Design
3626156340,ART,Arts
3626156340,IT,Information Technology
3693067727,ENG,Engineering
3693067727,IT,Information Technology
3693067739,RSCH,Research
3693067739,ANLS,Analytics
3693067739,IT,Information Technology
3693067740,RSCH,Research
3693067740,ANLS,Analytics
3693067740,IT,Information Technology
3693067741,RSCH,Research
3693067741,ANLS,Analytics
3693067741,IT,Information Technology
3693067742,RSCH,Research
3693067742,ANLS,Analytics
3693067742,IT,Information Technology
3693067743,RSCH,Research
3693067743,ANLS,Analytics
3693067743,IT,Information Technology
3693067744,ENG,Engineering
3693067744,IT,Information Technology
3693067752,OTHR,Other
3693067754,IT,Information Technology
3693067756,DSGN,Design
3693067756,ART,Arts
3693067756,IT,Information Technology
3693067757,MRKT,Marketing
3693067757,SALE,Sales
3693067759,ENG,Engineering
3693067760,ENG,Engineering
3693067760,IT,Information Technology
3693067761,ENG,Engineering
3693067761,IT,Information Technology
3693067766,QA,Quality Assurance
3693067770,HR,Human Resources
3693067775,DSGN,Design
3693067775,ART,Arts
3693067775,IT,Information Technology
3693067778,ACCT,Accounting
3693067778,FIN,Finance
3693067787,FIN,Finance
3693067787,SALE,Sales
3693067788,IT,Information Technology
3693067819,SALE,Sales
3693067819,BD,Business Development
3693067855,QA,Quality Assurance
3693067855,RSCH,Research
3693067855,SCI,Science
3693067856,HCPR,Healthcare
3693067873,MRKT,Marketing
3693067873,SALE,Sales
3693067875,QA,Quality Assurance
3693067875,IT,Information Technology
3693067875,ENG,Engineering
3693067878,HR,Human Resources
3693067878,IT,Information Technology
3693067880,MGMT,Management
3693067880,ACCT,Accounting
3693067880,ADM,Administration
3693067881,SALE,Sales
3693067881,ADVR,Advertising
3693067881,BD,Business Development
3693067882,SALE,Sales
3693067884,MGMT,Management
3693067891,PRJM,Project Management
3693067891,IT,Information Technology
3693067891,PRDM,Product Management
3693067894,RSCH,Research
3693067894,SCI,Science
3693067894,ENG,Engineering
3693067896,PRJM,Project Management
3693067896,MGMT,Management
3693067896,PRDM,Product Management
3693067898,SALE,Sales
3693067898,ADVR,Advertising
3693067898,BD,Business Development
3693067900,IT,Information Technology
3693067900,CNSL,Consulting
3693067900,ENG,Engineering
3693067903,PR,Public Relations
3693067903,MRKT,Marketing
3693067905,PRJM,Project Management
3693067905,MGMT,Management
3693067905,PRDM,Product Management
3693067910,MGMT,Management
3693067910,DIST,Distribution
3693067910,SUPL,Supply Chain
3693067916,MNFC,Manufacturing
3693067916,ENG,Engineering
3693067923,SALE,Sales
3693067923,BD,Business Development
3693067926,LGL,Legal
3693067929,ACCT,Accounting
3693067929,FIN,Finance
3693067933,CUST,Customer Service
3693067939,ADM,Administration
3693067989,IT,Information Technology
3693067991,PRDM,Product Management
3693067991,MRKT,Marketing
3693067999,RSCH,Research
3693067999,ANLS,Analytics
3693067999,IT,Information Technology
3693068005,MGMT,Management
3693068005,MNFC,Manufacturing
3693068006,HCPR,Healthcare
3693068007,HCPR,Healthcare
3693068011,MGMT,Management
3693068011,MNFC,Manufacturing
3693068015,MGMT,Management
3693068015,MNFC,Manufacturing
3693068018,HR,Human Resources
3693068024,MGMT,Management
3693068024,MNFC,Manufacturing
3693068035,SALE,Sales
3693068035,BD,Business Development
3693068043,OTHR,Other
3693068044,MRKT,Marketing
3693068047,SALE,Sales
3693068047,BD,Business Development
3693068054,HCPR,Healthcare
3693068058,IT,Information Technology
3693068061,MGMT,Management
3693068061,MNFC,Manufacturing
3693068064,MGMT,Management
3693068064,MNFC,Manufacturing
3693068066,RSCH,Research
3693068066,ANLS,Analytics
3693068066,IT,Information Technology
3693068069,LGL,Legal
3693068070,IT,Information Technology
3693068070,ART,Arts
3693068070,ADVR,Advertising
3693068077,EDU,Education
3693068077,TRNG,Training
3693068078,MGMT,Management
3693068078,MNFC,Manufacturing
3693068083,MRKT,Marketing
3693068083,ADVR,Advertising
3693068083,ANLS,Analytics
3693068084,ANLS,Analytics
3693068084,PRDM,Product Management
3693068084,OTHR,Other
3693068085,MRKT,Marketing
3693068085,PR,Public Relations
3693068085,WRT,Writing
3693068087,LGL,Legal
3693068088,MRKT,Marketing
3693068088,PR,Public Relations
3693068088,WRT,Writing
3693068092,MRKT,Marketing
3693068092,PR,Public Relations
3693068092,WRT,Writing
3693068096,OTHR,Other
3693068097,MRKT,Marketing
3693068097,PR,Public Relations
3693068097,WRT,Writing
3693068100,MRKT,Marketing
3693068100,PR,Public Relations
3693068100,WRT,Writing
3693068110,ACCT,Accounting
3693068110,FIN,Finance
3693068113,IT,Information Technology
3693068117,MGMT,Management
3693068117,MNFC,Manufacturing
3693068118,FIN,Finance
3693068118,SALE,Sales
3693068122,SALE,Sales
3693068122,BD,Business Development
3693068123,PRCH,Procurement
3693068123,SUPL,Supply Chain
3693068124,HCPR,Healthcare
3693068143,PRJM,Project Management
3693068143,IT,Information Technology
3693068150,IT,Information Technology
3693068152,ENG,Engineering
3693068154,FIN,Finance
3693068155,SALE,Sales
3693068185,MGMT,Management
3693068185,MNFC,Manufacturing
3693068186,MRKT,Marketing
3693068186,SALE,Sales
3693068222,FIN,Finance
3693068222,SALE,Sales
3693068226,ACCT,Accounting
3693068226,FIN,Finance
3693068230,HCPR,Healthcare
3693068255,MGMT,Management
3693068255,MNFC,Manufacturing
3693068259,ADM,Administration
3693068262,SALE,Sales
3693068262,BD,Business Development
3693068264,MRKT,Marketing
3693068264,SALE,Sales
3693068267,ADM,Administration
3693068272,ADM,Administration
3693068272,ADVR,Advertising
3693068272,BD,Business Development
3693068274,IT,Information Technology
3693068277,ENG,Engineering
3693068277,IT,Information Technology
3693068278,OTHR,Other
3693068280,RSCH,Research
3693068280,ANLS,Analytics
3693068280,IT,Information Technology
3693068281,RSCH,Research
3693068281,ANLS,Analytics
3693068281,IT,Information Technology
3693068289,FIN,Finance
3693068289,SALE,Sales
3693068290,HCPR,Healthcare
3693068291,OTHR,Other
3693068292,OTHR,Other
3693068294,ADVR,Advertising
3693068294,ADM,Administration
3693068294,MRKT,Marketing
3693068296,MRKT,Marketing
3693068296,ADVR,Advertising
3693068296,PRDM,Product Management
3693068298,HCPR,Healthcare
3693068307,IT,Information Technology
3693068317,PRJM,Project Management
3693068317,IT,Information Technology
3693068317,FIN,Finance
3693068320,FIN,Finance
3693068320,SALE,Sales
3693068324,FIN,Finance
3693068324,ACCT,Accounting
3693068326,FIN,Finance
3693068326,SALE,Sales
3693068328,FIN,Finance
3693068328,SALE,Sales
3693068331,FIN,Finance
3693068331,SALE,Sales
3693068332,IT,Information Technology
3693068366,HCPR,Healthcare
3693068376,IT,Information Technology
3693068380,PR,Public Relations
3693068380,WRT,Writing
3693068391,IT,Information Technology
3693068393,OTHR,Other
3693068415,BD,Business Development
3693068415,SALE,Sales
3693068422,MGMT,Management
3693068422,MNFC,Manufacturing
3693068427,HR,Human Resources
3693068427,IT,Information Technology
3693068429,SCI,Science
3693068431,IT,Information Technology
3693068431,CNSL,Consulting
3693068431,ENG,Engineering
3693068434,LGL,Legal
3693068443,QA,Quality Assurance
3693068444,WRT,Writing
3693068453,DIST,Distribution
3693068453,SUPL,Supply Chain
3693068453,ENG,Engineering
3693068454,MGMT,Management
3693068454,DIST,Distribution
3693068454,SUPL,Supply Chain
3693068456,MNFC,Manufacturing
3693068456,OTHR,Other
3693068458,PR,Public Relations
3693068458,MRKT,Marketing
3693068467,STRA,Strategy
3693068467,ANLS,Analytics
3693068467,IT,Information Technology
3693068469,MNFC,Manufacturing
3693068469,ENG,Engineering
3693068470,PRJM,Project Management
3693068470,IT,Information Technology
3693068470,PRDM,Product Management
3693068479,ADM,Administration
3693068495,ACCT,Accounting
3693068498,PRJM,Project Management
3693068498,IT,Information Technology
3693068539,DSGN,Design
3693068539,ART,Arts
3693068539,IT,Information Technology
3693068553,MGMT,Management
3693068553,MNFC,Manufacturing
3693068564,QA,Quality Assurance
3693068564,ENG,Engineering
3693068564,MNFC,Manufacturing
3693068581,CNSL,Consulting
3693068581,DSGN,Design
3693068581,ENG,Engineering
3693068599,ENG,Engineering
3693068599,IT,Information Technology
3693068604,SALE,Sales
3693068604,BD,Business Development
3693068615,IT,Information Technology
3693068617,PRJM,Project Management
3693068617,IT,Information Technology
3693068642,HCPR,Healthcare
3693068646,SALE,Sales
3693068646,BD,Business Development
3693068653,EDU,Education
3693068675,BD,Business Development
3693068675,SALE,Sales
3693068683,IT,Information Technology
3693068692,ACCT,Accounting
3693068692,FIN,Finance
3693068699,MGMT,Management
3693068699,MNFC,Manufacturing
3693068708,ENG,Engineering
3693068708,IT,Information Technology
3693068713,SALE,Sales
3693068713,BD,Business Development
3693068724,MGMT,Management
3693068724,SALE,Sales
3693068724,BD,Business Development
3693068753,SALE,Sales
3693068753,HR,Human Resources
3693068753,MRKT,Marketing
3693068757,SALE,Sales
3693068757,BD,Business Development
3693068763,ADM,Administration
3693068764,RSCH,Research
3693068764,ANLS,Analytics
3693068764,IT,Information Technology
3693068771,SALE,Sales
3693068771,BD,Business Development
3693068784,STRA,Strategy
3693068784,ACCT,Accounting
3693068784,MGMT,Management
3693068794,SALE,Sales
3693068794,BD,Business Development
3693068798,MRKT,Marketing
3693068798,SALE,Sales
3693068799,OTHR,Other
3693068801,EDU,Education
3693068801,TRNG,Training
3693068802,EDU,Education
3693068802,TRNG,Training
3693068805,OTHR,Other
3693068806,OTHR,Other
3693068811,HCPR,Healthcare
3693068817,ENG,Engineering
3693068817,IT,Information Technology
3693068822,FIN,Finance
3693068822,SALE,Sales
3693068829,ACCT,Accounting
3693068829,FIN,Finance
3693068835,MRKT,Marketing
3693068835,SALE,Sales
3693068836,OTHR,Other
3693068836,CUST,Customer Service
3693068844,ENG,Engineering
3693068844,IT,Information Technology
3693068917,HCPR,Healthcare
3693068918,PRJM,Project Management
3693068918,IT,Information Technology
3693068926,ACCT,Accounting
3693068926,FIN,Finance
3693068928,SALE,Sales
3693068928,BD,Business Development
3693068934,FIN,Finance
3693068934,SALE,Sales
3693068946,HCPR,Healthcare
3693068947,ENG,Engineering
3693068947,STRA,Strategy
3693068950,ACCT,Accounting
3693068950,FIN,Finance
3693068950,MGMT,Management
3693068958,HR,Human Resources
3693068962,MRKT,Marketing
3693068962,SALE,Sales
3693068966,IT,Information Technology
3693068972,MRKT,Marketing
3693068972,SALE,Sales
3693068978,BD,Business Development
3693068978,ACCT,Accounting
3693068978,ADM,Administration
3693068980,MRKT,Marketing
3693068980,SALE,Sales
3693068984,ACCT,Accounting
3693068984,FIN,Finance
3693069005,EDU,Education
3693069005,HR,Human Resources
3693069005,PRJM,Project Management
3693069006,CNSL,Consulting
3693069006,LGL,Legal
3693069008,MGMT,Management
3693069008,MNFC,Manufacturing
3693069010,HCPR,Healthcare
3693069011,HCPR,Healthcare
3693069012,HCPR,Healthcare
3693069014,ANLS,Analytics
3693069015,QA,Quality Assurance
3693069022,ENG,Engineering
3693069022,IT,Information Technology
3693069023,HCPR,Healthcare
3693069024,SALE,Sales
3693069024,BD,Business Development
3693069024,HR,Human Resources
3693069027,BD,Business Development
3693069027,SALE,Sales
3693069042,MRKT,Marketing
3693069042,PR,Public Relations
3693069042,WRT,Writing
3693069048,MRKT,Marketing
3693069048,PR,Public Relations
3693069048,WRT,Writing
3693069050,MRKT,Marketing
3693069050,PR,Public Relations
3693069050,WRT,Writing
3693069051,MRKT,Marketing
3693069051,PR,Public Relations
3693069051,WRT,Writing
3693069052,RSCH,Research
3693069052,SCI,Science
3693069053,ADM,Administration
3693069057,MRKT,Marketing
3693069057,PR,Public Relations
3693069057,WRT,Writing
3693069060,FIN,Finance
3693069061,MRKT,Marketing
3693069061,PR,Public Relations
3693069061,WRT,Writing
3693069063,ENG,Engineering
3693069063,IT,Information Technology
3693069065,ENG,Engineering
3693069065,IT,Information Technology
3693069067,MGMT,Management
3693069067,MNFC,Manufacturing
3693069068,LGL,Legal
3693069071,LGL,Legal
3693069077,DSGN,Design
3693069077,ART,Arts
3693069077,IT,Information Technology
3693069080,RSCH,Research
3693069080,ANLS,Analytics
3693069080,IT,Information Technology
3693069081,LGL,Legal
3693069083,FIN,Finance
3693069083,SALE,Sales
3693069085,IT,Information Technology
3693069115,ANLS,Analytics
3693069115,CNSL,Consulting
3693069134,BD,Business Development
3693069134,SALE,Sales
3693069157,MGMT,Management
3693069157,MNFC,Manufacturing
3693069178,DSGN,Design
3693069178,ART,Arts
3693069178,IT,Information Technology
3657070723,HCPR,Healthcare
3693069179,ENG,Engineering
3693069179,IT,Information Technology
3693069183,ENG,Engineering
3693069183,IT,Information Technology
3693069187,PRCH,Procurement
3693069187,SUPL,Supply Chain
3693069192,ENG,Engineering
3693069192,IT,Information Technology
3693069196,RSCH,Research
3693069196,PROD,Product Management
3693069196,SCI,Science
3693069199,SALE,Sales
3693069199,BD,Business Development
3693069209,ENG,Engineering
3693069209,IT,Information Technology
3693069210,HR,Human Resources
3693069215,IT,Information Technology
3693069216,HR,Human Resources
3693069217,MGMT,Management
3693069217,MNFC,Manufacturing
3693069218,OTHR,Other
3693069225,IT,Information Technology
3693069226,MGMT,Management
3693069229,RSCH,Research
3693069229,ANLS,Analytics
3693069229,IT,Information Technology
3693069233,RSCH,Research
3693069233,ANLS,Analytics
3693069233,IT,Information Technology
3693069237,ENG,Engineering
3693069237,IT,Information Technology
3693069241,ACCT,Accounting
3693069254,MRKT,Marketing
3693069254,PR,Public Relations
3693069254,WRT,Writing
3693069256,MRKT,Marketing
3693069256,SALE,Sales
3693069257,SALE,Sales
3693069257,BD,Business Development
3693069261,RSCH,Research
3693069261,ANLS,Analytics
3693069263,ENG,Engineering
3693069263,IT,Information Technology
3693069265,ACCT,Accounting
3693069265,FIN,Finance
3693069269,IT,Information Technology
3693069270,MRKT,Marketing
3693069270,SALE,Sales
3693069278,BD,Business Development
3693069278,SALE,Sales
3693069281,FIN,Finance
3693069281,SALE,Sales
3693069290,SCI,Science
3693069290,MGMT,Management
3693069291,FIN,Finance
3693069291,SALE,Sales
3693069292,FIN,Finance
3693069292,SALE,Sales
3693069309,IT,Information Technology
3693069310,IT,Information Technology
3693069313,SALE,Sales
3693069313,BD,Business Development
3693069314,SALE,Sales
3693069314,BD,Business Development
3693069329,MGMT,Management
3693069329,MNFC,Manufacturing
3693069333,OTHR,Other
3693069342,HR,Human Resources
3684017664,LGL,Legal
3693069343,MRKT,Marketing
3693069343,SALE,Sales
3693069345,IT,Information Technology
3693069345,STRA,Strategy
3693069354,ENG,Engineering
3693069354,IT,Information Technology
3693069366,ENG,Engineering
3693069371,ENG,Engineering
3693069371,IT,Information Technology
3693069378,SALE,Sales
3693069378,BD,Business Development
3693069379,SALE,Sales
3693069379,BD,Business Development
3693069384,PRJM,Project Management
3693069384,IT,Information Technology
3693069384,PRDM,Product Management
3693069386,MGMT,Management
3693069386,DIST,Distribution
3693069386,SUPL,Supply Chain
3693069400,EDU,Education
3693069400,TRNG,Training
3693069404,IT,Information Technology
3693069417,ADM,Administration
3693069417,HCPR,Healthcare
3693069417,LGL,Legal
3693069418,ENG,Engineering
3693069418,IT,Information Technology
3693069419,ADM,Administration
3693069435,MGMT,Management
3693069435,STRA,Strategy
3693069449,ENG,Engineering
3693069449,IT,Information Technology
3693069460,HR,Human Resources
3693069465,ENG,Engineering
3693069465,IT,Information Technology
3693069482,MGMT,Management
3693069482,MNFC,Manufacturing
3693069484,ADM,Administration
3693069528,MRKT,Marketing
3693069538,DSGN,Design
3693069538,STRA,Strategy
3693069551,SALE,Sales
3693069551,BD,Business Development
3693069558,CUST,Customer Service
3693069558,LGL,Legal
3693069561,IT,Information Technology
3693069563,MRKT,Marketing
3693069563,SALE,Sales
3693069585,WRT,Writing
3693069585,IT,Information Technology
3693069586,ADM,Administration
3693069586,OTHR,Other
3693069586,GENB,General Business
3693069587,ADM,Administration
3693069587,SALE,Sales
3693069587,CUST,Customer Service
3693069593,FIN,Finance
3693069593,SALE,Sales
3693069595,PRJM,Project Management
3693069595,IT,Information Technology
3693069597,IT,Information Technology
3693069599,SALE,Sales
3693069599,BD,Business Development
3693069600,ACCT,Accounting
3693069600,FIN,Finance
3693069601,LGL,Legal
3693069613,SUPL,Supply Chain
3693069613,STRA,Strategy
3693069613,MNFC,Manufacturing
3693069614,IT,Information Technology
3693069618,MGMT,Management
3693069624,HCPR,Healthcare
3693069638,ANLS,Analytics
3693069638,MRKT,Marketing
3693069638,STRA,Strategy
3693069639,ENG,Engineering
3693069639,IT,Information Technology
3693069640,ENG,Engineering
3693069640,IT,Information Technology
3693069655,ADM,Administration
3693069655,FIN,Finance
3693069660,ACCT,Accounting
3693069665,MRKT,Marketing
3693069665,PR,Public Relations
3693069665,WRT,Writing
3693069667,LGL,Legal
3693069679,PROD,Product Management
3693069679,QA,Quality Assurance
3693069679,SUPL,Supply Chain
3693069687,IT,Information Technology
3693069687,HCPR,Healthcare
3693069700,SALE,Sales
3693069700,BD,Business Development
3693069707,FIN,Finance
3693069707,STRA,Strategy
3693069710,ENG,Engineering
3693069718,MGMT,Management
3693069718,IT,Information Technology
3693069718,PRJM,Project Management
3693069795,FIN,Finance
3693069795,SALE,Sales
3693069823,ADM,Administration
3693069825,HCPR,Healthcare
3693069826,IT,Information Technology
3693069836,ADM,Administration
3693069840,MGMT,Management
3693069840,MNFC,Manufacturing
3693069842,HCPR,Healthcare
3693069850,MGMT,Management
3693069850,MNFC,Manufacturing
3693069852,HR,Human Resources
3693069852,PRJM,Project Management
3693069857,IT,Information Technology
3693069870,ACCT,Accounting
3693069870,HR,Human Resources
3693069875,IT,Information Technology
3693069882,CUST,Customer Service
3693069882,SALE,Sales
3693069893,DSGN,Design
3693069893,ART,Arts
3693069893,IT,Information Technology
3693069899,IT,Information Technology
3693069902,MGMT,Management
3693069902,MNFC,Manufacturing
3693070002,MRKT,Marketing
3693070002,PR,Public Relations
3693070002,WRT,Writing
3693070008,STRA,Strategy
3693070008,OTHR,Other
3693070013,SALE,Sales
3693070013,BD,Business Development
3693070017,HCPR,Healthcare
3693070021,ENG,Engineering
3693070028,MRKT,Marketing
3693070028,PR,Public Relations
3693070028,WRT,Writing
3693070032,IT,Information Technology
3693070033,MRKT,Marketing
3693070033,PR,Public Relations
3693070033,WRT,Writing
3693070035,ACCT,Accounting
3693070035,FIN,Finance
3693070037,MRKT,Marketing
3693070037,PR,Public Relations
3693070037,WRT,Writing
3693070038,MRKT,Marketing
3693070038,PR,Public Relations
3693070038,WRT,Writing
3693070049,ENG,Engineering
3693070049,ANLS,Analytics
3693070049,CNSL,Consulting
3693070056,HCPR,Healthcare
3693070063,CUST,Customer Service
3693070065,HR,Human Resources
3693070073,IT,Information Technology
3693070074,LGL,Legal
3693070079,HCPR,Healthcare
3693070081,ENG,Engineering
3693070103,ENG,Engineering
3693070103,IT,Information Technology
3693070107,MNFC,Manufacturing
3693070115,FIN,Finance
3693070115,SALE,Sales
3693070122,MNFC,Manufacturing
3693070122,PROD,Product Management
3693070122,QA,Quality Assurance
3693070132,MGMT,Management
3693070132,MNFC,Manufacturing
3693070141,IT,Information Technology
3693070141,PRJM,Project Management
3693070141,ENG,Engineering
3693070159,MGMT,Management
3693070159,MNFC,Manufacturing
3693070175,SALE,Sales
3693070186,HCPR,Healthcare
3693070188,SALE,Sales
3693070188,BD,Business Development
3693070205,MRKT,Marketing
3693070205,SALE,Sales
3693070210,BD,Business Development
3693070210,SALE,Sales
3693070213,ENG,Engineering
3693070213,IT,Information Technology
3693070221,ADM,Administration
3693070225,MGMT,Management
3693070225,MNFC,Manufacturing
3693070227,DSGN,Design
3693070227,ART,Arts
3693070227,IT,Information Technology
3693070230,ENG,Engineering
3693070230,IT,Information Technology
3693070233,MGMT,Management
3693070233,MNFC,Manufacturing
3693070237,OTHR,Other
3693070244,OTHR,Other
3693070249,MGMT,Management
3693070249,MNFC,Manufacturing
3693070252,SALE,Sales
3693070252,BD,Business Development
3693070255,DSGN,Design
3693070255,ART,Arts
3693070255,IT,Information Technology
3693070256,ENG,Engineering
3693070256,IT,Information Technology
3693070257,SALE,Sales
3693070257,BD,Business Development
3693070258,ENG,Engineering
3693070258,MNFC,Manufacturing
3693070258,SUPL,Supply Chain
3693070261,DIST,Distribution
3693070261,QA,Quality Assurance
3693070271,IT,Information Technology
3693070276,ENG,Engineering
3693070276,IT,Information Technology
3693070278,FIN,Finance
3693070278,SALE,Sales
3693070283,FIN,Finance
3693070283,SALE,Sales
3693070290,ACCT,Accounting
3693070290,FIN,Finance
3693070291,HR,Human Resources
3693070291,CNSL,Consulting
3693070305,OTHR,Other
3693070306,BD,Business Development
3693070306,SALE,Sales
3693070330,HR,Human Resources
3693070339,ADM,Administration
3693070342,MGMT,Management
3693070342,DIST,Distribution
3693070342,SUPL,Supply Chain
3693070347,MGMT,Management
3693070347,DIST,Distribution
3693070347,SUPL,Supply Chain
3693070348,HR,Human Resources
3693070352,QA,Quality Assurance
3693070352,IT,Information Technology
3693070352,ENG,Engineering
3693070355,IT,Information Technology
3693070357,MGMT,Management
3693070357,DIST,Distribution
3693070357,SUPL,Supply Chain
3693070360,MGMT,Management
3693070360,DIST,Distribution
3693070360,SUPL,Supply Chain
3693070362,RSCH,Research
3693070362,SCI,Science
3693070362,ENG,Engineering
3693070370,BD,Business Development
3693070370,IT,Information Technology
3693070372,IT,Information Technology
3693070372,CNSL,Consulting
3693070372,ENG,Engineering
3693070373,PR,Public Relations
3693070373,MRKT,Marketing
3693070374,PRJM,Project Management
3693070374,MGMT,Management
3693070374,PRDM,Product Management
3693070376,LGL,Legal
3693070378,GENB,General Business
3693070378,MGMT,Management
3693070378,STRA,Strategy
3693070379,PRJM,Project Management
3693070379,IT,Information Technology
3693070379,PRDM,Product Management
3693070382,ADM,Administration
3693070384,OTHR,Other
3693070384,STRA,Strategy
3693070384,PRJM,Project Management
3693070390,SALE,Sales
3693070390,BD,Business Development
3693070391,RSCH,Research
3693070391,ANLS,Analytics
3693070391,IT,Information Technology
3693070393,DSGN,Design
3693070393,ART,Arts
3693070393,IT,Information Technology
3693070395,CNSL,Consulting
3693070396,ENG,Engineering
3693070396,IT,Information Technology
3693070400,ACCT,Accounting
3693070400,FIN,Finance
3693070409,IT,Information Technology
3693070411,PRDM,Product Management
3693070411,MRKT,Marketing
3693070415,SALE,Sales
3693070415,BD,Business Development
3693070428,FIN,Finance
3693070428,SALE,Sales
3693070432,MRKT,Marketing
3693070433,PRJM,Project Management
3693070433,IT,Information Technology
3693070434,BD,Business Development
3693070434,SALE,Sales
3693070448,SALE,Sales
3693070448,BD,Business Development
3693070460,IT,Information Technology
3693070460,OTHR,Other
3693070460,MGMT,Management
3693070481,IT,Information Technology
3693070489,FIN,Finance
3693070489,SALE,Sales
3693070492,HCPR,Healthcare
3693070541,MGMT,Management
3693070541,MNFC,Manufacturing
3693070554,ENG,Engineering
3693070554,QA,Quality Assurance
3693070555,ENG,Engineering
3693070561,ADM,Administration
3693070577,MRKT,Marketing
3693070579,LGL,Legal
3693070580,IT,Information Technology
3693070590,ACCT,Accounting
3693070590,FIN,Finance
3693070596,IT,Information Technology
3693070616,FIN,Finance
3693070616,SALE,Sales
3693070625,SALE,Sales
3693070625,MGMT,Management
3693070626,FIN,Finance
3693070626,SALE,Sales
3693070646,IT,Information Technology
3693070651,ENG,Engineering
3693070651,IT,Information Technology
3693070666,SALE,Sales
3693070666,BD,Business Development
3693070666,CUST,Customer Service
3693070673,ADM,Administration
3693070673,ACCT,Accounting
3693070673,FIN,Finance
3693070674,ADM,Administration
3693070680,IT,Information Technology
3693070680,ADM,Administration
3693070685,FIN,Finance
3693070685,STRA,Strategy
3693070700,ACCT,Accounting
3693070713,HCPR,Healthcare
3693070722,IT,Information Technology
3693070723,QA,Quality Assurance
3693070741,HCPR,Healthcare
3693070816,ENG,Engineering
3693070816,MGMT,Management
3693070832,HR,Human Resources
3693070833,ENG,Engineering
3693070833,IT,Information Technology
3693070835,MGMT,Management
3693070835,MNFC,Manufacturing
3693070836,SALE,Sales
3693070836,BD,Business Development
3693070837,OTHR,Other
3693070837,IT,Information Technology
3693070837,MGMT,Management
3693070841,ACCT,Accounting
3693070841,ADM,Administration
3693070841,SALE,Sales
3693070848,IT,Information Technology
3693070851,HCPR,Healthcare
3693070853,PRJM,Project Management
3693070865,QA,Quality Assurance
3693070871,FIN,Finance
3693070871,SALE,Sales
3693070884,HCPR,Healthcare
3693070902,HCPR,Healthcare
3693070903,RSCH,Research
3693070903,SCI,Science
3693070907,SUPL,Supply Chain
3693070907,STRA,Strategy
3693070907,ANLS,Analytics
3693071000,SALE,Sales
3693071001,IT,Information Technology
3693071004,MRKT,Marketing
3693071004,PR,Public Relations
3693071004,WRT,Writing
3693071007,MRKT,Marketing
3693071007,PR,Public Relations
3693071007,WRT,Writing
3693071010,ADM,Administration
3693071010,GENB,General Business
3693071010,ACCT,Accounting
3693071014,MRKT,Marketing
3693071014,PR,Public Relations
3693071014,WRT,Writing
3693071017,QA,Quality Assurance
3693071018,MRKT,Marketing
3693071018,PR,Public Relations
3693071018,WRT,Writing
3693071021,MRKT,Marketing
3693071021,PR,Public Relations
3693071021,WRT,Writing
3693071025,OTHR,Other
3693071029,MRKT,Marketing
3693071029,PR,Public Relations
3693071029,WRT,Writing
3693071030,IT,Information Technology
3693071030,ANLS,Analytics
3693071033,RSCH,Research
3693071033,MNFC,Manufacturing
3693071034,OTHR,Other
3693071035,HCPR,Healthcare
3693071037,OTHR,Other
3693071043,HCPR,Healthcare
3693071046,IT,Information Technology
3693071051,MGMT,Management
3693071051,MNFC,Manufacturing
3693071052,RSCH,Research
3693071052,ANLS,Analytics
3693071052,IT,Information Technology
3693071054,LGL,Legal
3693071056,RSCH,Research
3693071056,ANLS,Analytics
3693071056,IT,Information Technology
3693071058,RSCH,Research
3693071058,ANLS,Analytics
3693071058,IT,Information Technology
3693071059,SALE,Sales
3693071059,BD,Business Development
3693071060,LGL,Legal
3693071062,ENG,Engineering
3693071062,IT,Information Technology
3693071085,MNFC,Manufacturing
3693071089,MRKT,Marketing
3693071089,GENB,General Business
3693071089,OTHR,Other
3693071097,DSGN,Design
3693071097,ART,Arts
3693071097,IT,Information Technology
3693071112,MGMT,Management
3693071112,MNFC,Manufacturing
3693071132,OTHR,Other
3693071132,CUST,Customer Service
3693071132,TRNG,Training
3693071145,ENG,Engineering
3693071145,IT,Information Technology
3693071153,HCPR,Healthcare
3693071156,FIN,Finance
3693071156,SALE,Sales
3693071157,IT,Information Technology
3693071158,FIN,Finance
3693071158,ACCT,Accounting
3693071158,CUST,Customer Service
3693071164,SALE,Sales
3693071164,BD,Business Development
3693071184,IT,Information Technology
3693071185,MRKT,Marketing
3693071186,ENG,Engineering
3693071186,IT,Information Technology
3693071189,OTHR,Other
3693071199,RSCH,Research
3693071199,ANLS,Analytics
3693071199,IT,Information Technology
3693071201,RSCH,Research
3693071201,ANLS,Analytics
3693071201,IT,Information Technology
3693071204,HCPR,Healthcare
3693071205,ADVR,Advertising
3693071205,ADM,Administration
3693071205,MRKT,Marketing
3693071211,FIN,Finance
3693071211,IT,Information Technology
3693071214,IT,Information Technology
3693071215,ACCT,Accounting
3693071215,FIN,Finance
3693071216,IT,Information Technology
3693071218,MRKT,Marketing
3693071218,PR,Public Relations
3693071218,WRT,Writing
3693071219,MGMT,Management
3693071219,MNFC,Manufacturing
3693071220,SALE,Sales
3693071220,BD,Business Development
3693071221,MRKT,Marketing
3693071221,PR,Public Relations
3693071221,WRT,Writing
3693071222,SALE,Sales
3693071222,BD,Business Development
3693071227,PRDM,Product Management
3693071227,MRKT,Marketing
3693071229,OTHR,Other
3693071234,MRKT,Marketing
3693071234,PR,Public Relations
3693071234,WRT,Writing
3693071238,FIN,Finance
3693071238,SALE,Sales
3693071239,BD,Business Development
3693071239,SALE,Sales
3693071241,IT,Information Technology
3693071245,HCPR,Healthcare
3693071267,ADM,Administration
3693071268,PRJM,Project Management
3693071268,OTHR,Other
3693071274,SALE,Sales
3693071274,BD,Business Development
3693071279,PRJM,Project Management
3693071279,IT,Information Technology
3693071288,HCPR,Healthcare
3693071289,RSCH,Research
3693071289,ANLS,Analytics
3693071289,IT,Information Technology
3693071291,HCPR,Healthcare
3693071295,HCPR,Healthcare
3693071308,RSCH,Research
3693071308,SCI,Science
3693071321,OTHR,Other
3693071321,MNFC,Manufacturing
3693071322,PRJM,Project Management
3693071322,IT,Information Technology
3693071324,IT,Information Technology
3693071324,CNSL,Consulting
3693071324,ENG,Engineering
3693071327,HR,Human Resources
3693071327,IT,Information Technology
3693071336,MGMT,Management
3693071336,DIST,Distribution
3693071336,SUPL,Supply Chain
3693071343,MNFC,Manufacturing
3693071343,OTHR,Other
3693071346,IT,Information Technology
3693071346,CNSL,Consulting
3693071346,ENG,Engineering
3693071372,HR,Human Resources
3693071377,MGMT,Management
3693071377,MNFC,Manufacturing
3693071378,SALE,Sales
3693071378,BD,Business Development
3693071386,HR,Human Resources
3693071392,HR,Human Resources
3693071417,RSCH,Research
3693071417,ANLS,Analytics
3693071417,IT,Information Technology
3693071420,ADM,Administration
3693071430,MGMT,Management
3693071430,MNFC,Manufacturing
3693071438,OTHR,Other
3693071438,PR,Public Relations
3693071438,WRT,Writing
3693071441,MGMT,Management
3693071441,STRA,Strategy
3693071461,ENG,Engineering
3693071466,IT,Information Technology
3693071511,IT,Information Technology
3693071513,IT,Information Technology
3693071526,MRKT,Marketing
3693071526,SALE,Sales
3693071541,SALE,Sales
3693071541,BD,Business Development
3693071541,CUST,Customer Service
3693071558,ACCT,Accounting
3693071558,FIN,Finance
3693071560,BD,Business Development
3693071561,DSGN,Design
3693071561,PRJM,Project Management
3693071561,ENG,Engineering
3693071562,ENG,Engineering
3693071569,MRKT,Marketing
3693071569,SALE,Sales
3693071574,ENG,Engineering
3693071574,IT,Information Technology
3693071579,SALE,Sales
3693071579,BD,Business Development
3693071581,BD,Business Development
3693071582,MGMT,Management
3693071582,MNFC,Manufacturing
3693071592,IT,Information Technology
3693071601,HR,Human Resources
3693071601,GENB,General Business
3693071602,HR,Human Resources
3693071626,HCPR,Healthcare
3693071627,QA,Quality Assurance
3693071629,RSCH,Research
3693071637,IT,Information Technology
3693071637,ADM,Administration
3693071638,MNFC,Manufacturing
3693071638,ENG,Engineering
3693071638,PROD,Product Management
3693071639,IT,Information Technology
3693071640,ACCT,Accounting
3693071640,FIN,Finance
3693071646,OTHR,Other
3693071649,MGMT,Management
3693071649,MNFC,Manufacturing
3693071651,ACCT,Accounting
3693071672,ACCT,Accounting
3693071672,FIN,Finance
3693071672,ANLS,Analytics
3693071708,SALE,Sales
3693071708,BD,Business Development
3693071737,IT,Information Technology
3693071737,EDU,Education
3693071737,DSGN,Design
3693071769,LGL,Legal
3693071771,SALE,Sales
3693071771,BD,Business Development
3693071772,FIN,Finance
3693071772,SALE,Sales
3693071781,ENG,Engineering
3693071781,IT,Information Technology
3693071803,PRJM,Project Management
3693071803,MGMT,Management
3693071809,SCI,Science
3693071810,HCPR,Healthcare
3693071837,MNFC,Manufacturing
3693071837,ENG,Engineering
3693071837,QA,Quality Assurance
3693072003,HCPR,Healthcare
3693072005,HCPR,Healthcare
3693072008,ADM,Administration
3693072012,ENG,Engineering
3693072012,MNFC,Manufacturing
3693072013,FIN,Finance
3693072013,IT,Information Technology
3693072015,ENG,Engineering
3693072015,IT,Information Technology
3693072016,IT,Information Technology
3693072020,ENG,Engineering
3693072020,IT,Information Technology
3693072025,HR,Human Resources
3693072033,EDU,Education
3693072033,TRNG,Training
3693072034,HCPR,Healthcare
3693072034,IT,Information Technology
3693072034,OTHR,Other
3693072038,CUST,Customer Service
3693072038,MGMT,Management
3693072064,OTHR,Other
3693072068,HCPR,Healthcare
3693072099,HCPR,Healthcare
3693072101,OTHR,Other
3693072114,QA,Quality Assurance
3693072117,IT,Information Technology
3693072138,ACCT,Accounting
3693072139,MGMT,Management
3693072139,MNFC,Manufacturing
3693072146,IT,Information Technology
3693072146,CNSL,Consulting
3693072146,ENG,Engineering
3693072148,MNFC,Manufacturing
3693072148,OTHR,Other
3693072150,MNFC,Manufacturing
3693072150,OTHR,Other
3693072155,STRA,Strategy
3693072155,ANLS,Analytics
3693072155,IT,Information Technology
3693072159,CUST,Customer Service
3693072165,MGMT,Management
3693072165,DIST,Distribution
3693072165,SUPL,Supply Chain
3693072167,ACCT,Accounting
3693072167,FIN,Finance
3693072168,IT,Information Technology
3693072170,PRJM,Project Management
3693072170,IT,Information Technology
3693072178,ADM,Administration
3693072184,ADVR,Advertising
3693072184,WRT,Writing
3693072184,MRKT,Marketing
3693072213,PRJM,Project Management
3693072213,IT,Information Technology
3693072214,SALE,Sales
3693072214,BD,Business Development
3693072215,DSGN,Design
3693072215,ART,Arts
3693072215,IT,Information Technology
3693072233,IT,Information Technology
3693072237,PRCH,Procurement
3693072237,SUPL,Supply Chain
3693072243,MGMT,Management
3693072257,LGL,Legal
3693072261,ENG,Engineering
3693072261,DSGN,Design
3693072261,CNSL,Consulting
3693072262,RSCH,Research
3693072262,PRDM,Product Management
3693072266,ENG,Engineering
3693072266,IT,Information Technology
3693072266,DSGN,Design
3693072267,ENG,Engineering
3693072267,IT,Information Technology
3693072268,SUPL,Supply Chain
3693072272,RSCH,Research
3693072272,ANLS,Analytics
3693072272,IT,Information Technology
3693072285,LGL,Legal
3693072289,IT,Information Technology
3693072289,CUST,Customer Service
3693072307,DSGN,Design
3693072307,ART,Arts
3693072307,IT,Information Technology
3693072309,CUST,Customer Service
3693072309,SALE,Sales
3693072309,MRKT,Marketing
3693072312,SALE,Sales
3693072312,BD,Business Development
3693072312,MRKT,Marketing
3693072314,HCPR,Healthcare
3693072340,SALE,Sales
3693072340,BD,Business Development
3693072340,MRKT,Marketing
3693072361,ENG,Engineering
3693072361,IT,Information Technology
3693072362,PRJM,Project Management
3693072362,IT,Information Technology
3693072364,IT,Information Technology
3693072364,RSCH,Research
3693072364,CUST,Customer Service
3693072365,FIN,Finance
3693072365,ACCT,Accounting
3693072366,IT,Information Technology
3693072381,OTHR,Other
3693072382,MRKT,Marketing
3693072382,PR,Public Relations
3693072382,WRT,Writing
3693072411,MGMT,Management
3693072411,MNFC,Manufacturing
3693072419,MGMT,Management
3693072419,MNFC,Manufacturing
3693072421,MRKT,Marketing
3693072421,DSGN,Design
3693072440,ACCT,Accounting
3693072440,ANLS,Analytics
3693072440,FIN,Finance
3693072448,ENG,Engineering
3693072448,IT,Information Technology
3693072451,ENG,Engineering
3693072451,STRA,Strategy
3693072455,LGL,Legal
3693072522,ADM,Administration
3693072541,IT,Information Technology
3693072543,IT,Information Technology
3693072543,MNFC,Manufacturing
3693072547,SALE,Sales
3693072547,BD,Business Development
3693072567,IT,Information Technology
3693072579,HR,Human Resources
3693072583,ENG,Engineering
3693072583,IT,Information Technology
3693072591,SALE,Sales
3693072591,MGMT,Management
3693072596,RSCH,Research
3693072596,ANLS,Analytics
3693072596,IT,Information Technology
3693072607,ACCT,Accounting
3693072607,FIN,Finance
3693072622,EDU,Education
3693072622,TRNG,Training
3693072626,HR,Human Resources
3693073000,HCPR,Healthcare
3693073004,SALE,Sales
3693073004,BD,Business Development
3693073007,ENG,Engineering
3693073007,IT,Information Technology
3693073010,BD,Business Development
3693073010,SALE,Sales
3693073013,ENG,Engineering
3693073013,OTHR,Other
3693073013,MNFC,Manufacturing
3693073017,ENG,Engineering
3693073017,IT,Information Technology
3693073018,MRKT,Marketing
3693073018,SALE,Sales
3693073021,ENG,Engineering
3693073021,IT,Information Technology
3693073023,HCPR,Healthcare
3693073024,IT,Information Technology
3693073035,MRKT,Marketing
3693073035,SALE,Sales
3693073045,OTHR,Other
3693073071,PR,Public Relations
3693073071,WRT,Writing
3693073081,ACCT,Accounting
3693073081,FIN,Finance
3693073087,ENG,Engineering
3693073087,IT,Information Technology
3693073088,QA,Quality Assurance
3693073088,BD,Business Development
3693073088,MNFC,Manufacturing
3693073098,SALE,Sales
3693073110,ADM,Administration
3693073112,IT,Information Technology
3693073113,SALE,Sales
3693073113,ADVR,Advertising
3693073113,BD,Business Development
3693073115,SALE,Sales
3693073115,ADVR,Advertising
3693073115,BD,Business Development
3693073119,ENG,Engineering
3693073119,IT,Information Technology
3693073120,IT,Information Technology
3693073120,CNSL,Consulting
3693073120,ENG,Engineering
3693073122,MRKT,Marketing
3693073122,SALE,Sales
3693073126,MNFC,Manufacturing
3693073126,OTHR,Other
3693073132,OTHR,Other
3693073132,MNFC,Manufacturing
3693073135,FIN,Finance
3693073135,IT,Information Technology
3693073135,ACCT,Accounting
3693073137,MGMT,Management
3693073137,STRA,Strategy
3693073137,ENG,Engineering
3693073138,IT,Information Technology
3693073150,SALE,Sales
3693073150,BD,Business Development
3693073151,ENG,Engineering
3693073151,IT,Information Technology
3693073157,MGMT,Management
3693073157,MNFC,Manufacturing
3693073158,OTHR,Other
3693073165,RSCH,Research
3693073165,SCI,Science
3693073165,CNSL,Consulting
3693073192,MGMT,Management
3693073192,MNFC,Manufacturing
3693073193,HR,Human Resources
3693073218,HCPR,Healthcare
3693073234,MGMT,Management
3693073234,MNFC,Manufacturing
3693073234,PROD,Product Management
3693073236,MRKT,Marketing
3693073236,SALE,Sales
3693073301,FIN,Finance
3693073301,CUST,Customer Service
3693073301,GENB,General Business
3693073307,ACCT,Accounting
3693073307,FIN,Finance
3693073307,STRA,Strategy
3693073310,IT,Information Technology
3693073310,FIN,Finance
3693073310,ENG,Engineering
3693073315,IT,Information Technology
3693073329,ENG,Engineering
3693073330,ACCT,Accounting
3693073330,FIN,Finance
3693073331,HR,Human Resources
3693073332,MGMT,Management
3693073332,MNFC,Manufacturing
3693073341,SALE,Sales
3693073341,BD,Business Development
3693073367,HCPR,Healthcare
3693073367,ADM,Administration
3693073383,SUPL,Supply Chain
3693073383,DIST,Distribution
3693073383,ANLS,Analytics
3693073386,IT,Information Technology
3693073393,SALE,Sales
3693073393,BD,Business Development
3693073393,SUPL,Supply Chain
3693073414,ADM,Administration
3693073419,HCPR,Healthcare
3693073422,ENG,Engineering
3693073425,GENB,General Business
3693073435,MRKT,Marketing
3693073435,SALE,Sales
3693073439,MGMT,Management
3693073444,IT,Information Technology
3693073448,BD,Business Development
3693073448,SALE,Sales
3693073450,ENG,Engineering
3693073450,IT,Information Technology
3693073452,ACCT,Accounting
3693073452,FIN,Finance
3693073453,IT,Information Technology
3693073453,PRJM,Project Management
3693073454,IT,Information Technology
3693073456,ACCT,Accounting
3693073456,FIN,Finance
3693073458,ENG,Engineering
3693073458,IT,Information Technology
3693073469,DSGN,Design
3693073487,MGMT,Management
3693073487,MNFC,Manufacturing
3693073561,HR,Human Resources
3693073585,LGL,Legal
3693073585,WRT,Writing
3693073585,ADM,Administration
3693073589,FIN,Finance
3693073589,CNSL,Consulting
3693073589,GENB,General Business
3693073590,MRKT,Marketing
3693073591,SALE,Sales
3693073591,BD,Business Development
3693073612,ACCT,Accounting
3693073612,FIN,Finance
3693073613,OTHR,Other
3693073616,BD,Business Development
3693073616,SALE,Sales
3693073626,HR,Human Resources
3693073627,ACCT,Accounting
3693073627,FIN,Finance
3693073631,IT,Information Technology
3693073635,ENG,Engineering
3693073635,IT,Information Technology
3693073636,FIN,Finance
3693073636,SALE,Sales
3693073642,ANLS,Analytics
3693073642,IT,Information Technology
3693073642,CNSL,Consulting
3693073644,ENG,Engineering
3693074006,SALE,Sales
3693074006,BD,Business Development
3693074008,PRJM,Project Management
3693074008,IT,Information Technology
3693074008,PRDM,Product Management
3693074012,HCPR,Healthcare
3693074015,PRJM,Project Management
3693074015,IT,Information Technology
3693074015,PRDM,Product Management
3693074020,PRJM,Project Management
3693074020,IT,Information Technology
3693074020,PRDM,Product Management
3693074021,MGMT,Management
3693074021,DIST,Distribution
3693074021,SUPL,Supply Chain
3693074026,DIST,Distribution
3693074026,SUPL,Supply Chain
3693074026,ENG,Engineering
3693074031,PRJM,Project Management
3693074031,IT,Information Technology
3693074031,PRDM,Product Management
3693074032,MNFC,Manufacturing
3693074032,OTHR,Other
3693074034,SALE,Sales
3693074034,ADVR,Advertising
3693074034,BD,Business Development
3693074035,MGMT,Management
3693074035,DIST,Distribution
3693074035,SUPL,Supply Chain
3693074045,ENG,Engineering
3693074045,IT,Information Technology
3693074046,HCPR,Healthcare
3693074049,MRKT,Marketing
3693074049,SALE,Sales
3693074050,MGMT,Management
3693074050,ACCT,Accounting
3693074050,FIN,Finance
3693074052,SALE,Sales
3693074052,BD,Business Development
3693074059,SALE,Sales
3693074059,BD,Business Development
3693074115,HR,Human Resources
3693074117,MRKT,Marketing
3693074117,SALE,Sales
3693074120,HCPR,Healthcare
3693074143,MGMT,Management
3693074143,MNFC,Manufacturing
3693074144,DSGN,Design
3693074144,ART,Arts
3693074144,IT,Information Technology
3693074159,MGMT,Management
3693074159,ENG,Engineering
3693074159,PRJM,Project Management
3693074174,IT,Information Technology
3693074184,ENG,Engineering
3693074184,IT,Information Technology
3693074204,OTHR,Other
3693074219,CNSL,Consulting
3693074219,IT,Information Technology
3693074224,ACCT,Accounting
3693074224,FIN,Finance
3693074228,CNSL,Consulting
3693074228,FIN,Finance
3693074255,HR,Human Resources
3693074256,CNSL,Consulting
3693074256,CUST,Customer Service
3693074256,IT,Information Technology
3693074259,MNFC,Manufacturing
3693074259,ENG,Engineering
3693074259,QA,Quality Assurance
3693074264,DSGN,Design
3693074264,PRJM,Project Management
3693074264,ENG,Engineering
3693074270,SALE,Sales
3693074270,MGMT,Management
3693074271,IT,Information Technology
3693074271,RSCH,Research
3693074271,CUST,Customer Service
3693074274,PRDM,Product Management
3693074274,MRKT,Marketing
3693074278,BD,Business Development
3693074291,HCPR,Healthcare
3693074295,IT,Information Technology
3693074298,TRNG,Training
3693074317,HR,Human Resources
3693074324,ADM,Administration
3693074332,HCPR,Healthcare
3693074335,IT,Information Technology
3693074341,DSGN,Design
3693074341,ART,Arts
3693074341,IT,Information Technology
3693074345,IT,Information Technology
3693074354,ENG,Engineering
3693074354,IT,Information Technology
3693074365,HR,Human Resources
3693074382,IT,Information Technology
3693074419,RSCH,Research
3693074419,SCI,Science
3693074432,IT,Information Technology
3693074432,ADM,Administration
3693074442,SALE,Sales
3693074442,BD,Business Development
3693074444,EDU,Education
3693074444,TRNG,Training
3693074454,MGMT,Management
3693074454,HCPR,Healthcare
3693074454,CUST,Customer Service
3693074456,ENG,Engineering
3693074456,IT,Information Technology
3693074468,LGL,Legal
3693074485,IT,Information Technology
3693074488,HCPR,Healthcare
3693074508,LGL,Legal
3693074545,HCPR,Healthcare
3693075005,MGMT,Management
3693075005,MNFC,Manufacturing
3693075025,MRKT,Marketing
3693075025,ANLS,Analytics
3693075025,STRA,Strategy
3693075035,ENG,Engineering
3693075035,CNSL,Consulting
3693075035,DSGN,Design
3693075040,CNSL,Consulting
3693075040,DSGN,Design
3693075040,ENG,Engineering
3693075047,ENG,Engineering
3693075047,IT,Information Technology
3693075073,SALE,Sales
3693075073,MGMT,Management
3693075084,IT,Information Technology
3693075097,PRJM,Project Management
3693075097,IT,Information Technology
3693075097,HCPR,Healthcare
3693075107,IT,Information Technology
3693075112,BD,Business Development
3693075112,IT,Information Technology
3693075140,HR,Human Resources
3693075152,ANLS,Analytics
3693075152,MRKT,Marketing
3693075152,PRJM,Project Management
3693075166,MRKT,Marketing
3693075169,IT,Information Technology
3693075169,RSCH,Research
3693075169,CUST,Customer Service
3693075179,ACCT,Accounting
3693075179,FIN,Finance
3693075185,MGMT,Management
3693075185,QA,Quality Assurance
3693075185,ADM,Administration
3693075190,ADM,Administration
3693075190,MGMT,Management
3693075190,LGL,Legal
3693075206,IT,Information Technology
3693075210,PRJM,Project Management
3693075210,IT,Information Technology
3693075211,ACCT,Accounting
3693075211,FIN,Finance
3693075227,ENG,Engineering
3693075227,IT,Information Technology
3693075229,ACCT,Accounting
3693075230,ANLS,Analytics
3693075230,MRKT,Marketing
3693075236,ACCT,Accounting
3693075236,FIN,Finance
3693075246,PROD,Product Management
3693075246,SCI,Science
3693075246,MNFC,Manufacturing
3693075261,IT,Information Technology
3693075261,ANLS,Analytics
3693075261,FIN,Finance
3693075270,PRJM,Project Management
3693075270,IT,Information Technology
3693075273,OTHR,Other
3693075273,CUST,Customer Service
3693075281,ANLS,Analytics
3693075281,IT,Information Technology
3693075284,IT,Information Technology
3693075290,PRJM,Project Management
3693075290,IT,Information Technology
3693075323,ADM,Administration
3693075357,MRKT,Marketing
3693075357,PR,Public Relations
3693075357,WRT,Writing
3693075379,SUPL,Supply Chain
3693075382,CUST,Customer Service
3693075382,SALE,Sales
3693075382,BD,Business Development
3693075396,ENG,Engineering
3693075399,MGMT,Management
3693075399,MNFC,Manufacturing
3693075402,OTHR,Other
3693075404,IT,Information Technology
3693075405,SALE,Sales
3693075405,BD,Business Development
3693075408,PRDM,Product Management
3693075425,IT,Information Technology
3693075444,LGL,Legal
3693075447,MGMT,Management
3693075447,MNFC,Manufacturing
3693075449,ACCT,Accounting
3693075449,CNSL,Consulting
3693075449,PRJM,Project Management
3693075453,HR,Human Resources
3693075460,ENG,Engineering
3693075460,IT,Information Technology
3693075463,SALE,Sales
3693075463,BD,Business Development
3693075474,ENG,Engineering
3693075474,PRDM,Product Management
3693075481,SUPL,Supply Chain
3693075483,BD,Business Development
3693075483,SALE,Sales
3693075487,HR,Human Resources
3693075487,BD,Business Development
3693075487,CNSL,Consulting
3693076005,IT,Information Technology
3693573636,MRKT,Marketing
3693573636,PR,Public Relations
3693573636,WRT,Writing
3693576985,IT,Information Technology
3693576985,FIN,Finance
3693577846,IT,Information Technology
3693577846,MGMT,Management
3693579523,IT,Information Technology
3693579942,BD,Business Development
3693579942,SALE,Sales
3693580156,ADM,Administration
3693580642,ADM,Administration
3693580643,SALE,Sales
3693580643,BD,Business Development
3693580704,MGMT,Management
3693580704,MNFC,Manufacturing
3693580716,MGMT,Management
3693580716,MNFC,Manufacturing
3693580717,MGMT,Management
3693580717,MNFC,Manufacturing
3693580722,MRKT,Marketing
3693580722,SALE,Sales
3693580731,MGMT,Management
3693580731,MNFC,Manufacturing
3693580732,MGMT,Management
3693580732,MNFC,Manufacturing
3693580734,SALE,Sales
3693580734,BD,Business Development
3693580735,SALE,Sales
3693580735,BD,Business Development
3693580737,MGMT,Management
3693580737,MNFC,Manufacturing
3693580738,MGMT,Management
3693580738,MNFC,Manufacturing
3693580739,MGMT,Management
3693580739,MNFC,Manufacturing
3693580740,SALE,Sales
3693580740,BD,Business Development
3693580745,HCPR,Healthcare
3693580746,IT,Information Technology
3693580747,OTHR,Other
3693580759,OTHR,Other
3693580770,MGMT,Management
3693580770,MNFC,Manufacturing
3693580775,OTHR,Other
3693580778,SALE,Sales
3693580778,BD,Business Development
3693580778,MRKT,Marketing
3693580780,ENG,Engineering
3693580780,IT,Information Technology
3693580793,HCPR,Healthcare
3693580799,ENG,Engineering
3693580799,IT,Information Technology
3693580801,SALE,Sales
3693580801,BD,Business Development
3693580807,OTHR,Other
3693580811,OTHR,Other
3693580819,DSGN,Design
3693580819,ART,Arts
3693580819,IT,Information Technology
3693580834,OTHR,Other
3693580843,MGMT,Management
3693580843,MNFC,Manufacturing
3693580844,ADM,Administration
3693580850,HCPR,Healthcare
3693580851,HCPR,Healthcare
3693580852,HCPR,Healthcare
3693580860,MGMT,Management
3693580860,MNFC,Manufacturing
3693580867,OTHR,Other
3693580892,FIN,Finance
3693580892,SALE,Sales
3693580902,ADM,Administration
3693580909,MGMT,Management
3693580909,MNFC,Manufacturing
3693580911,MGMT,Management
3693580911,MNFC,Manufacturing
3693580912,MGMT,Management
3693580912,MNFC,Manufacturing
3693580918,MGMT,Management
3693580918,MNFC,Manufacturing
3693580919,MGMT,Management
3693580919,MNFC,Manufacturing
3693580923,IT,Information Technology
3693580926,MGMT,Management
3693580926,MNFC,Manufacturing
3693580972,ACCT,Accounting
3693580972,FIN,Finance
3693580975,CNSL,Consulting
3693580975,IT,Information Technology
3693580975,SALE,Sales
3693580976,ENG,Engineering
3693580976,IT,Information Technology
3693580984,HCPR,Healthcare
3693580985,SALE,Sales
3693580985,BD,Business Development
3693580991,OTHR,Other
3693580996,GENB,General Business
3693580998,HR,Human Resources
3693580910,MGMT,Management
3693580910,MNFC,Manufacturing
3693581555,OTHR,Other
3693581614,MGMT,Management
3693581614,MNFC,Manufacturing
3693581615,OTHR,Other
3693581616,MGMT,Management
3693581616,MNFC,Manufacturing
3693581623,SALE,Sales
3693581623,BD,Business Development
3693581624,FIN,Finance
3693581624,SALE,Sales
3693581627,MGMT,Management
3693581627,MNFC,Manufacturing
3693581628,MGMT,Management
3693581628,MNFC,Manufacturing
3693581630,SCI,Science
3693581630,IT,Information Technology
3693581633,MGMT,Management
3693581633,HCPR,Healthcare
3693581634,ACCT,Accounting
3693581634,FIN,Finance
3693581635,OTHR,Other
3693581635,HCPR,Healthcare
3693581640,MGMT,Management
3693581640,MNFC,Manufacturing
3693581641,BD,Business Development
3693581641,SALE,Sales
3693581644,ENG,Engineering
3693581644,IT,Information Technology
3693581659,MGMT,Management
3693581659,MNFC,Manufacturing
3693581680,MRKT,Marketing
3693581680,PR,Public Relations
3693581680,WRT,Writing
3693581681,HCPR,Healthcare
3693581683,FIN,Finance
3693581683,SALE,Sales
3693581685,HCPR,Healthcare
3693581687,FIN,Finance
3693581687,SALE,Sales
3693581704,HCPR,Healthcare
3693581708,IT,Information Technology
3693581711,MGMT,Management
3693581711,MNFC,Manufacturing
3693581726,OTHR,Other
3693581728,HCPR,Healthcare
3693581729,OTHR,Other
3693581729,IT,Information Technology
3693581729,MGMT,Management
3693581730,EDU,Education
3693581730,TRNG,Training
3693581732,IT,Information Technology
3693581742,MGMT,Management
3693581742,MNFC,Manufacturing
3693581751,ANLS,Analytics
3693581751,FIN,Finance
3693581751,ACCT,Accounting
3693581782,OTHR,Other
3693581796,HCPR,Healthcare
3693581797,MGMT,Management
3693581797,MNFC,Manufacturing
3693581798,OTHR,Other
3693581799,HCPR,Healthcare
3693581803,SALE,Sales
3693581803,BD,Business Development
3693581804,PRJM,Project Management
3693581804,IT,Information Technology
3693581808,PRJM,Project Management
3693581809,QA,Quality Assurance
3693581847,SALE,Sales
3693581847,BD,Business Development
3693581852,FIN,Finance
3693581852,SALE,Sales
3693581854,MGMT,Management
3693581854,MNFC,Manufacturing
3693581855,ENG,Engineering
3693581855,IT,Information Technology
3693581861,MGMT,Management
3693581861,MNFC,Manufacturing
3693581866,MGMT,Management
3693581866,MNFC,Manufacturing
3693581869,HCPR,Healthcare
3693581871,HCPR,Healthcare
3693581879,IT,Information Technology
3693581884,SALE,Sales
3693581884,FIN,Finance
3693581884,MGMT,Management
3693581892,ACCT,Accounting
3693581897,IT,Information Technology
3693581903,GENB,General Business
3693581903,FIN,Finance
3693581903,ACCT,Accounting
3693581924,MGMT,Management
3693581924,MNFC,Manufacturing
3693581926,FIN,Finance
3693581927,ENG,Engineering
3693581927,IT,Information Technology
3693581936,DSGN,Design
3693581940,MGMT,Management
3693581940,MNFC,Manufacturing
3693581943,IT,Information Technology
3693581943,OTHR,Other
3693581943,BD,Business Development
3419060873,SALE,Sales
3419060873,BD,Business Development
3693581944,DSGN,Design
3693581944,ART,Arts
3693581944,IT,Information Technology
3693581946,CUST,Customer Service
3693581946,ADM,Administration
3693581946,ANLS,Analytics
3693581947,DSGN,Design
3693581947,ART,Arts
3693581947,IT,Information Technology
3693581950,ACCT,Accounting
3693581950,FIN,Finance
3693581951,MRKT,Marketing
3693581951,SALE,Sales
3693581952,ENG,Engineering
3693581952,IT,Information Technology
3693581953,LGL,Legal
3693581954,MGMT,Management
3693581954,MNFC,Manufacturing
3693581956,MGMT,Management
3693581956,MNFC,Manufacturing
3693581957,ACCT,Accounting
3693581957,FIN,Finance
3693581959,HCPR,Healthcare
3693581968,SALE,Sales
3693581985,SALE,Sales
3693581986,SALE,Sales
3693581987,PRJM,Project Management
3693581987,DSGN,Design
3693581987,MGMT,Management
3693581988,MGMT,Management
3693581988,MNFC,Manufacturing
3693581995,SALE,Sales
3693581995,BD,Business Development
3693581998,ENG,Engineering
3693581998,IT,Information Technology
3693582641,SALE,Sales
3693582641,BD,Business Development
3693582645,SALE,Sales
3693582645,BD,Business Development
3693582646,MGMT,Management
3693582646,MNFC,Manufacturing
3693582649,MGMT,Management
3693582649,MNFC,Manufacturing
3693582650,MGMT,Management
3693582650,MNFC,Manufacturing
3693582651,SALE,Sales
3693582651,BD,Business Development
3693582655,IT,Information Technology
3693582657,MGMT,Management
3693582657,MNFC,Manufacturing
3693582662,IT,Information Technology
3693582667,IT,Information Technology
3693582677,BD,Business Development
3693582677,SALE,Sales
3693582685,MGMT,Management
3693582685,MNFC,Manufacturing
3693582691,DIST,Distribution
3693582691,SUPL,Supply Chain
3693582691,MNFC,Manufacturing
3693582696,MGMT,Management
3693582696,MNFC,Manufacturing
3693582703,HCPR,Healthcare
3693582704,HCPR,Healthcare
3693582705,HCPR,Healthcare
3693582706,HCPR,Healthcare
3693582707,HCPR,Healthcare
3693582709,HCPR,Healthcare
3693582717,IT,Information Technology
3693582733,ENG,Engineering
3693582733,IT,Information Technology
3693582734,PRJM,Project Management
3693582734,IT,Information Technology
3693582737,HCPR,Healthcare
3693582749,MGMT,Management
3693582749,MNFC,Manufacturing
3693582754,ADM,Administration
3693582772,FIN,Finance
3693582772,SALE,Sales
3693582784,MGMT,Management
3693582784,MNFC,Manufacturing
3693582825,MGMT,Management
3693582825,MNFC,Manufacturing
3693582826,MGMT,Management
3693582826,MNFC,Manufacturing
3693582827,MGMT,Management
3693582827,MNFC,Manufacturing
3693582828,MGMT,Management
3693582828,MNFC,Manufacturing
3693582833,SALE,Sales
3693582833,BD,Business Development
3693582835,ACCT,Accounting
3693582835,FIN,Finance
3693582837,MRKT,Marketing
3693582837,SALE,Sales
3693582839,MGMT,Management
3693582839,MNFC,Manufacturing
3693582849,MGMT,Management
3693582882,ENG,Engineering
3693582882,IT,Information Technology
3693582883,ENG,Engineering
3693582883,MNFC,Manufacturing
3693582884,MGMT,Management
3693582884,MNFC,Manufacturing
3693582896,OTHR,Other
3693582916,ACCT,Accounting
3693582922,ACCT,Accounting
3693582922,FIN,Finance
3693582922,MNFC,Manufacturing
3693582923,FIN,Finance
3693582923,SALE,Sales
3693582931,HCPR,Healthcare
3693582938,ACCT,Accounting
3693582938,FIN,Finance
3693582943,HR,Human Resources
3693582948,OTHR,Other
3693582950,BD,Business Development
3693582950,STRA,Strategy
3693582956,SCI,Science
3693582956,RSCH,Research
3693582966,ENG,Engineering
3693582968,MGMT,Management
3693582968,MNFC,Manufacturing
3693582980,BD,Business Development
3693582980,SALE,Sales
3693582985,SALE,Sales
3693582986,PRDM,Product Management
3693582986,MRKT,Marketing
3693582987,PRDM,Product Management
3693582987,MRKT,Marketing
3693582998,HCPR,Healthcare
3693582998,ADM,Administration
3693583403,FIN,Finance
3693583403,SALE,Sales
3693583506,OTHR,Other
3693583513,SALE,Sales
3693583513,BD,Business Development
3693583517,SALE,Sales
3693583517,BD,Business Development
3693583521,MGMT,Management
3693583521,MNFC,Manufacturing
3693583522,PRJM,Project Management
3693583522,IT,Information Technology
3693583523,PRJM,Project Management
3693583523,IT,Information Technology
3693583531,SALE,Sales
3693583531,BD,Business Development
3693583534,LGL,Legal
3693583534,SUPL,Supply Chain
3693583538,HCPR,Healthcare
3693583548,MGMT,Management
3693583548,MNFC,Manufacturing
3693583576,OTHR,Other
3693583606,CUST,Customer Service
3693583614,HCPR,Healthcare
3693583624,HCPR,Healthcare
3693583632,OTHR,Other
3693583633,SALE,Sales
3693583633,BD,Business Development
3693583647,SALE,Sales
3693583647,BD,Business Development
3693583655,FIN,Finance
3693583655,SALE,Sales
3693583656,FIN,Finance
3693583656,SALE,Sales
3693583686,MGMT,Management
3693583686,MNFC,Manufacturing
3693583691,ENG,Engineering
3693583691,IT,Information Technology
3693583692,MGMT,Management
3693583692,MNFC,Manufacturing
3693583693,MRKT,Marketing
3693583693,SALE,Sales
3693583694,ACCT,Accounting
3693583694,FIN,Finance
3693583695,SALE,Sales
3693583695,BD,Business Development
3693583699,MGMT,Management
3693583699,MNFC,Manufacturing
3693583706,SALE,Sales
3693583706,BD,Business Development
3693583730,ACCT,Accounting
3693583730,FIN,Finance
3693583732,OTHR,Other
3693583733,ACCT,Accounting
3693583733,FIN,Finance
3693583735,IT,Information Technology
3693583737,ADM,Administration
3693583739,OTHR,Other
3693583742,ACCT,Accounting
3693583742,FIN,Finance
3693583745,MGMT,Management
3693583745,MNFC,Manufacturing
3693583751,ACCT,Accounting
3693583751,FIN,Finance
3693583770,HR,Human Resources
3693583771,QA,Quality Assurance
3693583782,IT,Information Technology
3693583782,OTHR,Other
3693583782,BD,Business Development
3693583786,HR,Human Resources
3693583786,MGMT,Management
3693583790,ENG,Engineering
3693583790,IT,Information Technology
3693583801,ENG,Engineering
3693583801,IT,Information Technology
3693583802,IT,Information Technology
3693583824,ENG,Engineering
3693583824,IT,Information Technology
3693583829,ENG,Engineering
3693583831,PRDM,Product Management
3693583831,MRKT,Marketing
3693583832,RSCH,Research
3693583835,IT,Information Technology
3693583835,OTHR,Other
3693583835,BD,Business Development
3693583836,ENG,Engineering
3693583839,SALE,Sales
3693583842,IT,Information Technology
3693583842,OTHR,Other
3693583842,BD,Business Development
3693583847,ENG,Engineering
3693583847,IT,Information Technology
3693583853,HCPR,Healthcare
3693583871,IT,Information Technology
3693583871,CUST,Customer Service
3693583872,FIN,Finance
3693583872,ACCT,Accounting
3693583872,STRA,Strategy
3693583893,HCPR,Healthcare
3693583896,FIN,Finance
3693583896,SALE,Sales
3693583898,DSGN,Design
3693583898,ENG,Engineering
3693583898,MGMT,Management
3693583914,SALE,Sales
3693583914,BD,Business Development
3693583914,CNSL,Consulting
3693583919,MRKT,Marketing
3693583919,SALE,Sales
3693583923,IT,Information Technology
3693583943,ADM,Administration
3693583945,BD,Business Development
3693583945,SALE,Sales
3693583948,PRDM,Product Management
3693583948,MRKT,Marketing
3693583950,PROD,Product Management
3693583953,SALE,Sales
3693583963,ENG,Engineering
3693583972,CNSL,Consulting
3693583972,ENG,Engineering
3693583972,QA,Quality Assurance
3693583975,CNSL,Consulting
3693583980,QA,Quality Assurance
3693583981,OTHR,Other
3693583982,MRKT,Marketing
3693583982,SALE,Sales
3693583982,PR,Public Relations
3693583986,OTHR,Other
3693583988,OTHR,Other
3693583989,STRA,Strategy
3693583990,LGL,Legal
3693584360,OTHR,Other
3693584429,ENG,Engineering
3693584429,IT,Information Technology
3693584435,ENG,Engineering
3693584435,IT,Information Technology
3693584438,OTHR,Other
3693584445,MGMT,Management
3693584445,MNFC,Manufacturing
3693584448,MGMT,Management
3693584448,MNFC,Manufacturing
3693584449,SALE,Sales
3693584449,BD,Business Development
3693584451,SALE,Sales
3693584451,BD,Business Development
3693584452,MRKT,Marketing
3693584452,SALE,Sales
3693584453,SCI,Science
3693584453,IT,Information Technology
3693584455,PRJM,Project Management
3693584455,IT,Information Technology
3693584462,IT,Information Technology
3693584470,BD,Business Development
3693584470,SALE,Sales
3693584472,BD,Business Development
3693584472,SALE,Sales
3693584474,ACCT,Accounting
3693584474,FIN,Finance
3693584481,SALE,Sales
3693584481,CUST,Customer Service
3693584481,SUPL,Supply Chain
3693584490,MGMT,Management
3693584490,MNFC,Manufacturing
3693584492,ACCT,Accounting
3693584492,FIN,Finance
3693584493,DSGN,Design
3693584493,ART,Arts
3693584493,IT,Information Technology
3693584505,MGMT,Management
3693584505,MNFC,Manufacturing
3693584511,ADM,Administration
3693584513,IT,Information Technology
3693584514,OTHR,Other
3693584517,HCPR,Healthcare
3693584538,LGL,Legal
3693584541,MGMT,Management
3693584541,MNFC,Manufacturing
3693584542,FIN,Finance
3693584542,SALE,Sales
3693584551,DSGN,Design
3693584551,ART,Arts
3693584551,IT,Information Technology
3693584568,ENG,Engineering
3693584568,IT,Information Technology
3693584579,SALE,Sales
3693584579,BD,Business Development
3693584592,SALE,Sales
3693584592,BD,Business Development
3693584608,MGMT,Management
3693584608,MNFC,Manufacturing
3693584609,MGMT,Management
3693584609,MNFC,Manufacturing
3693584610,MGMT,Management
3693584610,MNFC,Manufacturing
3693584614,SALE,Sales
3693584614,BD,Business Development
3693584617,ENG,Engineering
3693584617,IT,Information Technology
3693584621,MGMT,Management
3693584621,MNFC,Manufacturing
3693584624,MGMT,Management
3693584624,MNFC,Manufacturing
3693584625,SALE,Sales
3693584625,BD,Business Development
3693584628,MGMT,Management
3693584628,CUST,Customer Service
3693584634,HCPR,Healthcare
3693584648,MRKT,Marketing
3693584648,PR,Public Relations
3693584648,WRT,Writing
3693584662,IT,Information Technology
3693584662,OTHR,Other
3693584662,BD,Business Development
3693584673,HR,Human Resources
3693584674,IT,Information Technology
3693584676,ACCT,Accounting
3693584676,FIN,Finance
3693584677,MGMT,Management
3693584677,MNFC,Manufacturing
3693584682,IT,Information Technology
3693584686,SALE,Sales
3693584686,BD,Business Development
3693584688,IT,Information Technology
3693584688,OTHR,Other
3693584688,BD,Business Development
3693584692,HCPR,Healthcare
3693584693,HCPR,Healthcare
3693584695,HCPR,Healthcare
3693584696,CUST,Customer Service
3693584701,HR,Human Resources
3693584706,RSCH,Research
3693584706,ANLS,Analytics
3693584706,IT,Information Technology
3693584707,MGMT,Management
3693584707,MNFC,Manufacturing
3693584708,OTHR,Other
3693584712,ENG,Engineering
3693584712,IT,Information Technology
3693584721,ENG,Engineering
3693584721,IT,Information Technology
3693584726,CUST,Customer Service
3693584729,LGL,Legal
3693584736,IT,Information Technology
3693584746,PRJM,Project Management
3693584746,CNSL,Consulting
3693584746,FIN,Finance
3693584749,BD,Business Development
3693584749,SALE,Sales
3693584750,RSCH,Research
3693584750,ANLS,Analytics
3693584750,IT,Information Technology
3693584752,ENG,Engineering
3693584752,IT,Information Technology
3693584754,ENG,Engineering
3693584758,DSGN,Design
3693584758,ART,Arts
3693584758,IT,Information Technology
3693584762,PRDM,Product Management
3693584769,IT,Information Technology
3693584771,SALE,Sales
3693584773,SALE,Sales
3693584775,SALE,Sales
3693584776,IT,Information Technology
3693584776,OTHR,Other
3693584776,BD,Business Development
3693584777,SALE,Sales
3693584783,PRJM,Project Management
3693584783,IT,Information Technology
3693584786,FIN,Finance
3693584786,SALE,Sales
3693584793,SALE,Sales
3693584794,SALE,Sales
3693584795,SALE,Sales
3693584798,FIN,Finance
3693584798,SALE,Sales
3693584802,ENG,Engineering
3693584802,CNSL,Consulting
3693584802,DSGN,Design
3693584825,ENG,Engineering
3693584825,IT,Information Technology
3693584836,IT,Information Technology
3693584836,FIN,Finance
3693584839,CNSL,Consulting
3693584839,IT,Information Technology
3693584839,SALE,Sales
3693584842,IT,Information Technology
3693584846,HR,Human Resources
3693584846,CNSL,Consulting
3693584846,CUST,Customer Service
3693584851,PROD,Product Management
3693584851,ART,Arts
3693584851,WRT,Writing
3693584867,IT,Information Technology
3693584868,LGL,Legal
3693584874,IT,Information Technology
3693584884,MRKT,Marketing
3693584884,SALE,Sales
3693584894,FIN,Finance
3693584894,SALE,Sales
3693584895,ENG,Engineering
3693584895,IT,Information Technology
3693584897,FIN,Finance
3693584897,SALE,Sales
3693584901,IT,Information Technology
3693584902,ACCT,Accounting
3693584902,FIN,Finance
3693584903,SALE,Sales
3693584903,BD,Business Development
3693584904,HCPR,Healthcare
3693584906,OTHR,Other
3693584907,QA,Quality Assurance
3693584913,PRJM,Project Management
3693584913,IT,Information Technology
3693584918,SALE,Sales
3693584918,BD,Business Development
3693584921,FIN,Finance
3693584921,SALE,Sales
3693584923,SALE,Sales
3693584923,BD,Business Development
3693584928,IT,Information Technology
3693584935,IT,Information Technology
3693584936,SALE,Sales
3693584938,MGMT,Management
3693584938,MNFC,Manufacturing
3693584939,OTHR,Other
3693584956,HCPR,Healthcare
3693584971,MGMT,Management
3693584971,PRDM,Product Management
3693584971,CUST,Customer Service
3693584986,IT,Information Technology
3693584991,PRCH,Procurement
3693585393,MGMT,Management
3693585393,MNFC,Manufacturing
3693585403,SALE,Sales
3693585403,BD,Business Development
3693585405,IT,Information Technology
3693585411,SALE,Sales
3693585411,BD,Business Development
3693585412,ENG,Engineering
3693585412,IT,Information Technology
3693585414,MRKT,Marketing
3693585414,SALE,Sales
3693585415,SALE,Sales
3693585415,BD,Business Development
3693585416,SALE,Sales
3693585416,BD,Business Development
3693585417,SALE,Sales
3693585417,BD,Business Development
3693585426,OTHR,Other
3693585426,HCPR,Healthcare
3693585428,FIN,Finance
3693585428,ACCT,Accounting
3693585436,BD,Business Development
3693585436,SALE,Sales
3693585439,MGMT,Management
3693585439,MNFC,Manufacturing
3693585440,MGMT,Management
3693585440,MNFC,Manufacturing
3693585441,MGMT,Management
3693585441,MNFC,Manufacturing
3693585455,SALE,Sales
3693585455,BD,Business Development
3693585456,SALE,Sales
3693585456,BD,Business Development
3693585473,OTHR,Other
3693585505,MGMT,Management
3693585505,MNFC,Manufacturing
3693585511,MGMT,Management
3693585511,MNFC,Manufacturing
3693585515,BD,Business Development
3693585515,SALE,Sales
3693585515,MRKT,Marketing
3693585524,OTHR,Other
3693585525,OTHR,Other
3693585536,MGMT,Management
3693585536,MNFC,Manufacturing
3693585546,DSGN,Design
3693585546,ART,Arts
3693585546,IT,Information Technology
3693585578,MGMT,Management
3693585578,MNFC,Manufacturing
3693585582,HCPR,Healthcare
3693585585,MGMT,Management
3693585585,MNFC,Manufacturing
3693585586,MGMT,Management
3693585586,MNFC,Manufacturing
3693585587,ART,Arts
3693585587,DSGN,Design
3693585588,MGMT,Management
3693585588,MNFC,Manufacturing
3693585593,HCPR,Healthcare
3693585596,MGMT,Management
3693585596,MNFC,Manufacturing
3693585602,EDU,Education
3693585602,TRNG,Training
3693585609,MGMT,Management
3693585609,MNFC,Manufacturing
3693585611,FIN,Finance
3693585611,SALE,Sales
3693585623,PROD,Product Management
3693585623,STRA,Strategy
3693585623,WRT,Writing
3693585628,HR,Human Resources
3693585629,HR,Human Resources
3693585630,EDU,Education
3693585630,TRNG,Training
3693585641,HCPR,Healthcare
3693585646,PRJM,Project Management
3693585646,IT,Information Technology
3693585649,MGMT,Management
3693585649,MNFC,Manufacturing
3693585649,ENG,Engineering
3693585655,ENG,Engineering
3693585655,IT,Information Technology
3693585660,HCPR,Healthcare
3693585668,QA,Quality Assurance
3693585671,ACCT,Accounting
3693585671,FIN,Finance
3693585674,EDU,Education
3693585674,TRNG,Training
3693585680,IT,Information Technology
3693585680,OTHR,Other
3693585680,BD,Business Development
3693585683,ACCT,Accounting
3693585683,FIN,Finance
3693585688,MGMT,Management
3693585688,MNFC,Manufacturing
3693585694,ENG,Engineering
3693585702,PRJM,Project Management
3693585702,IT,Information Technology
3693585710,MGMT,Management
3693585710,MNFC,Manufacturing
3693585714,ACCT,Accounting
3693585714,FIN,Finance
3693585716,ACCT,Accounting
3693585716,FIN,Finance
3693585724,ENG,Engineering
3693585724,IT,Information Technology
3693585727,SALE,Sales
3693585731,ENG,Engineering
3693585731,IT,Information Technology
3693585737,CUST,Customer Service
3693585744,MGMT,Management
3693585744,MNFC,Manufacturing
3693585745,ACCT,Accounting
3693585745,FIN,Finance
3693585747,IT,Information Technology
3693585747,OTHR,Other
3693585747,BD,Business Development
3693585752,LGL,Legal
3693585760,LGL,Legal
3693585775,RSCH,Research
3693585775,ANLS,Analytics
3693585775,IT,Information Technology
3693585785,FIN,Finance
3693585785,SALE,Sales
3693585788,SCI,Science
3693585788,RSCH,Research
3693585788,HCPR,Healthcare
3693585791,FIN,Finance
3693585791,SALE,Sales
3693585793,FIN,Finance
3693585793,ANLS,Analytics
3693585798,MGMT,Management
3693585798,MNFC,Manufacturing
3693585801,OTHR,Other
3693585811,DIST,Distribution
3693585811,GENB,General Business
3693585811,MGMT,Management
3693585813,IT,Information Technology
3693585827,ADM,Administration
3693585834,MGMT,Management
3693585834,MNFC,Manufacturing
3693585840,ENG,Engineering
3693585840,IT,Information Technology
3693585842,ENG,Engineering
3693585846,OTHR,Other
3693585847,OTHR,Other
3693585848,SALE,Sales
3693585848,BD,Business Development
3693585849,OTHR,Other
3693585851,HR,Human Resources
3693585851,SALE,Sales
3693585853,MRKT,Marketing
3693585855,PRJM,Project Management
3693585855,IT,Information Technology
3693585859,ENG,Engineering
3693585862,BD,Business Development
3693585862,FIN,Finance
3693585862,RSCH,Research
3693585864,ENG,Engineering
3693585864,IT,Information Technology
3693585868,MNFC,Manufacturing
3693585868,DSGN,Design
3693585868,ENG,Engineering
3693585869,OTHR,Other
3693585871,OTHR,Other
3693585872,MRKT,Marketing
3693585874,OTHR,Other
3693585875,OTHR,Other
3693585877,OTHR,Other
3693585903,SALE,Sales
3693585903,BD,Business Development
3693585921,PRJM,Project Management
3693585927,ACCT,Accounting
3693585927,FIN,Finance
3693585936,SALE,Sales
3693585936,BD,Business Development
3693585936,CNSL,Consulting
3693585940,OTHR,Other
3693585941,OTHR,Other
3693585942,OTHR,Other
3693585946,OTHR,Other
3693585947,OTHR,Other
3693585954,MRKT,Marketing
3693585954,PR,Public Relations
3693585954,WRT,Writing
3693585961,ENG,Engineering
3693585972,ADM,Administration
3693586358,MGMT,Management
3693586358,MNFC,Manufacturing
3693586371,MGMT,Management
3693586371,MNFC,Manufacturing
3693586385,MGMT,Management
3693586385,MNFC,Manufacturing
3693586386,MGMT,Management
3693586386,MNFC,Manufacturing
3693586388,MGMT,Management
3693586388,MNFC,Manufacturing
3693586391,SALE,Sales
3693586391,BD,Business Development
3693586402,MGMT,Management
3693586402,MNFC,Manufacturing
3693586403,IT,Information Technology
3693586411,HCPR,Healthcare
3693586412,BD,Business Development
3693586412,SALE,Sales
3693586415,ACCT,Accounting
3693586415,FIN,Finance
3693586420,MGMT,Management
3693586420,MNFC,Manufacturing
3693586423,ENG,Engineering
3693586423,IT,Information Technology
3693586428,SALE,Sales
3693586428,MRKT,Marketing
3693586428,ADM,Administration
3693586434,DSGN,Design
3693586434,ART,Arts
3693586434,IT,Information Technology
3693586458,IT,Information Technology
3693586463,PRJM,Project Management
3693586463,IT,Information Technology
3693586464,PRJM,Project Management
3693586464,IT,Information Technology
3693586469,CUST,Customer Service
3693586475,OTHR,Other
3693586481,MGMT,Management
3693586481,MNFC,Manufacturing
3693586482,RSCH,Research
3693586482,ANLS,Analytics
3693586482,IT,Information Technology
3693586488,HCPR,Healthcare
3693586490,IT,Information Technology
3693586511,IT,Information Technology
3693586512,SALE,Sales
3693586512,BD,Business Development
3693586544,FIN,Finance
3693586544,SALE,Sales
3693586554,ENG,Engineering
3693586554,IT,Information Technology
3693586556,MGMT,Management
3693586556,MNFC,Manufacturing
3693586557,MGMT,Management
3693586557,MNFC,Manufacturing
3693586558,MGMT,Management
3693586558,MNFC,Manufacturing
3693586562,MGMT,Management
3693586562,MNFC,Manufacturing
3693586563,MGMT,Management
3693586563,MNFC,Manufacturing
3693586564,MGMT,Management
3693586564,MNFC,Manufacturing
3693586565,MGMT,Management
3693586565,MNFC,Manufacturing
3693586566,BD,Business Development
3693586566,SALE,Sales
3693586570,MGMT,Management
3693586570,MNFC,Manufacturing
3693586581,ENG,Engineering
3693586589,ENG,Engineering
3693586589,IT,Information Technology
3693586591,IT,Information Technology
3693586595,OTHR,Other
3693586602,ACCT,Accounting
3693586602,FIN,Finance
3693586603,ACCT,Accounting
3693586603,FIN,Finance
3693586604,MGMT,Management
3693586604,MNFC,Manufacturing
3693586605,IT,Information Technology
3693586606,ACCT,Accounting
3693586606,FIN,Finance
3693586607,IT,Information Technology
3693586607,OTHR,Other
3693586607,BD,Business Development
3693586618,SALE,Sales
3693586618,BD,Business Development
3693586619,HCPR,Healthcare
3693586623,HCPR,Healthcare
3693586625,HCPR,Healthcare
3693586627,HCPR,Healthcare
3693586630,HCPR,Healthcare
3693586633,CUST,Customer Service
3693586634,HCPR,Healthcare
3693586635,IT,Information Technology
3693586643,ENG,Engineering
3693586643,IT,Information Technology
3693586645,IT,Information Technology
3693586649,FIN,Finance
3693586649,SALE,Sales
3693586656,SALE,Sales
3693586656,BD,Business Development
3693586657,SALE,Sales
3693586657,BD,Business Development
3693586659,DSGN,Design
3693586659,ART,Arts
3693586659,IT,Information Technology
3693586686,PRJM,Project Management
3693586686,IT,Information Technology
3693586687,MGMT,Management
3693586693,MGMT,Management
3693586693,MNFC,Manufacturing
3693586694,HCPR,Healthcare
3693586696,HCPR,Healthcare
3693586702,SALE,Sales
3693586703,SALE,Sales
3693586705,SALE,Sales
3693586706,SALE,Sales
3693586709,SALE,Sales
3693586709,BD,Business Development
3693586712,IT,Information Technology
3693586712,OTHR,Other
3693586712,BD,Business Development
3693586723,MGMT,Management
3693586723,MNFC,Manufacturing
3693586748,IT,Information Technology
3693586750,HCPR,Healthcare
3693586755,MGMT,Management
3693586755,MNFC,Manufacturing
3693586757,HCPR,Healthcare
3693586763,PRJM,Project Management
3693586771,RSCH,Research
3693586771,ANLS,Analytics
3693586771,IT,Information Technology
3693586773,HCPR,Healthcare
3693586778,FIN,Finance
3693586778,SALE,Sales
3693586781,BD,Business Development
3693586781,SALE,Sales
3693586783,SALE,Sales
3693586783,BD,Business Development
3693586792,BD,Business Development
3693586792,SALE,Sales
3693586796,FIN,Finance
3693586796,ANLS,Analytics
3693586801,MGMT,Management
3693586811,PRJM,Project Management
3693586811,IT,Information Technology
3693586812,IT,Information Technology
3693586812,ENG,Engineering
3693586816,SALE,Sales
3693586816,CUST,Customer Service
3693586818,MGMT,Management
3693586818,MNFC,Manufacturing
3693586823,ENG,Engineering
3693586823,IT,Information Technology
3693586823,DSGN,Design
3693586824,SALE,Sales
3693586824,CUST,Customer Service
3693586830,OTHR,Other
3693586834,PRJM,Project Management
3693586834,IT,Information Technology
3693586837,RSCH,Research
3693586837,ANLS,Analytics
3693586837,IT,Information Technology
3693586843,ACCT,Accounting
3693586854,OTHR,Other
3693586855,OTHR,Other
3693586867,MGMT,Management
3693586867,FIN,Finance
3693586869,ENG,Engineering
3693586873,MGMT,Management
3693586873,MNFC,Manufacturing
3693586874,OTHR,Other
3693586874,EDU,Education
3693586876,ADM,Administration
3693586876,PRCH,Procurement
3693586876,SUPL,Supply Chain
3693586882,MGMT,Management
3693586883,SALE,Sales
3693586883,BD,Business Development
3693586898,IT,Information Technology
3693586911,ENG,Engineering
3693586911,IT,Information Technology
3693586918,OTHR,Other
3693586919,OTHR,Other
3693586920,OTHR,Other
3693586923,OTHR,Other
3693586926,OTHR,Other
3693586927,OTHR,Other
3693586931,FIN,Finance
3693586931,MGMT,Management
3693586931,BD,Business Development
3693586943,IT,Information Technology
3693586952,OTHR,Other
3693586956,ACCT,Accounting
3693586956,FIN,Finance
3693586957,CNSL,Consulting
3693586957,ENG,Engineering
3693586957,QA,Quality Assurance
3693586963,ENG,Engineering
3693586976,OTHR,Other
3693586977,OTHR,Other
3693586979,OTHR,Other
3693586980,OTHR,Other
3693586984,OTHR,Other
3693586985,OTHR,Other
3693586986,OTHR,Other
3693586987,OTHR,Other
3693586988,OTHR,Other
3693586989,OTHR,Other
3693586992,OTHR,Other
3693586997,LGL,Legal
3693586998,OTHR,Other
3693586999,OTHR,Other
3693587032,MRKT,Marketing
3693587032,SALE,Sales
3693587073,OTHR,Other
3693587086,FIN,Finance
3693587086,SALE,Sales
3693587087,IT,Information Technology
3693587087,ENG,Engineering
3693587087,SUPL,Supply Chain
3693587090,MGMT,Management
3693587090,MNFC,Manufacturing
3693587092,MGMT,Management
3693587092,MNFC,Manufacturing
3693587094,SALE,Sales
3693587094,BD,Business Development
3693587095,MGMT,Management
3693587095,MNFC,Manufacturing
3693587102,HCPR,Healthcare
3693587110,RSCH,Research
3693587110,SCI,Science
3693587117,RSCH,Research
3693587117,ANLS,Analytics
3693587117,IT,Information Technology
3693587120,MGMT,Management
3693587120,MNFC,Manufacturing
3693587123,PRCH,Procurement
3693587123,SUPL,Supply Chain
3693587126,ENG,Engineering
3693587126,IT,Information Technology
3693587130,SALE,Sales
3693587130,BD,Business Development
3693587130,MRKT,Marketing
3693587136,HCPR,Healthcare
3693587152,BD,Business Development
3693587152,SALE,Sales
3693587155,HCPR,Healthcare
3693587158,SALE,Sales
3693587158,BD,Business Development
3693587159,HCPR,Healthcare
3693587168,MGMT,Management
3693587168,MNFC,Manufacturing
3693587180,IT,Information Technology
3693587183,BD,Business Development
3693587183,SALE,Sales
3693587190,OTHR,Other
3693587200,OTHR,Other
3693587210,FIN,Finance
3693587210,SALE,Sales
3693587233,MGMT,Management
3693587233,MNFC,Manufacturing
3693587242,MGMT,Management
3693587242,MNFC,Manufacturing
3693587243,MGMT,Management
3693587243,MNFC,Manufacturing
3693587247,MGMT,Management
3693587247,MNFC,Manufacturing
3693587248,MGMT,Management
3693587248,MNFC,Manufacturing
3693587249,MGMT,Management
3693587249,MNFC,Manufacturing
3693587253,MGMT,Management
3693587253,MNFC,Manufacturing
3693587258,HCPR,Healthcare
3693587263,IT,Information Technology
3693587289,HCPR,Healthcare
3693587292,EDU,Education
3693587292,TRNG,Training
3693587298,MGMT,Management
3693587298,MNFC,Manufacturing
3693587300,ACCT,Accounting
3693587300,FIN,Finance
3693587304,MGMT,Management
3693587304,MNFC,Manufacturing
3693587305,MGMT,Management
3693587305,MNFC,Manufacturing
3693587308,ACCT,Accounting
3693587308,FIN,Finance
3693587315,BD,Business Development
3693587315,SALE,Sales
3693587316,LGL,Legal
3693587326,ADM,Administration
3693587334,HR,Human Resources
3693587336,IT,Information Technology
3693587337,ENG,Engineering
3693587337,IT,Information Technology
3693587339,MRKT,Marketing
3693587339,SALE,Sales
3693587340,MGMT,Management
3693587340,MNFC,Manufacturing
3693587342,ACCT,Accounting
3693587344,SALE,Sales
3693587344,BD,Business Development
3693587347,SALE,Sales
3693587347,BD,Business Development
3693587367,IT,Information Technology
3693587368,IT,Information Technology
3693587368,OTHR,Other
3693587368,BD,Business Development
3693587374,OTHR,Other
3693587377,MGMT,Management
3693587377,MNFC,Manufacturing
3693587381,OTHR,Other
3693587383,SALE,Sales
3693587383,BD,Business Development
3693587384,ACCT,Accounting
3693587384,FIN,Finance
3693587384,QA,Quality Assurance
3693587387,LGL,Legal
3693587388,GENB,General Business
3693587390,IT,Information Technology
3693587394,MGMT,Management
3693587394,MNFC,Manufacturing
3693587398,ENG,Engineering
3693587398,IT,Information Technology
3693587407,IT,Information Technology
3693587409,ACCT,Accounting
3693587409,FIN,Finance
3693587410,LGL,Legal
3693587413,ENG,Engineering
3693587413,IT,Information Technology
3693587414,ENG,Engineering
3693587414,IT,Information Technology
3693587417,OTHR,Other
3693587419,PRJM,Project Management
3693587419,DSGN,Design
3693587419,MGMT,Management
3693587423,ENG,Engineering
3693587423,DSGN,Design
3693587423,STRA,Strategy
3693587433,SALE,Sales
3693587434,IT,Information Technology
3693587434,OTHR,Other
3693587434,BD,Business Development
3693587440,ENG,Engineering
3693587440,IT,Information Technology
3693587464,HCPR,Healthcare
3693587475,HCPR,Healthcare
3693587478,FIN,Finance
3693587478,MGMT,Management
3693587478,BD,Business Development
3693587479,ACCT,Accounting
3693587479,FIN,Finance
3693587486,CNSL,Consulting
3693587486,IT,Information Technology
3693587486,SALE,Sales
3693587492,PROD,Product Management
3693587492,MGMT,Management
3693587492,MNFC,Manufacturing
3693587500,HCPR,Healthcare
3693587504,HCPR,Healthcare
3693587509,OTHR,Other
3693587510,QA,Quality Assurance
3693587512,IT,Information Technology
3693587518,ACCT,Accounting
3693587519,ENG,Engineering
3693587519,DSGN,Design
3693587519,PRJM,Project Management
3693587524,SALE,Sales
3693587524,BD,Business Development
3693587537,FIN,Finance
3693587537,ACCT,Accounting
3693587542,ACCT,Accounting
3693587542,FIN,Finance
3693587546,FIN,Finance
3693587546,SALE,Sales
3693587552,CUST,Customer Service
3693587552,ADM,Administration
3693587552,OTHR,Other
3693587555,FIN,Finance
3693587555,SALE,Sales
3693587556,SALE,Sales
3693587557,CUST,Customer Service
3693587565,MGMT,Management
3693587565,FIN,Finance
3693587566,EDU,Education
3693587566,ADM,Administration
3693587566,OTHR,Other
3693587567,BD,Business Development
3693587567,SALE,Sales
3693587570,PRJM,Project Management
3693587570,IT,Information Technology
3693587585,MRKT,Marketing
3693587585,SALE,Sales
3693587598,ENG,Engineering
3693587611,OTHR,Other
3693587614,OTHR,Other
3693587615,OTHR,Other
3693587616,OTHR,Other
3693587617,OTHR,Other
3693587618,OTHR,Other
3693587622,OTHR,Other
3693587623,OTHR,Other
3693587635,HCPR,Healthcare
3693587635,OTHR,Other
3693587650,FIN,Finance
3693587650,MGMT,Management
3693587650,BD,Business Development
3693587652,SALE,Sales
3693587653,ACCT,Accounting
3693587653,FIN,Finance
3693587657,MGMT,Management
3693587657,MNFC,Manufacturing
3693587670,OTHR,Other
3693587671,OTHR,Other
3693587676,LGL,Legal
3693587678,OTHR,Other
3693587679,OTHR,Other
3693587680,ENG,Engineering
3693587680,IT,Information Technology
3693587685,OTHR,Other
3693587687,OTHR,Other
3693587689,OTHR,Other
3693587690,OTHR,Other
3693587692,OTHR,Other
3693587693,OTHR,Other
3693587694,OTHR,Other
3693587695,OTHR,Other
3693587696,OTHR,Other
3693587698,OTHR,Other
3693587701,MNFC,Manufacturing
3693587701,PROD,Product Management
3693587701,PRDM,Product Management
3693587702,OTHR,Other
3693587703,FIN,Finance
3693587708,IT,Information Technology
3693587711,MRKT,Marketing
3693587711,PRDM,Product Management
3693587711,PROD,Product Management
3693587716,OTHR,Other
3693588005,IT,Information Technology
3693588006,HCPR,Healthcare
3693588008,HCPR,Healthcare
3693588010,ACCT,Accounting
3693588018,IT,Information Technology
3693588019,IT,Information Technology
3693588021,OTHR,Other
3693588023,MGMT,Management
3693588023,MNFC,Manufacturing
3693588024,IT,Information Technology
3693588026,OTHR,Other
3693588029,MRKT,Marketing
3693588029,PR,Public Relations
3693588029,WRT,Writing
3693588032,MNFC,Manufacturing
3693588032,CUST,Customer Service
3693588032,DIST,Distribution
3693588036,MGMT,Management
3693588036,MNFC,Manufacturing
3693588037,PRCH,Procurement
3693588037,SUPL,Supply Chain
3693588038,IT,Information Technology
3693588038,OTHR,Other
3693588038,BD,Business Development
3693588041,SALE,Sales
3693588041,BD,Business Development
3693588053,BD,Business Development
3693588053,SALE,Sales
3693588061,RSCH,Research
3693588061,ANLS,Analytics
3693588061,IT,Information Technology
3693588068,IT,Information Technology
3693588070,MRKT,Marketing
3693588071,ENG,Engineering
3693588071,IT,Information Technology
3693588075,PRCH,Procurement
3693588075,STRA,Strategy
3693588078,OTHR,Other
3693588079,FIN,Finance
3693588079,MGMT,Management
3693588079,BD,Business Development
3693588081,IT,Information Technology
3693588085,PRJM,Project Management
3693588085,IT,Information Technology
3693588086,IT,Information Technology
3693588086,OTHR,Other
3693588086,BD,Business Development
3693588087,STRA,Strategy
3693588087,BD,Business Development
3693588087,ANLS,Analytics
3693588088,ACCT,Accounting
3693588088,FIN,Finance
3693588091,EDU,Education
3693588097,HCPR,Healthcare
3693588101,CNSL,Consulting
3693588101,IT,Information Technology
3693588105,SALE,Sales
3693588107,LGL,Legal
3693588118,ACCT,Accounting
3693588118,FIN,Finance
3693588118,ANLS,Analytics
3693588122,IT,Information Technology
3693588122,OTHR,Other
3693588122,BD,Business Development
3693588125,SALE,Sales
3693588125,FIN,Finance
3693588125,MGMT,Management
3693588146,ENG,Engineering
3693588146,IT,Information Technology
3693588153,HCPR,Healthcare
3693588153,MGMT,Management
3693588153,ADM,Administration
3693588179,ENG,Engineering
3693588179,IT,Information Technology
3693588180,ENG,Engineering
3693588180,IT,Information Technology
3693588181,SALE,Sales
3693588181,CUST,Customer Service
3693588191,PRJM,Project Management
3693588191,IT,Information Technology
3693588194,ACCT,Accounting
3693588195,HCPR,Healthcare
3693588195,CNSL,Consulting
3693588197,ACCT,Accounting
3693588197,FIN,Finance
3693588199,CUST,Customer Service
3693588205,FIN,Finance
3693588205,MGMT,Management
3693588205,BD,Business Development
3693588213,MRKT,Marketing
3693588213,SALE,Sales
3693588214,OTHR,Other
3693588220,IT,Information Technology
3693588221,MGMT,Management
3693588221,MNFC,Manufacturing
3693588241,OTHR,Other
3693588243,ACCT,Accounting
3693588244,OTHR,Other
3693588249,LGL,Legal
3693588249,CNSL,Consulting
3693588258,OTHR,Other
3693588261,MGMT,Management
3693588261,ENG,Engineering
3693588262,ENG,Engineering
3693588265,CUST,Customer Service
3693588265,TRNG,Training
3693588265,MGMT,Management
3693588273,SALE,Sales
3693588273,BD,Business Development
3693588273,CNSL,Consulting
3693588291,HCPR,Healthcare
3693588306,MGMT,Management
3693588311,MGMT,Management
3693588311,PRDM,Product Management
3693588311,PRJM,Project Management
3693588316,OTHR,Other
3693588317,OTHR,Other
3693588318,OTHR,Other
3693588321,RSCH,Research
3693588321,ANLS,Analytics
3693588321,IT,Information Technology
3693588337,RSCH,Research
3693588337,ANLS,Analytics
3693588337,IT,Information Technology
3693588341,MGMT,Management
3693588341,OTHR,Other
3693588341,QA,Quality Assurance
3693588344,HR,Human Resources
3693588366,PRJM,Project Management
3693588366,IT,Information Technology
3693588366,MGMT,Management
3693588375,HCPR,Healthcare
3693588378,OTHR,Other
3693588382,OTHR,Other
3693588383,OTHR,Other
3693588388,OTHR,Other
3693588389,OTHR,Other
3693588392,SALE,Sales
3693588397,ENG,Engineering
3693588398,OTHR,Other
3693588403,OTHR,Other
3693588406,MGMT,Management
3693588407,ACCT,Accounting
3693588407,FIN,Finance
3693588409,OTHR,Other
3693588412,OTHR,Other
3693588413,MRKT,Marketing
3693588413,SALE,Sales
3693588416,OTHR,Other
3693588955,FIN,Finance
3693588955,SALE,Sales
3693589005,IT,Information Technology
3693589005,OTHR,Other
3693589005,BD,Business Development
3693589006,ACCT,Accounting
3693589006,FIN,Finance
3693589008,SALE,Sales
3693589009,HCPR,Healthcare
3693589013,OTHR,Other
3693589021,SALE,Sales
3693589038,IT,Information Technology
3693589047,HCPR,Healthcare
3693589051,SALE,Sales
3693589051,BD,Business Development
3693589051,CNSL,Consulting
3693589053,ENG,Engineering
3693589053,DSGN,Design
3693589053,MNFC,Manufacturing
3693589055,PRJM,Project Management
3693589056,ENG,Engineering
3693589056,IT,Information Technology
3693589067,OTHR,Other
3693589076,FIN,Finance
3693589076,MGMT,Management
3693589076,BD,Business Development
3693589079,SALE,Sales
3693589079,BD,Business Development
3693589083,HR,Human Resources
3693589098,MGMT,Management
3693589098,MNFC,Manufacturing
3693589109,BD,Business Development
3693589110,PRJM,Project Management
3693589110,IT,Information Technology
3693589111,HR,Human Resources
3693589113,ACCT,Accounting
3693589113,FIN,Finance
3693589118,HR,Human Resources
3693589122,IT,Information Technology
3693589123,OTHR,Other
3693589124,SALE,Sales
3693589124,BD,Business Development
3693589124,CNSL,Consulting
3693589125,ENG,Engineering
3693589126,OTHR,Other
3693589127,OTHR,Other
3693589128,OTHR,Other
3693589130,OTHR,Other
3693589131,LGL,Legal
3693589132,MGMT,Management
3693589132,HR,Human Resources
3693589133,MRKT,Marketing
3693589133,SALE,Sales
3693589141,OTHR,Other
3693589150,HCPR,Healthcare
3693589177,ACCT,Accounting
3693589187,MGMT,Management
3693589187,MNFC,Manufacturing
3693589201,OTHR,Other
3693589202,OTHR,Other
3693589212,SALE,Sales
3693589212,BD,Business Development
3693589212,CUST,Customer Service
3693589224,MRKT,Marketing
3693589226,IT,Information Technology
3693589233,SCI,Science
3693589233,HCPR,Healthcare
3693589268,OTHR,Other
3693589270,OTHR,Other
3693589271,OTHR,Other
3693589272,OTHR,Other
3693589273,OTHR,Other
3693589275,PRJM,Project Management
3693589275,IT,Information Technology
3693589276,SALE,Sales
3693589276,BD,Business Development
3693589280,OTHR,Other
3693589283,SALE,Sales
3693589283,BD,Business Development
3693589285,QA,Quality Assurance
3693589286,OTHR,Other
3693589289,OTHR,Other
3693589293,OTHR,Other
3693589294,OTHR,Other
3693589295,OTHR,Other
3693589296,OTHR,Other
3693589299,OTHR,Other
3693589301,OTHR,Other
3693589302,OTHR,Other
3693589303,OTHR,Other
3693589304,OTHR,Other
3693590022,IT,Information Technology
3693590022,ANLS,Analytics
3693590036,WRT,Writing
3693590036,STRA,Strategy
3693590036,RSCH,Research
3693590050,ENG,Engineering
3693590050,IT,Information Technology
3693590051,ENG,Engineering
3693590051,IT,Information Technology
3693590054,IT,Information Technology
3693590063,MGMT,Management
3693590063,OTHR,Other
3693590072,ENG,Engineering
3693590072,IT,Information Technology
3693590076,IT,Information Technology
3693590080,CUST,Customer Service
3693590087,MGMT,Management
3693590087,MNFC,Manufacturing
3693590091,DSGN,Design
3693590091,ART,Arts
3693590091,IT,Information Technology
3693590095,RSCH,Research
3693590095,ENG,Engineering
3693590095,PRJM,Project Management
3693590096,PRJM,Project Management
3693590096,IT,Information Technology
3693590101,FIN,Finance
3693590101,MGMT,Management
3693590101,BD,Business Development
3693590107,SALE,Sales
3693590107,BD,Business Development
3693590108,ADM,Administration
3693590112,CNSL,Consulting
3693590113,OTHR,Other
3693590117,LGL,Legal
3693590120,OTHR,Other
3693590122,OTHR,Other
3693590137,MGMT,Management
3693590137,MNFC,Manufacturing
3693590143,MGMT,Management
3693590143,FIN,Finance
3693590143,STRA,Strategy
3693590159,HCPR,Healthcare
3693590179,ACCT,Accounting
3693590181,OTHR,Other
3693590183,OTHR,Other
3693590184,OTHR,Other
3693590185,OTHR,Other
3693590186,OTHR,Other
3693590190,OTHR,Other
3693590191,OTHR,Other
3693590211,PRJM,Project Management
3693590211,MNFC,Manufacturing
3693590211,SUPL,Supply Chain
3693590216,HCPR,Healthcare
3693590216,OTHR,Other
3693590231,IT,Information Technology
3693590232,HCPR,Healthcare
3693590233,CUST,Customer Service
3693590246,OTHR,Other
3693590252,OTHR,Other
3693590254,OTHR,Other
3693590257,OTHR,Other
3693590258,OTHR,Other
3693590259,OTHR,Other
3693590260,OTHR,Other
3693590261,IT,Information Technology
3693590263,ADM,Administration
3693590267,DSGN,Design
3693590267,ART,Arts
3693590267,IT,Information Technology
3693590268,IT,Information Technology
3693590269,OTHR,Other
3693590270,OTHR,Other
3693590283,SALE,Sales
3693590283,BD,Business Development
3693590285,OTHR,Other
3693590286,OTHR,Other
3693590292,OTHR,Other
3693590798,SALE,Sales
3693590798,BD,Business Development
3693591001,IT,Information Technology
3693591006,MRKT,Marketing
3693591009,ACCT,Accounting
3693591030,HR,Human Resources
3693591030,MGMT,Management
3693591031,ANLS,Analytics
3693591031,PRJM,Project Management
3693591031,RSCH,Research
3693591052,ENG,Engineering
3693591052,IT,Information Technology
3693591054,FIN,Finance
3693591054,ACCT,Accounting
3693591056,OTHR,Other
3693591062,MRKT,Marketing
3693591066,ENG,Engineering
3693591066,IT,Information Technology
3693591069,FIN,Finance
3693591075,SALE,Sales
3693591075,MRKT,Marketing
3693591096,MNFC,Manufacturing
3693591101,ENG,Engineering
3693591101,IT,Information Technology
3693591101,FIN,Finance
3693591116,OTHR,Other
3693591125,SALE,Sales
3693591128,IT,Information Technology
3693591130,OTHR,Other
3693591133,OTHR,Other
3693591137,FIN,Finance
3693591138,OTHR,Other
3693591139,OTHR,Other
3693591146,SALE,Sales
3693591148,OTHR,Other
3693591149,OTHR,Other
3693591155,OTHR,Other
3693591156,OTHR,Other
3693591170,OTHR,Other
3693591177,OTHR,Other
3693591741,DSGN,Design
3693591741,ART,Arts
3693591741,IT,Information Technology
3693591814,EDU,Education
3693591814,TRNG,Training
3693591979,ADM,Administration
3693592002,CNSL,Consulting
3693592002,ENG,Engineering
3693592002,QA,Quality Assurance
3693592006,OTHR,Other
3693592007,OTHR,Other
3693592008,OTHR,Other
3693592009,OTHR,Other
3693592013,FIN,Finance
3693592013,ADM,Administration
3693592015,OTHR,Other
3693592016,OTHR,Other
3693592017,OTHR,Other
3693592018,OTHR,Other
3693592031,IT,Information Technology
3693592037,ACCT,Accounting
3693592037,FIN,Finance
3693592059,IT,Information Technology
3693592061,HCPR,Healthcare
3693592061,OTHR,Other
3693592074,MGMT,Management
3693592074,MNFC,Manufacturing
3693592078,OTHR,Other
3693592079,OTHR,Other
3693592080,OTHR,Other
3693592086,OTHR,Other
3693592087,OTHR,Other
3693592089,OTHR,Other
3693592090,OTHR,Other
3693592095,OTHR,Other
3693592096,OTHR,Other
3693592097,OTHR,Other
3693592098,OTHR,Other
3693592100,OTHR,Other
3693592103,BD,Business Development
3693592103,CNSL,Consulting
3693592103,SALE,Sales
3693592104,OTHR,Other
3693592108,HCPR,Healthcare
3693592112,OTHR,Other
3693592113,OTHR,Other
3693592118,OTHR,Other
3693592119,OTHR,Other
3693592120,SALE,Sales
3693592120,BD,Business Development
3693592126,OTHR,Other
3693592437,ADM,Administration
3693592657,MGMT,Management
3693592657,MNFC,Manufacturing
3693593002,OTHR,Other
3693593005,OTHR,Other
3693593006,OTHR,Other
3693593011,OTHR,Other
3693593015,OTHR,Other
3693593016,OTHR,Other
3693593017,OTHR,Other
3693593022,OTHR,Other
3693593024,OTHR,Other
3693593025,OTHR,Other
3693593027,ENG,Engineering
3693593027,IT,Information Technology
3693593028,OTHR,Other
3693593029,OTHR,Other
3693593033,OTHR,Other
3693593034,OTHR,Other
3693593042,OTHR,Other
3693594001,ANLS,Analytics
3693594001,FIN,Finance
3693594001,IT,Information Technology
3693594002,OTHR,Other
3693594003,HCPR,Healthcare
3693594003,OTHR,Other
3693594015,OTHR,Other
3693594018,OTHR,Other
3693594021,OTHR,Other
3693594529,ENG,Engineering
3693594529,DSGN,Design
3693594529,OTHR,Other
3693594908,HCPR,Healthcare
3693594915,DSGN,Design
3693594915,ART,Arts
3693594915,IT,Information Technology
3693595644,HCPR,Healthcare
3693595813,PRJM,Project Management
3693595813,MGMT,Management
3693595813,PRDM,Product Management
3693595817,STRA,Strategy
3693595817,ANLS,Analytics
3693595817,IT,Information Technology
3693595831,PRJM,Project Management
3693595831,MGMT,Management
3693595831,PRDM,Product Management
3693595845,IT,Information Technology
3693595845,CNSL,Consulting
3693595845,ENG,Engineering
3693595847,IT,Information Technology
3693595847,CNSL,Consulting
3693595847,ENG,Engineering
3693595852,BD,Business Development
3693595852,IT,Information Technology
3693595871,MGMT,Management
3693595871,MNFC,Manufacturing
3693595880,OTHR,Other
3693595882,ADM,Administration
3693595883,OTHR,Other
3693595911,FIN,Finance
3693595911,SALE,Sales
3693595915,HCPR,Healthcare
3693595918,EDU,Education
3693595918,TRNG,Training
3693595929,ENG,Engineering
3693595929,IT,Information Technology
3693595934,MGMT,Management
3693595934,OTHR,Other
3693595937,ACCT,Accounting
3693595937,FIN,Finance
3693595942,OTHR,Other
3693595946,ACCT,Accounting
3693595946,FIN,Finance
3693595948,ACCT,Accounting
3693595948,CNSL,Consulting
3693595948,FIN,Finance
3693595958,HCPR,Healthcare
3693595993,MGMT,Management
3693595993,MNFC,Manufacturing
3693595994,PRJM,Project Management
3693595994,IT,Information Technology
3693596228,IT,Information Technology
3693596487,IT,Information Technology
3693596487,CNSL,Consulting
3693596487,ENG,Engineering
3693596501,DSGN,Design
3693596501,ART,Arts
3693596501,IT,Information Technology
3693596505,SALE,Sales
3693596505,ADVR,Advertising
3693596505,BD,Business Development
3693596506,SALE,Sales
3693596506,ADVR,Advertising
3693596506,BD,Business Development
3693596514,MGMT,Management
3693596514,DIST,Distribution
3693596514,SUPL,Supply Chain
3693596522,SALE,Sales
3693596522,BD,Business Development
3693596534,MGMT,Management
3693596534,MNFC,Manufacturing
3693596548,BD,Business Development
3693596548,SALE,Sales
3693596564,SALE,Sales
3693596564,BD,Business Development
3693596585,RSCH,Research
3693596585,ANLS,Analytics
3693596585,IT,Information Technology
3693596592,ENG,Engineering
3693596597,ANLS,Analytics
3693596597,IT,Information Technology
3693596597,CUST,Customer Service
3693596598,ACCT,Accounting
3693596617,ACCT,Accounting
3693596617,FIN,Finance
3693596630,ENG,Engineering
3693596630,CNSL,Consulting
3693596630,PRJM,Project Management
3693596641,HR,Human Resources
3693596641,ADM,Administration
3693596641,MGMT,Management
3693596642,ADM,Administration
3693596642,ACCT,Accounting
3693596642,FIN,Finance
3693596652,MGMT,Management
3693596652,MNFC,Manufacturing
3693596666,FIN,Finance
3693596666,SALE,Sales
3693596668,OTHR,Other
3693596668,ENG,Engineering
3693596707,CUST,Customer Service
3693596707,SALE,Sales
3693596707,BD,Business Development
3693596710,QA,Quality Assurance
3693596717,OTHR,Other
3693596721,BD,Business Development
3693596721,ANLS,Analytics
3693596721,STRA,Strategy
3693596724,OTHR,Other
3693596735,ADM,Administration
3693596735,FIN,Finance
3693596736,MGMT,Management
3693596736,BD,Business Development
3693596736,STRA,Strategy
3693596739,HCPR,Healthcare
3693596741,ENG,Engineering
3693596741,IT,Information Technology
3693596749,ADM,Administration
3693596751,ENG,Engineering
3693596751,IT,Information Technology
3693596755,MGMT,Management
3693596758,MRKT,Marketing
3693596758,SALE,Sales
3693596788,PRJM,Project Management
3693596788,IT,Information Technology
3693596796,ADM,Administration
3693596796,OTHR,Other
3693596796,MGMT,Management
3693596797,HCPR,Healthcare
3693596815,OTHR,Other
3693596827,PRJM,Project Management
3693596828,ENG,Engineering
3693596828,IT,Information Technology
3693596831,ENG,Engineering
3693596831,MNFC,Manufacturing
3693596831,PRJM,Project Management
3693596832,LGL,Legal
3693596867,SALE,Sales
3693596867,BD,Business Development
3693596878,MGMT,Management
3693596878,MNFC,Manufacturing
3693596885,IT,Information Technology
3693596886,CNSL,Consulting
3693596886,IT,Information Technology
3693596886,SALE,Sales
3693596890,OTHR,Other
3693596904,ENG,Engineering
3693596906,RSCH,Research
3693596911,LGL,Legal
3693596913,SALE,Sales
3693596913,BD,Business Development
3693596927,PRJM,Project Management
3693596972,ACCT,Accounting
3693597195,IT,Information Technology
3693597209,ADM,Administration
3693597481,IT,Information Technology
3693597481,CNSL,Consulting
3693597481,ENG,Engineering
3693597482,PRJM,Project Management
3693597482,IT,Information Technology
3693597482,PRDM,Product Management
3693597493,MGMT,Management
3693597493,DIST,Distribution
3693597493,SUPL,Supply Chain
3693597495,STRA,Strategy
3693597495,ANLS,Analytics
3693597495,IT,Information Technology
3693597496,BD,Business Development
3693597496,IT,Information Technology
3693597505,PRJM,Project Management
3693597505,IT,Information Technology
3693597505,PRDM,Product Management
3693597509,QA,Quality Assurance
3693597509,IT,Information Technology
3693597509,ENG,Engineering
3693597538,HCPR,Healthcare
3693597541,MRKT,Marketing
3693597541,SALE,Sales
3693597586,MGMT,Management
3693597586,MNFC,Manufacturing
3693597590,IT,Information Technology
3693597590,PRJM,Project Management
3693597590,BD,Business Development
3693597593,MGMT,Management
3693597593,MNFC,Manufacturing
3693597599,LGL,Legal
3693597613,DSGN,Design
3693597613,ART,Arts
3693597613,IT,Information Technology
3693597647,QA,Quality Assurance
3693597660,EDU,Education
3693597660,TRNG,Training
3693597661,ENG,Engineering
3693597661,MNFC,Manufacturing
3693597661,PRJM,Project Management
3693597663,MGMT,Management
3693597663,MNFC,Manufacturing
3693597665,ACCT,Accounting
3693597665,CNSL,Consulting
3693597668,ACCT,Accounting
3693597668,FIN,Finance
3693597687,CUST,Customer Service
3693597687,HR,Human Resources
3693597687,MRKT,Marketing
3693597697,HR,Human Resources
3693597703,RSCH,Research
3693597703,PR,Public Relations
3693597703,ANLS,Analytics
3693597724,ANLS,Analytics
3693597724,IT,Information Technology
3693597725,SALE,Sales
3693597725,BD,Business Development
3693597730,OTHR,Other
3693597736,ACCT,Accounting
3693597736,FIN,Finance
3693597746,SALE,Sales
3693597746,BD,Business Development
3693597749,ACCT,Accounting
3693597749,FIN,Finance
3693597749,CNSL,Consulting
3693597760,ACCT,Accounting
3693597760,BD,Business Development
3693597760,FIN,Finance
3693597761,PRJM,Project Management
3693597761,IT,Information Technology
3693597763,IT,Information Technology
3693597769,HCPR,Healthcare
3693597797,PRJM,Project Management
3693597797,IT,Information Technology
3693597832,ENG,Engineering
3693597832,PRJM,Project Management
3693597854,ENG,Engineering
3693597854,PRJM,Project Management
3693597860,IT,Information Technology
3693597864,ACCT,Accounting
3693597864,FIN,Finance
3693597868,IT,Information Technology
3693597889,IT,Information Technology
3693597898,SALE,Sales
3693597898,BD,Business Development
3693597913,ENG,Engineering
3693597913,IT,Information Technology
3693597914,RSCH,Research
3693597914,ANLS,Analytics
3693597914,IT,Information Technology
3693597915,HR,Human Resources
3693597920,FIN,Finance
3693597920,SALE,Sales
3693597929,PRDM,Product Management
3693597929,DSGN,Design
3693597929,PROD,Product Management
3693597967,MGMT,Management
3693597967,MNFC,Manufacturing
3693598164,OTHR,Other
3693598293,MGMT,Management
3693598293,MNFC,Manufacturing
3693598314,SALE,Sales
3693598314,BD,Business Development
3693598377,MGMT,Management
3693598377,MNFC,Manufacturing
3693598412,MGMT,Management
3693598412,MNFC,Manufacturing
3693598439,QA,Quality Assurance
3693598439,IT,Information Technology
3693598439,ENG,Engineering
3693598442,HR,Human Resources
3693598442,IT,Information Technology
3693598456,MNFC,Manufacturing
3693598456,OTHR,Other
3693598457,HR,Human Resources
3693598457,IT,Information Technology
3693598458,OTHR,Other
3693598458,MNFC,Manufacturing
3693598459,PR,Public Relations
3693598459,MRKT,Marketing
3693598462,IT,Information Technology
3693598488,MGMT,Management
3693598488,MNFC,Manufacturing
3693598490,HCPR,Healthcare
3693598514,MGMT,Management
3693598514,MNFC,Manufacturing
3693598526,OTHR,Other
3693598550,EDU,Education
3693598550,TRNG,Training
3693598552,MGMT,Management
3693598552,MNFC,Manufacturing
3693598553,FIN,Finance
3693598553,ACCT,Accounting
3693598553,ANLS,Analytics
3693598557,MGMT,Management
3693598559,ENG,Engineering
3693598559,IT,Information Technology
3693598569,ACCT,Accounting
3693598569,FIN,Finance
3693598579,MGMT,Management
3693598587,FIN,Finance
3693598587,SALE,Sales
3693598597,IT,Information Technology
3693598613,SALE,Sales
3693598613,BD,Business Development
3693598634,MGMT,Management
3693598634,MNFC,Manufacturing
3693598666,CNSL,Consulting
3693598666,SCI,Science
3693598666,OTHR,Other
3693598670,SALE,Sales
3693598670,BD,Business Development
3693598675,LGL,Legal
3693598686,ADVR,Advertising
3693598686,PR,Public Relations
3693598686,MRKT,Marketing
3693598687,ADVR,Advertising
3693598687,PR,Public Relations
3693598687,MRKT,Marketing
3693598693,EDU,Education
3693598693,TRNG,Training
3693598697,DSGN,Design
3693598697,ART,Arts
3693598697,IT,Information Technology
3693598699,ENG,Engineering
3693598699,IT,Information Technology
3693598706,MGMT,Management
3693598706,MNFC,Manufacturing
3693598707,MNFC,Manufacturing
3693598716,MGMT,Management
3693598716,MNFC,Manufacturing
3693598717,ACCT,Accounting
3693598717,FIN,Finance
3693598740,IT,Information Technology
3693598749,HCPR,Healthcare
3693598753,FIN,Finance
3693598753,ANLS,Analytics
3693598753,RSCH,Research
3693598760,IT,Information Technology
3693598767,ADM,Administration
3693598787,ENG,Engineering
3693598787,IT,Information Technology
3693598787,PRJM,Project Management
3693598799,HCPR,Healthcare
3693598802,MGMT,Management
3693598802,SUPL,Supply Chain
3693598802,ADM,Administration
3693598839,ENG,Engineering
3693598839,IT,Information Technology
3693598840,OTHR,Other
3693598847,MGMT,Management
3693598847,MNFC,Manufacturing
3693598848,DSGN,Design
3693598848,ART,Arts
3693598848,IT,Information Technology
3693598861,LGL,Legal
3693598866,LGL,Legal
3693598875,SALE,Sales
3693598875,MGMT,Management
3693598880,ANLS,Analytics
3693598880,SUPL,Supply Chain
3693598886,IT,Information Technology
3693598905,IT,Information Technology
3693598982,IT,Information Technology
3693598982,MGMT,Management
3693599172,BD,Business Development
3693599172,SALE,Sales
3693599239,RSCH,Research
3693599239,ANLS,Analytics
3693599239,IT,Information Technology
3693599255,PRCH,Procurement
3693599255,SUPL,Supply Chain
3693599255,IT,Information Technology
3693599256,MGMT,Management
3693599256,DIST,Distribution
3693599256,SUPL,Supply Chain
3693599266,HCPR,Healthcare
3693599268,CNSL,Consulting
3693599268,IT,Information Technology
3693599268,ENG,Engineering
3693599271,PRJM,Project Management
3693599271,MGMT,Management
3693599271,PRDM,Product Management
3693599275,MGMT,Management
3693599275,DIST,Distribution
3693599275,SUPL,Supply Chain
3693599278,IT,Information Technology
3693599278,CNSL,Consulting
3693599278,ENG,Engineering
3693599282,IT,Information Technology
3693599282,CNSL,Consulting
3693599282,ENG,Engineering
3693599283,FIN,Finance
3693599283,IT,Information Technology
3693599283,ACCT,Accounting
3693599285,MGMT,Management
3693599285,DIST,Distribution
3693599285,SUPL,Supply Chain
3693599304,QA,Quality Assurance
3693599369,MGMT,Management
3693599369,MNFC,Manufacturing
3693599379,PRJM,Project Management
3693599379,IT,Information Technology
3693599392,ADM,Administration
3693599392,CUST,Customer Service
3693599396,DSGN,Design
3693599396,ART,Arts
3693599396,IT,Information Technology
3693599415,ACCT,Accounting
3693599415,FIN,Finance
3693599417,ACCT,Accounting
3693599457,IT,Information Technology
3693599464,ACCT,Accounting
3693599464,FIN,Finance
3693599464,LGL,Legal
3693599469,IT,Information Technology
3693599499,MGMT,Management
3693599504,LGL,Legal
3693599512,ENG,Engineering
3693599512,IT,Information Technology
3693599514,OTHR,Other
3693599516,IT,Information Technology
3693599520,RSCH,Research
3693599523,SALE,Sales
3693599523,BD,Business Development
3693599526,IT,Information Technology
3693599539,ACCT,Accounting
3693599539,FIN,Finance
3693599542,DSGN,Design
3693599542,ART,Arts
3693599542,IT,Information Technology
3693599553,MGMT,Management
3693599553,MNFC,Manufacturing
3693599557,MRKT,Marketing
3693599557,SALE,Sales
3693599560,ENG,Engineering
3693599560,IT,Information Technology
3693599565,ACCT,Accounting
3693599565,FIN,Finance
3693598798,SALE,Sales
3693598798,MGMT,Management
3693599589,MRKT,Marketing
3693599589,SALE,Sales
3693599594,HCPR,Healthcare
3693599604,MGMT,Management
3693599604,MNFC,Manufacturing
3693599609,ACCT,Accounting
3693599611,ACCT,Accounting
3693599611,FIN,Finance
3693599621,MGMT,Management
3693599621,MNFC,Manufacturing
3693599669,ADM,Administration
3693599674,ACCT,Accounting
3693599674,ANLS,Analytics
3693599674,FIN,Finance
3693599681,CUST,Customer Service
3693599683,BD,Business Development
3693599683,SALE,Sales
3693599684,IT,Information Technology
3693599684,MRKT,Marketing
3693599684,MGMT,Management
3693599705,HCPR,Healthcare
3693599803,HR,Human Resources
3693599819,HR,Human Resources
3693599826,ACCT,Accounting
3693599836,SALE,Sales
3693599836,BD,Business Development
3693599897,LGL,Legal
3693599910,MRKT,Marketing
3693599910,SALE,Sales
3693599929,ENG,Engineering
3693599929,FIN,Finance
3693599929,IT,Information Technology
3693599933,ENG,Engineering
3693599933,IT,Information Technology
3693599936,ENG,Engineering
3693599936,IT,Information Technology
3693599939,SALE,Sales
3693599939,MGMT,Management
3693599959,MGMT,Management
3693599959,MNFC,Manufacturing
3693599967,RSCH,Research
3693599967,ANLS,Analytics
3693599967,IT,Information Technology
3693599968,SALE,Sales
3693599968,MGMT,Management
3693599980,ENG,Engineering
3693599980,IT,Information Technology
3693599984,SALE,Sales
3693599984,BD,Business Development
3693599984,GENB,General Business
3693599989,EDU,Education
3693599989,TRNG,Training
3693599995,LGL,Legal
3694100111,ADM,Administration
3694100227,HR,Human Resources
3694100227,IT,Information Technology
3694100229,QA,Quality Assurance
3694100229,IT,Information Technology
3694100229,ENG,Engineering
3694100231,PRJM,Project Management
3694100231,MGMT,Management
3694100231,PRDM,Product Management
3694100233,SALE,Sales
3694100233,ADVR,Advertising
3694100233,BD,Business Development
3694100244,SALE,Sales
3694100244,BD,Business Development
3694100264,IT,Information Technology
3694100264,CUST,Customer Service
3694100301,BD,Business Development
3694100301,SALE,Sales
3694100317,HCPR,Healthcare
3694100333,CUST,Customer Service
3694100335,ENG,Engineering
3694100335,IT,Information Technology
3694100340,DSGN,Design
3694100340,ART,Arts
3694100340,IT,Information Technology
3694100341,MGMT,Management
3694100341,MNFC,Manufacturing
3694100349,ENG,Engineering
3694100349,IT,Information Technology
3694100350,MGMT,Management
3694100350,MNFC,Manufacturing
3694100354,ENG,Engineering
3694100354,CNSL,Consulting
3694100354,PRJM,Project Management
3694100372,IT,Information Technology
3694100381,OTHR,Other
3694100383,HCPR,Healthcare
3694100383,ADM,Administration
3694100383,MGMT,Management
3694100397,LGL,Legal
3694100398,SALE,Sales
3694100398,BD,Business Development
3694100408,IT,Information Technology
3694100409,OTHR,Other
3694100409,ADM,Administration
3694100413,IT,Information Technology
3694100414,BD,Business Development
3694100414,SALE,Sales
3694100447,LGL,Legal
3694100448,HCPR,Healthcare
3694100449,SUPL,Supply Chain
3694100449,OTHR,Other
3694100449,MNFC,Manufacturing
3694100468,MGMT,Management
3694100468,MNFC,Manufacturing
3694100476,ADVR,Advertising
3694100476,PR,Public Relations
3694100476,MRKT,Marketing
3694100477,IT,Information Technology
3694100478,HCPR,Healthcare
3694100489,ANLS,Analytics
3694100489,OTHR,Other
3694100490,ENG,Engineering
3694100490,IT,Information Technology
3694100498,CUST,Customer Service
3694100498,HCPR,Healthcare
3694100499,ADM,Administration
3694100499,OTHR,Other
3694100503,MGMT,Management
3694100503,MNFC,Manufacturing
3694100515,ENG,Engineering
3694100515,IT,Information Technology
3694100515,OTHR,Other
3694100517,PROD,Product Management
3694100517,MRKT,Marketing
3694100517,PR,Public Relations
3694100541,HCPR,Healthcare
3694100548,IT,Information Technology
3694100551,ENG,Engineering
3694100551,IT,Information Technology
3694100553,HR,Human Resources
3694100555,MRKT,Marketing
3694100555,PR,Public Relations
3694100555,WRT,Writing
3694100565,ENG,Engineering
3694100565,IT,Information Technology
3694100573,ACCT,Accounting
3694100573,CUST,Customer Service
3694100584,FIN,Finance
3694100584,SALE,Sales
3694100598,IT,Information Technology
3694100609,IT,Information Technology
3694100610,HCPR,Healthcare
3694100626,ADM,Administration
3694100630,ENG,Engineering
3694100630,IT,Information Technology
3694100641,MRKT,Marketing
3694100641,SALE,Sales
3694100677,HCPR,Healthcare
3694100683,DSGN,Design
3694100758,ADM,Administration
3694100785,IT,Information Technology
3694100786,HR,Human Resources
3694100841,LGL,Legal
3694100872,ADM,Administration
3694100875,IT,Information Technology
3694100876,SALE,Sales
3694100876,ADM,Administration
3694100876,IT,Information Technology
3694100884,ENG,Engineering
3694100884,IT,Information Technology
3694100889,IT,Information Technology
3694100889,ENG,Engineering
3694100889,HR,Human Resources
3694100895,MGMT,Management
3694100895,MNFC,Manufacturing
3694100898,PRJM,Project Management
3694100898,WRT,Writing
3694100898,IT,Information Technology
3694100901,IT,Information Technology
3694100901,CUST,Customer Service
3694100907,ENG,Engineering
3694100907,IT,Information Technology
3694100908,ENG,Engineering
3694100921,ENG,Engineering
3694100921,IT,Information Technology
3694100928,LGL,Legal
3694100937,BD,Business Development
3694100937,SALE,Sales
3694100943,RSCH,Research
3694100943,ANLS,Analytics
3694100943,WRT,Writing
3694100946,CUST,Customer Service
3694100946,ADM,Administration
3694100946,BD,Business Development
3694100952,OTHR,Other
3694100958,OTHR,Other
3694100971,SALE,Sales
3694100971,BD,Business Development
3694100972,MRKT,Marketing
3694100972,PR,Public Relations
3694100972,PRJM,Project Management
3694100975,EDU,Education
3694100975,TRNG,Training
3694100980,IT,Information Technology
3694100980,RSCH,Research
3694100989,ENG,Engineering
3694100989,IT,Information Technology
3694100991,PRJM,Project Management
3694100991,IT,Information Technology
3694100999,DSGN,Design
3694100999,ART,Arts
3694100999,IT,Information Technology
3694101039,PRJM,Project Management
3694101039,SUPL,Supply Chain
3694101184,PRJM,Project Management
3694101184,IT,Information Technology
3694101184,PRDM,Product Management
3694101194,QA,Quality Assurance
3694101194,IT,Information Technology
3694101194,ENG,Engineering
3694101195,PRJM,Project Management
3694101195,IT,Information Technology
3694101195,PRDM,Product Management
3694101197,ART,Arts
3694101197,DSGN,Design
3694101238,OTHR,Other
3694101261,BD,Business Development
3694101261,SALE,Sales
3694101263,MGMT,Management
3694101263,MNFC,Manufacturing
3694101274,ENG,Engineering
3694101274,IT,Information Technology
3694101274,PRJM,Project Management
3694101275,CNSL,Consulting
3694101275,IT,Information Technology
3694101275,SALE,Sales
3694101278,SALE,Sales
3694101278,BD,Business Development
3694101284,ENG,Engineering
3694101284,CNSL,Consulting
3694101284,PRJM,Project Management
3694101291,MGMT,Management
3694101291,CUST,Customer Service
3694101291,ADM,Administration
3694101293,MRKT,Marketing
3694101293,ADVR,Advertising
3694101293,PR,Public Relations
3694101295,ADM,Administration
3694101312,DSGN,Design
3694101312,ART,Arts
3694101312,IT,Information Technology
3694101322,HCPR,Healthcare
3694101327,LGL,Legal
3694101347,IT,Information Technology
3694101357,IT,Information Technology
3694101393,DSGN,Design
3694101393,ART,Arts
3694101393,IT,Information Technology
3694101404,CUST,Customer Service
3694101404,PR,Public Relations
3694101404,OTHR,Other
3694101411,HCPR,Healthcare
3694101413,HR,Human Resources
3694101413,ACCT,Accounting
3694101413,FIN,Finance
3694101415,OTHR,Other
3694101420,ADVR,Advertising
3694101420,PR,Public Relations
3694101420,MRKT,Marketing
3694101428,EDU,Education
3694101432,LGL,Legal
3694101432,PR,Public Relations
3694101435,IT,Information Technology
3694101440,CUST,Customer Service
3694101440,GENB,General Business
3694101441,CUST,Customer Service
3694101441,HCPR,Healthcare
3694101447,IT,Information Technology
3694101479,IT,Information Technology
3694101480,ADM,Administration
3694101480,GENB,General Business
3694101480,OTHR,Other
3694101491,FIN,Finance
3694101491,SALE,Sales
3694101496,LGL,Legal
3694101501,MRKT,Marketing
3694101502,HR,Human Resources
3694101506,SALE,Sales
3694101506,BD,Business Development
3694101510,MRKT,Marketing
3694101510,PR,Public Relations
3694101510,WRT,Writing
3694101511,HCPR,Healthcare
3694101515,IT,Information Technology
3694101515,PRDM,Product Management
3694101515,STRA,Strategy
3694101517,ACCT,Accounting
3694101517,CUST,Customer Service
3694101517,IT,Information Technology
3694101541,IT,Information Technology
3694101551,IT,Information Technology
3694101552,DSGN,Design
3694101552,ART,Arts
3694101552,IT,Information Technology
3694101562,CUST,Customer Service
3694101566,IT,Information Technology
3694101566,ENG,Engineering
3694101570,MGMT,Management
3694101570,MNFC,Manufacturing
3694101574,IT,Information Technology
3694101577,OTHR,Other
3694101577,ACCT,Accounting
3694101577,FIN,Finance
3694101580,OTHR,Other
3694101581,OTHR,Other
3694101585,OTHR,Other
3694101587,EDU,Education
3694101587,TRNG,Training
3694101588,EDU,Education
3694101588,TRNG,Training
3694101590,ADVR,Advertising
3694101597,FIN,Finance
3694101597,ACCT,Accounting
3694101597,BD,Business Development
3694101599,ANLS,Analytics
3694101599,IT,Information Technology
3694101599,CUST,Customer Service
3694101605,ACCT,Accounting
3694101605,ADM,Administration
3694101605,FIN,Finance
3694101614,ACCT,Accounting
3694101619,RSCH,Research
3694101619,ANLS,Analytics
3694101619,IT,Information Technology
3694101626,LGL,Legal
3694101626,GENB,General Business
3694101626,STRA,Strategy
3694101689,HR,Human Resources
3694101692,ACCT,Accounting
3694101692,FIN,Finance
3694101752,HCPR,Healthcare
3694101782,HCPR,Healthcare
3694101782,OTHR,Other
3694101796,MNFC,Manufacturing
3694101796,SCI,Science
3694101798,ENG,Engineering
3694101798,RSCH,Research
3694101802,MGMT,Management
3694101802,MNFC,Manufacturing
3694101805,PRCH,Procurement
3694101805,SUPL,Supply Chain
3694101816,PRJM,Project Management
3694101816,IT,Information Technology
3694101824,SALE,Sales
3694101824,BD,Business Development
3694101826,ADM,Administration
3694101830,PRJM,Project Management
3694101855,HCPR,Healthcare
3694101857,MRKT,Marketing
3694101857,PR,Public Relations
3694101857,WRT,Writing
3694101865,ADM,Administration
3694101867,PRCH,Procurement
3694101867,SUPL,Supply Chain
3694101867,DIST,Distribution
3694101871,PR,Public Relations
3694101871,ACCT,Accounting
3694101871,ANLS,Analytics
3694101879,RSCH,Research
3694101879,ANLS,Analytics
3694101879,WRT,Writing
3694101880,IT,Information Technology
3694101883,FIN,Finance
3694101883,ACCT,Accounting
3694101890,MGMT,Management
3694101890,MNFC,Manufacturing
3694101891,ANLS,Analytics
3694101891,CNSL,Consulting
3694101891,GENB,General Business
3694101899,IT,Information Technology
3694101906,SALE,Sales
3694101906,BD,Business Development
3694101906,IT,Information Technology
3694101925,HCPR,Healthcare
3694101953,BD,Business Development
3694101953,SALE,Sales
3694101958,ADM,Administration
3694101960,MGMT,Management
3694101960,MNFC,Manufacturing
3694101964,MGMT,Management
3694101964,BD,Business Development
3694101964,CUST,Customer Service
3694101977,ACCT,Accounting
3694101977,FIN,Finance
3694102165,HR,Human Resources
3694102165,IT,Information Technology
3694102172,IT,Information Technology
3694102172,CNSL,Consulting
3694102172,ENG,Engineering
3694102183,PRJM,Project Management
3694102183,IT,Information Technology
3694102183,PRDM,Product Management
3694102186,PR,Public Relations
3694102186,MRKT,Marketing
3694102194,STRA,Strategy
3694102194,ANLS,Analytics
3694102194,IT,Information Technology
3694102195,CNSL,Consulting
3694102195,IT,Information Technology
3694102195,ENG,Engineering
3694102197,SALE,Sales
3694102197,ADVR,Advertising
3694102197,BD,Business Development
3694102198,IT,Information Technology
3694102198,CNSL,Consulting
3694102198,ENG,Engineering
3694102200,SALE,Sales
3694102200,ADVR,Advertising
3694102200,BD,Business Development
3694102221,OTHR,Other
3694102229,MGMT,Management
3694102229,MNFC,Manufacturing
3694102256,LGL,Legal
3694102273,OTHR,Other
3694102276,MGMT,Management
3694102276,MNFC,Manufacturing
3694102286,ENG,Engineering
3694102286,IT,Information Technology
3694102288,PRCH,Procurement
3694102288,SUPL,Supply Chain
3694102292,SALE,Sales
3694102292,BD,Business Development
3694102293,DSGN,Design
3694102293,ART,Arts
3694102293,IT,Information Technology
3694102296,FIN,Finance
3694102296,ADM,Administration
3694102296,MGMT,Management
3694102301,IT,Information Technology
3694102314,ENG,Engineering
3694102314,IT,Information Technology
3694102316,ACCT,Accounting
3694102323,ENG,Engineering
3694102323,CNSL,Consulting
3694102323,PRJM,Project Management
3694102325,MGMT,Management
3694102325,MNFC,Manufacturing
3694102333,IT,Information Technology
3694102348,ADM,Administration
3694102349,ENG,Engineering
3694102349,ANLS,Analytics
3694102349,MNFC,Manufacturing
3694102354,PRJM,Project Management
3694102354,IT,Information Technology
3694102363,IT,Information Technology
3694102363,STRA,Strategy
3694102363,ENG,Engineering
3694102364,ENG,Engineering
3694102364,MGMT,Management
3694102365,IT,Information Technology
3694102392,SALE,Sales
3694102392,BD,Business Development
3694102394,EDU,Education
3694102394,TRNG,Training
3694102398,LGL,Legal
3694102400,RSCH,Research
3694102400,ANLS,Analytics
3694102400,IT,Information Technology
3694102404,SALE,Sales
3694102404,BD,Business Development
3694102410,ENG,Engineering
3694102410,IT,Information Technology
3694102415,OTHR,Other
3694102421,ADVR,Advertising
3694102421,PR,Public Relations
3694102421,MRKT,Marketing
3694102422,ADVR,Advertising
3694102422,PR,Public Relations
3694102422,MRKT,Marketing
3694102432,MGMT,Management
3694102432,MNFC,Manufacturing
3694102447,MGMT,Management
3694102447,MNFC,Manufacturing
3694102456,ACCT,Accounting
3694102456,FIN,Finance
3694102460,MGMT,Management
3694102460,SALE,Sales
3694102462,ENG,Engineering
3694102462,IT,Information Technology
3694102465,MRKT,Marketing
3694102465,SALE,Sales
3694102470,HCPR,Healthcare
3694102488,SALE,Sales
3694102488,BD,Business Development
3694102490,PRJM,Project Management
3694102490,IT,Information Technology
3694102491,SALE,Sales
3694102491,MGMT,Management
3694102493,SALE,Sales
3694102493,BD,Business Development
3694102503,ADM,Administration
3694102503,PRJM,Project Management
3694102503,WRT,Writing
3694102513,HR,Human Resources
3694102524,MGMT,Management
3694102524,MNFC,Manufacturing
3694102527,HCPR,Healthcare
3694102543,MRKT,Marketing
3694102543,SALE,Sales
3694102569,SALE,Sales
3694102569,PRJM,Project Management
3694102569,BD,Business Development
3694102570,FIN,Finance
3694102570,SALE,Sales
3694102577,MGMT,Management
3694102577,MNFC,Manufacturing
3694102578,MRKT,Marketing
3694102578,SALE,Sales
3694102580,SALE,Sales
3694102580,BD,Business Development
3694102582,FIN,Finance
3694102582,SALE,Sales
3694102588,MGMT,Management
3694102588,MNFC,Manufacturing
3694102594,MRKT,Marketing
3694102594,ADVR,Advertising
3694102599,PRCH,Procurement
3694102599,SUPL,Supply Chain
3694102600,IT,Information Technology
3694102600,CNSL,Consulting
3694102600,ENG,Engineering
3694102607,MGMT,Management
3694102607,MNFC,Manufacturing
3694102611,SALE,Sales
3694102611,BD,Business Development
3694102611,CUST,Customer Service
3694102613,ADM,Administration
3694102615,HCPR,Healthcare
3694102617,EDU,Education
3694102617,TRNG,Training
3694102621,OTHR,Other
3694102626,RSCH,Research
3694102626,ANLS,Analytics
3694102626,IT,Information Technology
3694102637,ACCT,Accounting
3694102637,FIN,Finance
3694102651,ACCT,Accounting
3694102745,ENG,Engineering
3694102745,IT,Information Technology
3694102746,MGMT,Management
3694102746,MNFC,Manufacturing
3694102785,MGMT,Management
3694102785,MNFC,Manufacturing
3694102787,SALE,Sales
3694102787,MRKT,Marketing
3694102787,BD,Business Development
3694102792,ACCT,Accounting
3694102792,FIN,Finance
3694102800,SALE,Sales
3694102800,MGMT,Management
3694102814,ADM,Administration
3694102818,PRJM,Project Management
3694102818,IT,Information Technology
3694102822,MRKT,Marketing
3694102822,SALE,Sales
3694102826,EDU,Education
3694102826,TRNG,Training
3694102843,FIN,Finance
3694102843,ACCT,Accounting
3694102854,ACCT,Accounting
3694102876,IT,Information Technology
3694102880,RSCH,Research
3694102880,ANLS,Analytics
3694102880,WRT,Writing
3694102883,ADM,Administration
3694102888,HCPR,Healthcare
3694102891,IT,Information Technology
3694102902,ADM,Administration
3694102908,FIN,Finance
3694102908,ACCT,Accounting
3694102908,ENG,Engineering
3694102910,SALE,Sales
3694102910,BD,Business Development
3694102910,GENB,General Business
3694102911,SALE,Sales
3694102911,BD,Business Development
3694102918,ADM,Administration
3694102926,ENG,Engineering
3694102926,IT,Information Technology
3694102932,IT,Information Technology
3694102947,PRJM,Project Management
3694102947,IT,Information Technology
3694102954,MRKT,Marketing
3694102954,PR,Public Relations
3694102954,WRT,Writing
3694102966,MGMT,Management
3694102966,BD,Business Development
3694102966,CUST,Customer Service
3694102982,MGMT,Management
3694102982,MNFC,Manufacturing
3694102983,ACCT,Accounting
3694102983,FIN,Finance
3694102993,ACCT,Accounting
3694102993,FIN,Finance
3694103003,MGMT,Management
3694103003,MNFC,Manufacturing
3694103018,HCPR,Healthcare
3694103019,MGMT,Management
3694103019,MNFC,Manufacturing
3694103020,MGMT,Management
3694103020,MNFC,Manufacturing
3694103021,PRJM,Project Management
3694103021,IT,Information Technology
3694103025,HR,Human Resources
3694103028,IT,Information Technology
3694103033,ENG,Engineering
3694103033,IT,Information Technology
3694103038,ADVR,Advertising
3694103038,PR,Public Relations
3694103038,MRKT,Marketing
3694103047,MGMT,Management
3694103047,MNFC,Manufacturing
3694103049,MGMT,Management
3694103049,MNFC,Manufacturing
3694103050,MGMT,Management
3694103050,MNFC,Manufacturing
3694103054,IT,Information Technology
3694103058,MNFC,Manufacturing
3694103061,IT,Information Technology
3694103087,HR,Human Resources
3694103098,IT,Information Technology
3694103116,HCPR,Healthcare
3694103127,ACCT,Accounting
3694100639,ACCT,Accounting
3694100639,FIN,Finance
3694103131,HCPR,Healthcare
3694103132,FIN,Finance
3694103132,SALE,Sales
3694103135,MGMT,Management
3694103135,MNFC,Manufacturing
3694103149,MGMT,Management
3694103158,ACCT,Accounting
3694103158,FIN,Finance
3694103169,HR,Human Resources
3694103172,ENG,Engineering
3694103210,MRKT,Marketing
3694103219,SALE,Sales
3694103219,BD,Business Development
3694103237,IT,Information Technology
3694103240,MNFC,Manufacturing
3694103240,HR,Human Resources
3694103246,SALE,Sales
3694103246,BD,Business Development
3694103293,ENG,Engineering
3694103320,FIN,Finance
3694103324,ACCT,Accounting
3694103327,ACCT,Accounting
3694103327,FIN,Finance
3694103330,HCPR,Healthcare
3694103379,FIN,Finance
3694103379,ACCT,Accounting
3694103379,MGMT,Management
3694103409,DSGN,Design
3694103411,BD,Business Development
3694103411,SALE,Sales
3694103413,SUPL,Supply Chain
3694103413,MNFC,Manufacturing
3694103420,BD,Business Development
3694103420,MRKT,Marketing
3694103423,IT,Information Technology
3694103424,FIN,Finance
3694103424,ENG,Engineering
3694103424,IT,Information Technology
3694103432,ADM,Administration
3694103452,SALE,Sales
3694103452,BD,Business Development
3694103473,IT,Information Technology
3694103482,ADM,Administration
3694103482,CUST,Customer Service
3694103490,ENG,Engineering
3694103490,IT,Information Technology
3694103498,SCI,Science
3694103498,EDU,Education
3694103512,ADM,Administration
3694103513,ADM,Administration
3694103514,PR,Public Relations
3694103514,CUST,Customer Service
3694103514,ADM,Administration
3694103520,ENG,Engineering
3694103520,IT,Information Technology
3694103522,SALE,Sales
3694103522,BD,Business Development
3694103525,SALE,Sales
3694103525,BD,Business Development
3694103551,SALE,Sales
3694103551,BD,Business Development
3694103616,MRKT,Marketing
3694103616,SALE,Sales
3694103698,IT,Information Technology
3694103698,PRJM,Project Management
3694103706,HR,Human Resources
3694103736,CUST,Customer Service
3694103736,ENG,Engineering
3694103736,IT,Information Technology
3694103741,PRJM,Project Management
3694103741,ACCT,Accounting
3694103741,ADM,Administration
3694103754,SALE,Sales
3694103754,BD,Business Development
3694103767,MGMT,Management
3694103767,MNFC,Manufacturing
3694103780,PRDM,Product Management
3694103780,MRKT,Marketing
3694103812,ENG,Engineering
3694103821,PRDM,Product Management
3694103821,MRKT,Marketing
3694103821,SALE,Sales
3694104002,ENG,Engineering
3694104002,IT,Information Technology
3694103740,EDU,Education
3694103740,TRNG,Training
3694104012,MGMT,Management
3694104012,MNFC,Manufacturing
3694104017,ENG,Engineering
3694104017,RSCH,Research
3694104018,DSGN,Design
3694104018,ART,Arts
3694104023,MGMT,Management
3694104023,MNFC,Manufacturing
3694104087,ACCT,Accounting
3694104087,FIN,Finance
3694104103,ENG,Engineering
3694104103,OTHR,Other
3694104106,ENG,Engineering
3694104106,IT,Information Technology
3694104115,ENG,Engineering
3694104115,IT,Information Technology
3694104119,MRKT,Marketing
3694104119,SALE,Sales
3694104128,IT,Information Technology
3694104128,CUST,Customer Service
3694104128,ADM,Administration
3694104133,HCPR,Healthcare
3694104138,MRKT,Marketing
3694104138,SALE,Sales
3694104140,FIN,Finance
3694104140,ACCT,Accounting
3694104140,ENG,Engineering
3694104155,PRJM,Project Management
3694104155,IT,Information Technology
3694104155,MGMT,Management
3694104168,EDU,Education
3694104168,HCPR,Healthcare
3694104168,RSCH,Research
3694104171,ENG,Engineering
3694104176,CUST,Customer Service
3694104176,ADM,Administration
3694104176,PR,Public Relations
3694104178,ENG,Engineering
3694104178,FIN,Finance
3694104178,SCI,Science
3694104195,ENG,Engineering
3694104197,SALE,Sales
3694104197,BD,Business Development
3694104202,IT,Information Technology
3694104202,ADM,Administration
3694104202,BD,Business Development
3694104210,PRJM,Project Management
3694104210,IT,Information Technology
3694104211,IT,Information Technology
3694104211,CNSL,Consulting
3694104211,GENB,General Business
3694104212,FIN,Finance
3694104212,SALE,Sales
3694104220,IT,Information Technology
3694104222,SALE,Sales
3694104222,MGMT,Management
3694104224,PRJM,Project Management
3694104227,DSGN,Design
3694104227,ART,Arts
3694104227,IT,Information Technology
3694104232,ADM,Administration
3694104235,MGMT,Management
3694104235,MNFC,Manufacturing
3694104249,SALE,Sales
3694104290,SALE,Sales
3694104290,BD,Business Development
3694104336,PRJM,Project Management
3694104336,STRA,Strategy
3694104395,IT,Information Technology
3694104494,ENG,Engineering
3694104494,IT,Information Technology
3694104500,LGL,Legal
3694104500,ADM,Administration
3694104501,FIN,Finance
3694104501,SALE,Sales
3694104508,SALE,Sales
3694104508,BD,Business Development
3694104513,SALE,Sales
3694104516,HR,Human Resources
3694104592,SALE,Sales
3694104592,BD,Business Development
3694104637,SALE,Sales
3694104637,BD,Business Development
3694104718,HCPR,Healthcare
3694103989,MRKT,Marketing
3694104459,MRKT,Marketing
3694104459,SALE,Sales
3694104601,ENG,Engineering
3694104601,IT,Information Technology
3694105003,ACCT,Accounting
3694105003,FIN,Finance
3694105099,ENG,Engineering
3694105099,IT,Information Technology
3694105107,LGL,Legal
3694105108,ENG,Engineering
3694105108,IT,Information Technology
3694105116,ENG,Engineering
3694105116,IT,Information Technology
3694105118,IT,Information Technology
3694105119,MGMT,Management
3694105119,MNFC,Manufacturing
3694105120,IT,Information Technology
3694105127,MGMT,Management
3694105127,MNFC,Manufacturing
3694105132,ACCT,Accounting
3694105132,FIN,Finance
3694105133,SALE,Sales
3694105133,BD,Business Development
3694105160,ENG,Engineering
3694105160,DIST,Distribution
3694105160,MNFC,Manufacturing
3694105162,SALE,Sales
3694105162,BD,Business Development
3694105165,ACCT,Accounting
3694105165,FIN,Finance
3694105166,IT,Information Technology
3694105181,MRKT,Marketing
3694105181,SALE,Sales
3694105211,FIN,Finance
3694105211,SALE,Sales
3694105215,ENG,Engineering
3694105215,IT,Information Technology
3694105219,LGL,Legal
3694105222,CUST,Customer Service
3694105222,ADM,Administration
3694105222,OTHR,Other
3694105227,PRJM,Project Management
3694105227,IT,Information Technology
3694105233,ANLS,Analytics
3694105233,IT,Information Technology
3694105233,STRA,Strategy
3694105239,LGL,Legal
3694105250,ADM,Administration
3694105257,OTHR,Other
3693599798,SALE,Sales
3693599798,BD,Business Development
3694105262,IT,Information Technology
3694105271,MGMT,Management
3694105271,MNFC,Manufacturing
3694105307,PRJM,Project Management
3694105307,IT,Information Technology
3694105313,SALE,Sales
3694105313,BD,Business Development
3694105342,QA,Quality Assurance
3694105385,MGMT,Management
3694105385,MNFC,Manufacturing
3694105407,IT,Information Technology
3694105420,RSCH,Research
3694105420,ANLS,Analytics
3694105420,IT,Information Technology
3694105472,ENG,Engineering
3694105472,MNFC,Manufacturing
3694105472,SUPL,Supply Chain
3694105500,MGMT,Management
3694105500,MNFC,Manufacturing
3694105510,MRKT,Marketing
3694105510,SALE,Sales
3694105514,ADM,Administration
3694105517,SALE,Sales
3694105537,ENG,Engineering
3694105537,BD,Business Development
3694105537,CUST,Customer Service
3694105618,RSCH,Research
3694105618,ANLS,Analytics
3694105618,IT,Information Technology
3694106001,RSCH,Research
3694106001,ANLS,Analytics
3694106001,IT,Information Technology
3694106041,ACCT,Accounting
3694106041,FIN,Finance
3694106073,SALE,Sales
3694106073,BD,Business Development
3694106081,DSGN,Design
3694106081,IT,Information Technology
3694106081,CNSL,Consulting
3694106082,ADM,Administration
3694106086,ENG,Engineering
3694106086,IT,Information Technology
3694106087,HR,Human Resources
3694106087,ADM,Administration
3694106087,MRKT,Marketing
3694106088,MGMT,Management
3694106088,MNFC,Manufacturing
3694106095,MRKT,Marketing
3694106095,SALE,Sales
3694106100,EDU,Education
3694106100,TRNG,Training
3694106101,ACCT,Accounting
3694106101,ADM,Administration
3694106102,ACCT,Accounting
3694106102,FIN,Finance
3694106116,ENG,Engineering
3694106121,OTHR,Other
3694103847,OTHR,Other
3694105601,OTHR,Other
3694105784,IT,Information Technology
3694106144,STRA,Strategy
3694106144,FIN,Finance
3694106144,ACCT,Accounting
3694106148,IT,Information Technology
3694106159,ENG,Engineering
3694106159,IT,Information Technology
3694106160,PRDM,Product Management
3694106160,MRKT,Marketing
3694106165,CUST,Customer Service
3694106174,ENG,Engineering
3694106174,IT,Information Technology
3694106177,SALE,Sales
3694106177,CUST,Customer Service
3694106177,MGMT,Management
3694106182,OTHR,Other
3694106182,IT,Information Technology
3694106182,MGMT,Management
3694106200,SALE,Sales
3694106200,BD,Business Development
3694106205,ADM,Administration
3694106210,SALE,Sales
3694106210,BD,Business Development
3694106215,SALE,Sales
3694106215,BD,Business Development
3694106217,MRKT,Marketing
3694106217,SALE,Sales
3694106244,HR,Human Resources
3694105506,IT,Information Technology
3694105506,OTHR,Other
3694106246,ACCT,Accounting
3694106247,HCPR,Healthcare
3694106260,SALE,Sales
3694106276,MGMT,Management
3694106276,MNFC,Manufacturing
3694106277,SALE,Sales
3694106277,BD,Business Development
3694106333,ADM,Administration
3694106333,ANLS,Analytics
3694106333,ACCT,Accounting
3694106339,ACCT,Accounting
3694106339,FIN,Finance
3694106369,FIN,Finance
3694106369,SALE,Sales
3694106421,IT,Information Technology
3694106421,ART,Arts
3694106421,ANLS,Analytics
3694106443,QA,Quality Assurance
3694106443,RSCH,Research
3694106443,SCI,Science
3694106458,SALE,Sales
3694106458,BD,Business Development
3694106461,ACCT,Accounting
3694106461,FIN,Finance
3694101617,ADVR,Advertising
3694101617,SALE,Sales
3694101617,DIST,Distribution
3694106477,MRKT,Marketing
3694106477,SALE,Sales
3694106483,MGMT,Management
3694106483,MNFC,Manufacturing
3694106508,PRDM,Product Management
3694106508,MRKT,Marketing
3694106550,SALE,Sales
3694106550,MGMT,Management
3694106583,ENG,Engineering
3694106583,IT,Information Technology
3694106596,IT,Information Technology
3694106597,HCPR,Healthcare
3694107004,ACCT,Accounting
3694107004,FIN,Finance
3694107011,LGL,Legal
3694107034,ADM,Administration
3694107054,FIN,Finance
3694107054,SALE,Sales
3694107068,PRJM,Project Management
3694107068,IT,Information Technology
3694107073,HCPR,Healthcare
3694107103,SALE,Sales
3694107103,MGMT,Management
3694107150,FIN,Finance
3694107150,SALE,Sales
3694107154,IT,Information Technology
3694107160,DSGN,Design
3694107160,MNFC,Manufacturing
3694107160,PRJM,Project Management
3694107166,ENG,Engineering
3694107166,DSGN,Design
3694107166,MNFC,Manufacturing
3694107185,MGMT,Management
3694107185,MNFC,Manufacturing
3694107187,PRJM,Project Management
3694107187,ADM,Administration
3694107197,IT,Information Technology
3694107207,MNFC,Manufacturing
3694107208,SALE,Sales
3694107208,MGMT,Management
3694107245,ACCT,Accounting
3694107245,ANLS,Analytics
3694107245,FIN,Finance
3694107283,HCPR,Healthcare
3694107286,SALE,Sales
3694107286,BD,Business Development
3694107327,GENB,General Business
3694107406,HCPR,Healthcare
3694107444,LGL,Legal
3694103920,OTHR,Other
3694104664,MRKT,Marketing
3694104664,SALE,Sales
3694104819,ADM,Administration
3694104819,ENG,Engineering
3694105665,MGMT,Management
3694105665,MNFC,Manufacturing
3694105682,OTHR,Other
3694106609,MGMT,Management
3694106609,MNFC,Manufacturing
3694106610,MGMT,Management
3694106610,MNFC,Manufacturing
3694106612,SALE,Sales
3694106612,BD,Business Development
3694106624,OTHR,Other
3694106624,IT,Information Technology
3694106624,MGMT,Management
3694106625,ENG,Engineering
3694106625,IT,Information Technology
3694107404,MRKT,Marketing
3694107404,SALE,Sales
3694107405,MRKT,Marketing
3694107405,SALE,Sales
3694107420,OTHR,Other
3694107532,FIN,Finance
3694107532,SALE,Sales
3694108003,SALE,Sales
3694108003,MGMT,Management
3694108029,MGMT,Management
3694108029,MNFC,Manufacturing
3694103918,HCPR,Healthcare
3694105670,RSCH,Research
3694105670,ANLS,Analytics
3694105670,IT,Information Technology
3694105672,OTHR,Other
3694105672,IT,Information Technology
3694105672,MGMT,Management
3694106631,HCPR,Healthcare
3694108031,PRJM,Project Management
3694108031,IT,Information Technology
3694108033,RSCH,Research
3694108033,ANLS,Analytics
3694108033,IT,Information Technology
3694108072,BD,Business Development
3694108072,SALE,Sales
3694108081,MGMT,Management
3694108081,MNFC,Manufacturing
3694108096,ENG,Engineering
3694108096,IT,Information Technology
3694108102,IT,Information Technology
3694108110,IT,Information Technology
3694108167,ACCT,Accounting
3694108167,FIN,Finance
3694108167,ANLS,Analytics
3694108183,SALE,Sales
3694108183,CNSL,Consulting
3694108183,CUST,Customer Service
3694108244,PRJM,Project Management
3694108244,IT,Information Technology
3694108245,EDU,Education
3694108254,IT,Information Technology
3694106782,MGMT,Management
3694106782,STRA,Strategy
3694106782,GENB,General Business
3694107437,SALE,Sales
3694107437,BD,Business Development
3694108265,LGL,Legal
3694108287,SUPL,Supply Chain
3694108317,SALE,Sales
3694108317,MGMT,Management
3694108320,MGMT,Management
3694108320,MNFC,Manufacturing
3694108321,ENG,Engineering
3694108321,IT,Information Technology
3694108362,DSGN,Design
3694108369,OTHR,Other
3694108371,OTHR,Other
3694108381,HCPR,Healthcare
3694108408,ADM,Administration
3694109012,MRKT,Marketing
3694109012,SALE,Sales
3694109021,MGMT,Management
3694109021,MNFC,Manufacturing
3694109061,BD,Business Development
3694109061,OTHR,Other
3694109061,SALE,Sales
3694109080,SALE,Sales
3694109080,BD,Business Development
3694109087,ENG,Engineering
3694109087,IT,Information Technology
3694103934,ACCT,Accounting
3694103934,FIN,Finance
3694103935,ENG,Engineering
3694103935,IT,Information Technology
3694103938,ACCT,Accounting
3694103938,FIN,Finance
3694104704,PRDM,Product Management
3694104704,MRKT,Marketing
3694104705,OTHR,Other
3694104706,ADM,Administration
3694104708,OTHR,Other
3694107449,MGMT,Management
3694107449,MNFC,Manufacturing
3694107480,HR,Human Resources
3694108400,IT,Information Technology
3694108402,ADM,Administration
3694108403,DSGN,Design
3694108403,ART,Arts
3694108403,IT,Information Technology
3694109171,HCPR,Healthcare
3694109189,IT,Information Technology
3694109189,ADM,Administration
3694109189,QA,Quality Assurance
3694109216,MGMT,Management
3694109216,MNFC,Manufacturing
3694109217,MGMT,Management
3694109217,MNFC,Manufacturing
3694109220,SALE,Sales
3694109220,BD,Business Development
3694109239,OTHR,Other
3694109265,OTHR,Other
3694109265,IT,Information Technology
3694109265,MGMT,Management
3694109305,OTHR,Other
3694109305,IT,Information Technology
3694109305,MGMT,Management
3694109307,OTHR,Other
3694109309,ENG,Engineering
3694109309,IT,Information Technology
3694109325,OTHR,Other
3694109325,IT,Information Technology
3694109325,MGMT,Management
3694109335,FIN,Finance
3694109335,SALE,Sales
3694109341,MGMT,Management
3694109341,MNFC,Manufacturing
3694110043,SALE,Sales
3694110043,BD,Business Development
3694110057,MGMT,Management
3694110057,MNFC,Manufacturing
3694110057,PROD,Product Management
3694110141,SALE,Sales
3694110141,BD,Business Development
3694110167,HR,Human Resources
3694110167,SALE,Sales
3694110174,HCPR,Healthcare
3694110179,MGMT,Management
3694110179,MNFC,Manufacturing
3694110189,PRDM,Product Management
3694110189,MRKT,Marketing
3694110254,SALE,Sales
3694110254,MGMT,Management
3694104870,ENG,Engineering
3694104870,MNFC,Manufacturing
3694104870,PROD,Product Management
3694105773,FIN,Finance
3694105773,SALE,Sales
3694106694,MRKT,Marketing
3694106694,PR,Public Relations
3694106694,WRT,Writing
3694109398,IT,Information Technology
3694109400,SALE,Sales
3694109400,BD,Business Development
3694109499,SALE,Sales
3694109499,MGMT,Management
3694110278,SALE,Sales
3694110278,BD,Business Development
3694110278,FIN,Finance
3694110286,EDU,Education
3694110286,TRNG,Training
3694110306,PRCH,Procurement
3694110306,SUPL,Supply Chain
3694110308,ENG,Engineering
3694110308,IT,Information Technology
3694110323,HCPR,Healthcare
3694110324,HCPR,Healthcare
3694110343,ENG,Engineering
3694110343,IT,Information Technology
3694110347,OTHR,Other
3694110354,HR,Human Resources
3694111052,IT,Information Technology
3694106792,ADM,Administration
3694111088,IT,Information Technology
3694111088,ENG,Engineering
3697302515,SALE,Sales
3697302515,BD,Business Development
3697305055,ENG,Engineering
3697305055,IT,Information Technology
3697305844,OTHR,Other
3697306040,MRKT,Marketing
3697306040,SALE,Sales
3697306070,QA,Quality Assurance
3697306442,OTHR,Other
3697306442,IT,Information Technology
3697306442,MGMT,Management
3697306632,ACCT,Accounting
3697306632,FIN,Finance
3697308556,HCPR,Healthcare
3697309146,HCPR,Healthcare
3697310042,HCPR,Healthcare
3694109419,LGL,Legal
3694110303,SALE,Sales
3694110303,BD,Business Development
3697311017,DSGN,Design
3697311017,ART,Arts
3697311017,IT,Information Technology
3697312974,DSGN,Design
3697312974,ART,Arts
3697312974,IT,Information Technology
3697316255,RSCH,Research
3697316255,ANLS,Analytics
3697316255,IT,Information Technology
3697316776,IT,Information Technology
3697317471,HR,Human Resources
3697318597,IT,Information Technology
3697320331,QA,Quality Assurance
3697321023,EDU,Education
3697321023,TRNG,Training
3697321023,OTHR,Other
3697324234,ENG,Engineering
3697324234,IT,Information Technology
3697326340,ENG,Engineering
3697327038,ENG,Engineering
3697327038,IT,Information Technology
3697328753,HCPR,Healthcare
3697330377,ENG,Engineering
3697330377,IT,Information Technology
3697331495,SALE,Sales
3697333126,PRJM,Project Management
3697333126,IT,Information Technology
3697335389,IT,Information Technology
3697337864,HCPR,Healthcare
3697337879,HCPR,Healthcare
3697337896,ENG,Engineering
3697337896,IT,Information Technology
3697337896,CNSL,Consulting
3697337905,IT,Information Technology
3693598658,MRKT,Marketing
3693598658,PR,Public Relations
3693598658,WRT,Writing
3694105760,PRJM,Project Management
3694105760,IT,Information Technology
3694105871,MGMT,Management
3694105871,ENG,Engineering
3694106743,DSGN,Design
3694106743,ART,Arts
3694106743,IT,Information Technology
3694108496,HCPR,Healthcare
3694109417,IT,Information Technology
3694109423,SALE,Sales
3694109423,BD,Business Development
3694109424,SALE,Sales
3694109424,BD,Business Development
3694111014,SALE,Sales
3694111014,BD,Business Development
3697337922,ACCT,Accounting
3697337922,FIN,Finance
3697337983,HCPR,Healthcare
3697337991,BD,Business Development
3697337991,SALE,Sales
3697338146,ENG,Engineering
3697338146,IT,Information Technology
3697338821,IT,Information Technology
3697338821,MGMT,Management
3697338821,ANLS,Analytics
3697338865,ENG,Engineering
3697338865,IT,Information Technology
3697338893,ENG,Engineering
3697338893,PRJM,Project Management
3697339692,PRDM,Product Management
3697339692,MRKT,Marketing
3697339744,SALE,Sales
3697339744,BD,Business Development
3697339751,ENG,Engineering
3697339751,IT,Information Technology
3697339758,IT,Information Technology
3697339772,BD,Business Development
3697339772,ENG,Engineering
3697339772,MRKT,Marketing
3697339785,SALE,Sales
3697339846,RSCH,Research
3697339846,ANLS,Analytics
3697339846,IT,Information Technology
3697339867,SALE,Sales
3697339867,BD,Business Development
3697339939,EDU,Education
3697339939,TRNG,Training
3697339958,RSCH,Research
3697339958,ANLS,Analytics
3697339958,IT,Information Technology
3697339965,IT,Information Technology
3697339965,OTHR,Other
3697339966,IT,Information Technology
3697340577,IT,Information Technology
3694104808,PRDM,Product Management
3694104808,MRKT,Marketing
3694105792,ENG,Engineering
3694105792,IT,Information Technology
3694105798,PRDM,Product Management
3694105798,MRKT,Marketing
3694105803,IT,Information Technology
3694107525,PRDM,Product Management
3694107525,MRKT,Marketing
3694107526,PRDM,Product Management
3694107526,MRKT,Marketing
3694107528,PRDM,Product Management
3694107528,MRKT,Marketing
3694108504,PRDM,Product Management
3694108504,MRKT,Marketing
3694108524,MGMT,Management
3694108524,MNFC,Manufacturing
3694109435,HCPR,Healthcare
3694109438,PRDM,Product Management
3694109438,MRKT,Marketing
3694109439,PRDM,Product Management
3694109439,MRKT,Marketing
3694110451,PRDM,Product Management
3694110451,MRKT,Marketing
3697340579,FIN,Finance
3697340579,ACCT,Accounting
3697340580,MRKT,Marketing
3697340580,ADVR,Advertising
3697340580,PRDM,Product Management
3697340609,ACCT,Accounting
3697340609,FIN,Finance
3694110537,ACCT,Accounting
3694110537,FIN,Finance
3697340616,FIN,Finance
3697340616,SALE,Sales
3697340623,IT,Information Technology
3697340628,ADM,Administration
3697340629,RSCH,Research
3697340629,ANLS,Analytics
3697340629,IT,Information Technology
3697340630,BD,Business Development
3697340630,ENG,Engineering
3697340630,MRKT,Marketing
3697340678,HCPR,Healthcare
3697340695,IT,Information Technology
3697340695,OTHR,Other
3697340737,RSCH,Research
3697340737,SCI,Science
3697340744,FIN,Finance
3697340753,IT,Information Technology
3697340753,OTHR,Other
3697340761,FIN,Finance
3697340762,HCPR,Healthcare
3697340762,SCI,Science
3697340764,IT,Information Technology
3697340767,ACCT,Accounting
3697340767,FIN,Finance
3697340789,ENG,Engineering
3697340789,IT,Information Technology
3697340794,HCPR,Healthcare
3697340805,RSCH,Research
3697340805,ANLS,Analytics
3697340805,IT,Information Technology
3697340831,MGMT,Management
3697340831,MNFC,Manufacturing
3697341474,ENG,Engineering
3697341474,IT,Information Technology
3697341581,ACCT,Accounting
3697341581,FIN,Finance
3697341581,ADM,Administration
3697341594,HCPR,Healthcare
3697341595,HCPR,Healthcare
3697341692,FIN,Finance
3697342275,SALE,Sales
3697342275,BD,Business Development
3697342316,RSCH,Research
3697342316,ANLS,Analytics
3697342316,IT,Information Technology
3697342373,STRA,Strategy
3697342373,GENB,General Business
3697342373,MGMT,Management
3697342395,HCPR,Healthcare
3697342399,HCPR,Healthcare
3697342477,SALE,Sales
3697342480,ENG,Engineering
3694104965,GENB,General Business
3694104965,MGMT,Management
3694104965,BD,Business Development
3694109480,MGMT,Management
3694109480,MNFC,Manufacturing
3694111111,SALE,Sales
3694111111,BD,Business Development
3697342482,CNSL,Consulting
3697342482,ENG,Engineering
3697342482,SCI,Science
3697342496,DSGN,Design
3697342496,ART,Arts
3697342496,IT,Information Technology
3697342506,MGMT,Management
3697342506,MNFC,Manufacturing
3697342658,ACCT,Accounting
3697342658,FIN,Finance
3697343077,SALE,Sales
3697343077,BD,Business Development
3697343111,QA,Quality Assurance
3697343111,ENG,Engineering
3697343127,IT,Information Technology
3697343136,SALE,Sales
3697343136,BD,Business Development
3697343182,SUPL,Supply Chain
3697343186,OTHR,Other
3697343191,HCPR,Healthcare
3694100915,EDU,Education
3694100915,TRNG,Training
3694104851,SALE,Sales
3694104851,MGMT,Management
3694110480,IT,Information Technology
3697343210,HCPR,Healthcare
3697343299,SALE,Sales
3697343299,BD,Business Development
3697343310,IT,Information Technology
3697343310,OTHR,Other
3697343323,IT,Information Technology
3697343323,QA,Quality Assurance
3697343323,BD,Business Development
3697343334,HCPR,Healthcare
3697343412,IT,Information Technology
3697343539,ACCT,Accounting
3697343539,FIN,Finance
3697344026,SALE,Sales
3697344026,CUST,Customer Service
3697344026,ADM,Administration
3697344064,ENG,Engineering
3697344064,IT,Information Technology
3697344140,HCPR,Healthcare
3697344214,SALE,Sales
3697344214,CUST,Customer Service
3697344214,ADM,Administration
3697344228,IT,Information Technology
3697344228,OTHR,Other
3694105838,PRJM,Project Management
3694105838,IT,Information Technology
3694111063,PRDM,Product Management
3694111063,MRKT,Marketing
3697344244,IT,Information Technology
3697344244,OTHR,Other
3697344248,HCPR,Healthcare
3697344259,IT,Information Technology
3697344262,IT,Information Technology
3697344262,OTHR,Other
3697344325,CNSL,Consulting
3697344325,IT,Information Technology
3697344325,SALE,Sales
3697344945,FIN,Finance
3697344945,SALE,Sales
3697345031,MNFC,Manufacturing
3697345103,IT,Information Technology
3697345109,ADM,Administration
3697345112,PR,Public Relations
3697345112,MRKT,Marketing
3697345190,FIN,Finance
3697345190,SALE,Sales
3697345288,ACCT,Accounting
3697345288,FIN,Finance
3697345754,ENG,Engineering
3697345754,IT,Information Technology
3697345801,DSGN,Design
3697345801,ART,Arts
3697345801,IT,Information Technology
3697345906,MGMT,Management
3697345906,MNFC,Manufacturing
3694104871,MGMT,Management
3694104871,MNFC,Manufacturing
3694106773,HCPR,Healthcare
3694108547,DIST,Distribution
3694108548,DIST,Distribution
3694109494,DIST,Distribution
3694110489,DIST,Distribution
3697346002,ACCT,Accounting
3697346002,FIN,Finance
3697346035,IT,Information Technology
3697346035,OTHR,Other
3697346115,FIN,Finance
3697346115,SALE,Sales
3697346116,FIN,Finance
3697346116,SALE,Sales
3697346488,ACCT,Accounting
3697346488,FIN,Finance
3697346489,FIN,Finance
3697346489,SALE,Sales
3697346657,MGMT,Management
3697346657,MNFC,Manufacturing
3697346805,MGMT,Management
3697346805,MNFC,Manufacturing
3697347581,MGMT,Management
3697347581,MNFC,Manufacturing
3697347633,MGMT,Management
3697347633,MNFC,Manufacturing
3694106971,SALE,Sales
3694106971,BD,Business Development
3694107569,PRJM,Project Management
3694107569,IT,Information Technology
3694110494,HCPR,Healthcare
3694111080,HCPR,Healthcare
3697347943,OTHR,Other
3697348246,FIN,Finance
3697348246,SALE,Sales
3697348391,MGMT,Management
3697348391,MNFC,Manufacturing
3697348446,OTHR,Other
3697348548,MGMT,Management
3697348548,MNFC,Manufacturing
3697348993,MRKT,Marketing
3697348993,PR,Public Relations
3697348993,WRT,Writing
3697349338,MGMT,Management
3697349338,MNFC,Manufacturing
3697349436,MGMT,Management
3697349436,MNFC,Manufacturing
3697349846,MGMT,Management
3697349846,MNFC,Manufacturing
3697349866,LGL,Legal
3697349871,ADM,Administration
3697349875,ENG,Engineering
3697349904,MGMT,Management
3697349904,MNFC,Manufacturing
3697349940,EDU,Education
3697349940,TRNG,Training
3697349961,HR,Human Resources
3697349972,ENG,Engineering
3697349972,IT,Information Technology
3697350092,MGMT,Management
3697350092,MNFC,Manufacturing
3697350427,HCPR,Healthcare
3697350629,MGMT,Management
3697350629,MNFC,Manufacturing
3697350683,PRCH,Procurement
3697350683,SUPL,Supply Chain
3697350719,RSCH,Research
3697350719,ANLS,Analytics
3697350719,IT,Information Technology
3697350720,HCPR,Healthcare
3697350743,ENG,Engineering
3697350743,IT,Information Technology
3697350749,RSCH,Research
3697350749,ANLS,Analytics
3697350749,IT,Information Technology
3697350756,MRKT,Marketing
3697350756,SALE,Sales
3697350761,HR,Human Resources
3697350788,HR,Human Resources
3697350820,ADM,Administration
3697350822,OTHR,Other
3697350827,RSCH,Research
3697350827,ANLS,Analytics
3697350827,IT,Information Technology
3697350837,OTHR,Other
3697350855,IT,Information Technology
3697350863,OTHR,Other
3697350863,IT,Information Technology
3697350863,MGMT,Management
3697350868,BD,Business Development
3697350868,ENG,Engineering
3697350868,SALE,Sales
3697350870,BD,Business Development
3697350870,EDU,Education
3697350870,HR,Human Resources
3697350876,OTHR,Other
3697350876,IT,Information Technology
3697350876,MGMT,Management
3697350880,BD,Business Development
3697350880,ENG,Engineering
3697350880,SALE,Sales
3697350889,ENG,Engineering
3697350890,ENG,Engineering
3697350900,BD,Business Development
3697350900,ENG,Engineering
3697350900,SALE,Sales
3697350901,SALE,Sales
3697350907,BD,Business Development
3697350907,EDU,Education
3697350907,HR,Human Resources
3697350911,EDU,Education
3697350911,ENG,Engineering
3697350911,RSCH,Research
3697350918,ENG,Engineering
3697350942,ENG,Engineering
3697350942,IT,Information Technology
3697350963,SALE,Sales
3697350963,BD,Business Development
3694105864,SALE,Sales
3694105864,BD,Business Development
3694105864,ADM,Administration
3694111332,IT,Information Technology
3694111332,PRJM,Project Management
3697350983,ENG,Engineering
3697350983,IT,Information Technology
3697350984,ENG,Engineering
3697350984,IT,Information Technology
3697351329,HCPR,Healthcare
3697351548,SALE,Sales
3697351548,BD,Business Development
3697351604,IT,Information Technology
3697351605,IT,Information Technology
3697351606,MGMT,Management
3697351606,MNFC,Manufacturing
3697351671,MGMT,Management
3697351671,MNFC,Manufacturing
3697351752,PRJM,Project Management
3697351752,IT,Information Technology
3697351753,HCPR,Healthcare
3697351765,QA,Quality Assurance
3697351774,MGMT,Management
3697351774,MNFC,Manufacturing
3697351784,OTHR,Other
3697351796,BD,Business Development
3697351796,ENG,Engineering
3697351796,SALE,Sales
3697351809,BD,Business Development
3697351809,ENG,Engineering
3697351809,SALE,Sales
3697351810,BD,Business Development
3697351810,ENG,Engineering
3697351810,SALE,Sales
3697351811,BD,Business Development
3697351811,EDU,Education
3697351811,HR,Human Resources
3697351821,BD,Business Development
3697351821,ENG,Engineering
3697351821,SALE,Sales
3697351822,SALE,Sales
3697351830,BD,Business Development
3697351830,EDU,Education
3697351830,HR,Human Resources
3697351843,MGMT,Management
3697351843,MNFC,Manufacturing
3697351850,SALE,Sales
3697351928,ADM,Administration
3697351940,LGL,Legal
3697352440,MGMT,Management
3697352440,MNFC,Manufacturing
3697352442,ENG,Engineering
3697352442,IT,Information Technology
3697352443,MGMT,Management
3697352443,MNFC,Manufacturing
3697352445,MGMT,Management
3697352445,MNFC,Manufacturing
3697352481,HCPR,Healthcare
3697352592,FIN,Finance
3697352592,SALE,Sales
3697352623,MGMT,Management
3697352623,MNFC,Manufacturing
3697352624,MRKT,Marketing
3697352624,PR,Public Relations
3697352624,WRT,Writing
3697352625,SALE,Sales
3697352625,BD,Business Development
3697352641,MGMT,Management
3697352641,MNFC,Manufacturing
3697352656,EDU,Education
3697352656,ENG,Engineering
3697352656,RSCH,Research
3697352658,EDU,Education
3697352658,ENG,Engineering
3697352658,RSCH,Research
3697352694,MGMT,Management
3697352694,MNFC,Manufacturing
3697352695,MGMT,Management
3697352695,MNFC,Manufacturing
3697352780,DSGN,Design
3697352780,ART,Arts
3697352780,IT,Information Technology
3697352867,SALE,Sales
3697352867,BD,Business Development
3697352878,OTHR,Other
3697352881,OTHR,Other
3697352881,IT,Information Technology
3697352881,MGMT,Management
3697352884,OTHR,Other
3697352885,IT,Information Technology
3697352887,SALE,Sales
3697352887,MGMT,Management
3697352906,BD,Business Development
3697352906,ENG,Engineering
3697352906,MRKT,Marketing
3697352911,ENG,Engineering
3697352913,BD,Business Development
3697352913,CNSL,Consulting
3697352913,EDU,Education
3697352918,BD,Business Development
3697352918,EDU,Education
3697352918,MRKT,Marketing
3697352921,BD,Business Development
3697352921,IT,Information Technology
3697352921,SALE,Sales
3697352925,BD,Business Development
3697352925,EDU,Education
3697352925,HR,Human Resources
3697352927,BD,Business Development
3697352927,EDU,Education
3697352927,HR,Human Resources
3697352937,BD,Business Development
3697352937,ENG,Engineering
3697352937,MRKT,Marketing
3697352938,ENG,Engineering
3697352941,ENG,Engineering
3697352959,BD,Business Development
3697352959,CUST,Customer Service
3697352959,SALE,Sales
3697352962,SALE,Sales
3697352963,ENG,Engineering
3697352964,MGMT,Management
3697352964,MNFC,Manufacturing
3697352966,SALE,Sales
3697352978,SALE,Sales
3697352984,MGMT,Management
3697352984,MNFC,Manufacturing
3697352990,SALE,Sales
3697352992,ENG,Engineering
3697352992,IT,Information Technology
3697353299,PRJM,Project Management
3697353299,IT,Information Technology
3697353300,MGMT,Management
3697353300,MNFC,Manufacturing
3694104933,SALE,Sales
3694104933,BD,Business Development
3694104946,IT,Information Technology
3694104947,ENG,Engineering
3694104947,IT,Information Technology
3694105907,PRJM,Project Management
3694105907,IT,Information Technology
3694106835,OTHR,Other
3694107627,DSGN,Design
3694107627,ART,Arts
3694107627,IT,Information Technology
3694108609,MGMT,Management
3694108609,MNFC,Manufacturing
3694109544,SALE,Sales
3694109544,BD,Business Development
3697353352,ENG,Engineering
3697353357,MNFC,Manufacturing
3697353372,SCI,Science
3697353372,RSCH,Research
3697353394,SALE,Sales
3697353394,BD,Business Development
3697353395,IT,Information Technology
3697353460,OTHR,Other
3697353461,MGMT,Management
3697353461,MNFC,Manufacturing
3697353474,EDU,Education
3697353474,TRNG,Training
3697353487,RSCH,Research
3697353487,ANLS,Analytics
3697353487,IT,Information Technology
3697353489,IT,Information Technology
3697353507,SALE,Sales
3697353528,BD,Business Development
3697353528,EDU,Education
3697353528,HR,Human Resources
3697353593,DSGN,Design
3697353593,ART,Arts
3697353593,IT,Information Technology
3697353647,BD,Business Development
3697353647,SALE,Sales
3697353650,MGMT,Management
3697353650,MNFC,Manufacturing
3697353727,SALE,Sales
3697353727,MGMT,Management
3697353748,BD,Business Development
3697353748,EDU,Education
3697353748,HR,Human Resources
3697353752,EDU,Education
3697353752,ENG,Engineering
3697353752,RSCH,Research
3697353759,BD,Business Development
3697353759,ENG,Engineering
3697353759,MRKT,Marketing
3697353765,PRCH,Procurement
3697353765,SUPL,Supply Chain
3697353770,BD,Business Development
3697353770,EDU,Education
3697353770,HR,Human Resources
3697353786,BD,Business Development
3697353786,ENG,Engineering
3697353786,MRKT,Marketing
3697353790,SALE,Sales
3697353793,MGMT,Management
3697353793,MNFC,Manufacturing
3697353795,BD,Business Development
3697353795,ENG,Engineering
3697353795,MRKT,Marketing
3697353796,ENG,Engineering
3697353796,IT,Information Technology
3697353804,BD,Business Development
3697353804,EDU,Education
3697353804,MRKT,Marketing
3697353807,EDU,Education
3697353807,ENG,Engineering
3697353807,RSCH,Research
3697353813,SALE,Sales
3697353813,BD,Business Development
3697353816,ENG,Engineering
3697353816,IT,Information Technology
3697353817,SALE,Sales
3697353819,MGMT,Management
3697353819,MNFC,Manufacturing
3697353820,BD,Business Development
3697353820,MRKT,Marketing
3697353820,SALE,Sales
3697353823,ENG,Engineering
3697353823,IT,Information Technology
3697353826,SALE,Sales
3697353826,BD,Business Development
3697353836,SALE,Sales
3697353853,SALE,Sales
3697353855,LGL,Legal
3697353855,STRA,Strategy
3697353855,CNSL,Consulting
3697353858,BD,Business Development
3697353858,IT,Information Technology
3697353858,SALE,Sales
3697353864,ENG,Engineering
3697353866,BD,Business Development
3697353866,EDU,Education
3697353866,HR,Human Resources
3697353876,SALE,Sales
3697353876,ART,Arts
3697353876,MRKT,Marketing
3693596912,MRKT,Marketing
3693596912,PR,Public Relations
3693596912,WRT,Writing
3694109561,HCPR,Healthcare
3694113188,ADM,Administration
3697353887,MGMT,Management
3697353887,MNFC,Manufacturing
3697353896,MGMT,Management
3697353896,MNFC,Manufacturing
3697353898,ENG,Engineering
3697353905,ENG,Engineering
3697353907,SALE,Sales
3697353913,SALE,Sales
3697353921,BD,Business Development
3697353921,ENG,Engineering
3697353921,MRKT,Marketing
3697353929,ART,Arts
3697353929,ENG,Engineering
3697353929,IT,Information Technology
3697353938,BD,Business Development
3697353938,ENG,Engineering
3697353938,IT,Information Technology
3697353948,MRKT,Marketing
3697353948,PR,Public Relations
3697353948,WRT,Writing
3697353950,BD,Business Development
3697353950,IT,Information Technology
3697353950,SALE,Sales
3697353956,BD,Business Development
3697353956,ENG,Engineering
3697353956,SALE,Sales
3697353962,MGMT,Management
3697353962,MNFC,Manufacturing
3697353964,MGMT,Management
3697353964,MNFC,Manufacturing
3694106968,SALE,Sales
3694106968,BD,Business Development
3694106969,OTHR,Other
3694107785,MGMT,Management
3694107785,MNFC,Manufacturing
3694107787,MGMT,Management
3694107787,MNFC,Manufacturing
3694107884,SALE,Sales
3694107884,BD,Business Development
3694108767,PRJM,Project Management
3694108767,IT,Information Technology
3694110868,ENG,Engineering
3694111266,IT,Information Technology
3694112084,IT,Information Technology
3694112085,MGMT,Management
3694112085,MNFC,Manufacturing
3694113183,ADM,Administration
3697353967,PRJM,Project Management
3697353967,IT,Information Technology
3697353971,ENG,Engineering
3697353971,IT,Information Technology
3697353972,MGMT,Management
3697353972,MNFC,Manufacturing
3697353973,MGMT,Management
3697353973,MNFC,Manufacturing
3697353974,PRJM,Project Management
3697353974,IT,Information Technology
3697353978,ART,Arts
3697353978,ENG,Engineering
3697353978,IT,Information Technology
3697353979,ENG,Engineering
3697353980,ENG,Engineering
3697353985,ART,Arts
3697353985,BD,Business Development
3697353985,ENG,Engineering
3697353990,PRJM,Project Management
3697353990,IT,Information Technology
3697353991,PRJM,Project Management
3697353991,IT,Information Technology
3697353993,BD,Business Development
3697353993,ENG,Engineering
3697353993,IT,Information Technology
3697353999,ENG,Engineering
3697354134,OTHR,Other
3697354193,MGMT,Management
3697354193,MNFC,Manufacturing
3697354194,MGMT,Management
3697354194,MNFC,Manufacturing
3697354195,PRJM,Project Management
3697354195,IT,Information Technology
3697354197,MRKT,Marketing
3697354197,SALE,Sales
3697354229,ENG,Engineering
3697354229,IT,Information Technology
3697354230,ENG,Engineering
3697354230,IT,Information Technology
3697354260,SALE,Sales
3697354260,BD,Business Development
3697354300,HCPR,Healthcare
3697354334,IT,Information Technology
3694105229,ADM,Administration
3694111423,CNSL,Consulting
3697354360,MGMT,Management
3697354360,MNFC,Manufacturing
3697354383,LGL,Legal
3697354392,IT,Information Technology
3697354397,BD,Business Development
3697354397,ENG,Engineering
3697354397,SALE,Sales
3697354405,PRJM,Project Management
3697354405,IT,Information Technology
3697354414,BD,Business Development
3697354414,EDU,Education
3697354414,HR,Human Resources
3697354437,SALE,Sales
3697354443,BD,Business Development
3697354443,EDU,Education
3697354443,HR,Human Resources
3697354456,ENG,Engineering
3697354458,BD,Business Development
3697354458,EDU,Education
3697354458,HR,Human Resources
3697354552,DSGN,Design
3697354552,ART,Arts
3697354552,IT,Information Technology
3697354560,RSCH,Research
3697354560,ANLS,Analytics
3697354560,IT,Information Technology
3697354570,MGMT,Management
3697354570,MNFC,Manufacturing
3697354571,DSGN,Design
3697354571,ART,Arts
3697354571,IT,Information Technology
3697354648,BD,Business Development
3697354648,ENG,Engineering
3697354648,MRKT,Marketing
3697354663,BD,Business Development
3697354663,ENG,Engineering
3697354663,MRKT,Marketing
3697354673,RSCH,Research
3697354673,EDU,Education
3697354675,EDU,Education
3697354675,ENG,Engineering
3697354675,RSCH,Research
3697354685,ENG,Engineering
3697354685,IT,Information Technology
3697354688,BD,Business Development
3697354688,ENG,Engineering
3697354688,MRKT,Marketing
3697354699,EDU,Education
3697354699,ENG,Engineering
3697354699,RSCH,Research
3697354701,BD,Business Development
3697354701,EDU,Education
3697354701,MRKT,Marketing
3697354703,SALE,Sales
3697354705,ENG,Engineering
3697354714,MGMT,Management
3697354714,MNFC,Manufacturing
3697354716,SALE,Sales
3697354716,BD,Business Development
3697354718,SALE,Sales
3697354718,BD,Business Development
3697354719,ENG,Engineering
3697354719,IT,Information Technology
3697354721,SALE,Sales
3697354730,OTHR,Other
3697354731,MGMT,Management
3697354731,MNFC,Manufacturing
3697354732,ENG,Engineering
3697354732,IT,Information Technology
3694101884,SALE,Sales
3694101884,BD,Business Development
3697354733,SALE,Sales
3697354747,BD,Business Development
3697354747,EDU,Education
3697354747,HR,Human Resources
3697354748,SALE,Sales
3697354758,SALE,Sales
3697354763,EDU,Education
3697354773,ENG,Engineering
3697354773,IT,Information Technology
3697354773,SALE,Sales
3697354780,BD,Business Development
3697354780,EDU,Education
3697354780,HR,Human Resources
3697354786,BD,Business Development
3697354786,CUST,Customer Service
3697354786,SALE,Sales
3697354788,BD,Business Development
3697354788,EDU,Education
3697354788,HR,Human Resources
3697354790,BD,Business Development
3697354790,EDU,Education
3697354790,HR,Human Resources
3697354792,ENG,Engineering
3697354792,IT,Information Technology
3697354794,BD,Business Development
3697354794,EDU,Education
3697354794,HR,Human Resources
3697354803,MGMT,Management
3697354803,MNFC,Manufacturing
3697354805,MGMT,Management
3697354805,MNFC,Manufacturing
3697354809,RSCH,Research
3697354809,ANLS,Analytics
3697354809,IT,Information Technology
3697354813,MGMT,Management
3697354813,MNFC,Manufacturing
3697354815,SALE,Sales
3697354817,ACCT,Accounting
3697354817,FIN,Finance
3697354826,HR,Human Resources
3697354830,MGMT,Management
3697354830,MNFC,Manufacturing
3697354837,BD,Business Development
3697354837,CNSL,Consulting
3697354837,EDU,Education
3697354842,ENG,Engineering
3697354843,BD,Business Development
3697354843,CNSL,Consulting
3697354843,EDU,Education
3697354854,SALE,Sales
3697354856,ART,Arts
3697354856,ENG,Engineering
3697354856,IT,Information Technology
3697354861,SALE,Sales
3697354863,HCPR,Healthcare
3697354867,ART,Arts
3697354867,BD,Business Development
3697354867,ENG,Engineering
3697354868,HCPR,Healthcare
3697354870,BD,Business Development
3697354870,ENG,Engineering
3697354870,IT,Information Technology
3697354872,BD,Business Development
3697354872,IT,Information Technology
3697354872,SALE,Sales
3697354879,ART,Arts
3697354879,ENG,Engineering
3697354879,IT,Information Technology
3697354884,MGMT,Management
3697354884,MNFC,Manufacturing
3694114103,ACCT,Accounting
3694114103,FIN,Finance
3694114170,ENG,Engineering
3697354886,BD,Business Development
3697354886,IT,Information Technology
3697354886,SALE,Sales
3697354888,ACCT,Accounting
3697354888,FIN,Finance
3697354897,ART,Arts
3697354897,ENG,Engineering
3697354897,IT,Information Technology
3697354902,MRKT,Marketing
3697354902,PR,Public Relations
3697354902,WRT,Writing
3697354908,IT,Information Technology
3697354911,BD,Business Development
3697354911,IT,Information Technology
3697354911,SALE,Sales
3697354921,ART,Arts
3697354921,ENG,Engineering
3697354921,IT,Information Technology
3697354923,BD,Business Development
3697354923,CUST,Customer Service
3697354923,SALE,Sales
3697354924,SALE,Sales
3697354934,ENG,Engineering
3697354938,ART,Arts
3697354938,BD,Business Development
3697354938,ENG,Engineering
3697354941,ENG,Engineering
3697354944,ART,Arts
3697354944,ENG,Engineering
3697354944,IT,Information Technology
3697354950,ENG,Engineering
3697354955,OTHR,Other
3694108756,PRJM,Project Management
3694108756,IT,Information Technology
3694111356,IT,Information Technology
3694112183,MGMT,Management
3694112183,MNFC,Manufacturing
3694112214,IT,Information Technology
3694112300,HCPR,Healthcare
3694112300,OTHR,Other
3694113151,OTHR,Other
3694114193,ENG,Engineering
3697354966,BD,Business Development
3697354966,ENG,Engineering
3697354966,IT,Information Technology
3697354986,MRKT,Marketing
3697354986,SALE,Sales
3697354991,BD,Business Development
3697354991,ENG,Engineering
3697354991,SALE,Sales
3697354994,BD,Business Development
3697354994,IT,Information Technology
3697354994,SALE,Sales
3697355087,OTHR,Other
3697355154,FIN,Finance
3697355154,SALE,Sales
3697355188,HCPR,Healthcare
3697355192,ENG,Engineering
3697355192,IT,Information Technology
3697355210,PRJM,Project Management
3697355210,IT,Information Technology
3697355226,RSCH,Research
3697355226,SCI,Science
3694111382,MGMT,Management
3694111382,MNFC,Manufacturing
3694113293,LGL,Legal
3694113305,HCPR,Healthcare
3694114203,OTHR,Other
3697355247,HCPR,Healthcare
3697355316,OTHR,Other
3697355331,OTHR,Other
3697355348,BD,Business Development
3697355348,EDU,Education
3697355348,HR,Human Resources
3697355359,BD,Business Development
3697355359,CUST,Customer Service
3697355359,SALE,Sales
3697355362,BD,Business Development
3697355362,EDU,Education
3697355362,HR,Human Resources
3697355384,BD,Business Development
3697355384,CUST,Customer Service
3697355384,SALE,Sales
3697355388,SALE,Sales
3697355389,BD,Business Development
3697355389,EDU,Education
3697355389,HR,Human Resources
3697355394,BD,Business Development
3697355394,EDU,Education
3697355394,HR,Human Resources
3697355410,BD,Business Development
3697355410,IT,Information Technology
3697355410,SALE,Sales
3697355411,BD,Business Development
3697355411,EDU,Education
3697355411,MRKT,Marketing
3697355416,SALE,Sales
3697355427,BD,Business Development
3697355427,ENG,Engineering
3697355427,SALE,Sales
3697355447,FIN,Finance
3697355447,SALE,Sales
3697355485,DSGN,Design
3697355485,ART,Arts
3697355485,IT,Information Technology
3697355565,SALE,Sales
3697355565,MGMT,Management
3697355569,IT,Information Technology
3697355571,SALE,Sales
3697355571,MGMT,Management
3697355572,PRJM,Project Management
3697355572,IT,Information Technology
3697355594,ENG,Engineering
3697355594,IT,Information Technology
3697355596,OTHR,Other
3697355598,IT,Information Technology
3697355603,OTHR,Other
3697355639,BD,Business Development
3697355639,EDU,Education
3697355639,HR,Human Resources
3697355640,BD,Business Development
3697355640,EDU,Education
3697355640,MRKT,Marketing
3697355644,EDU,Education
3697355644,ENG,Engineering
3697355644,RSCH,Research
3697355653,BD,Business Development
3697355653,ENG,Engineering
3697355653,MRKT,Marketing
3697355657,PRJM,Project Management
3697355657,IT,Information Technology
3697355665,BD,Business Development
3697355665,EDU,Education
3697355665,HR,Human Resources
3694109856,ADM,Administration
3697355678,ENG,Engineering
3697355678,IT,Information Technology
3697355682,BD,Business Development
3697355682,EDU,Education
3697355682,HR,Human Resources
3697355684,ENG,Engineering
3697355684,IT,Information Technology
3697355684,SALE,Sales
3697355691,ENG,Engineering
3697355691,IT,Information Technology
3697355695,IT,Information Technology
3697355696,SALE,Sales
3697355696,BD,Business Development
3697355706,MGMT,Management
3697355706,MNFC,Manufacturing
3697355707,SALE,Sales
3697355707,BD,Business Development
3697355711,BD,Business Development
3697355711,ENG,Engineering
3697355711,SALE,Sales
3697355724,BD,Business Development
3697355724,IT,Information Technology
3697355724,SALE,Sales
3697355746,PRJM,Project Management
3697355746,STRA,Strategy
3697355746,CNSL,Consulting
3697355750,BD,Business Development
3697355750,EDU,Education
3697355750,HR,Human Resources
3697355759,DSGN,Design
3697355759,ART,Arts
3697355759,IT,Information Technology
3697355760,ADM,Administration
3697355761,STRA,Strategy
3697355761,ANLS,Analytics
3697355761,IT,Information Technology
3697355763,LGL,Legal
3697355763,STRA,Strategy
3697355763,CNSL,Consulting
3697355772,SALE,Sales
3697355781,SALE,Sales
3697355787,BD,Business Development
3697355787,ENG,Engineering
3697355787,SALE,Sales
3697355791,BD,Business Development
3697355791,EDU,Education
3697355791,HR,Human Resources
3697355793,BD,Business Development
3697355793,EDU,Education
3697355793,HR,Human Resources
3697355794,BD,Business Development
3697355794,ENG,Engineering
3697355794,SALE,Sales
3697355801,PRJM,Project Management
3697355801,IT,Information Technology
3697355802,SALE,Sales
3697355810,BD,Business Development
3697355810,ENG,Engineering
3697355810,SALE,Sales
3697355811,BD,Business Development
3697355811,CUST,Customer Service
3697355811,SALE,Sales
3697355822,ART,Arts
3697355822,BD,Business Development
3697355822,ENG,Engineering
3697355824,ENG,Engineering
3697355824,IT,Information Technology
3697355832,ART,Arts
3697355832,BD,Business Development
3697355832,ENG,Engineering
3697355836,ART,Arts
3697355836,ENG,Engineering
3697355836,IT,Information Technology
3697355841,ENG,Engineering
3697355843,HCPR,Healthcare
3697355846,ART,Arts
3697355846,BD,Business Development
3697355846,ENG,Engineering
3697355852,ART,Arts
3697355852,ENG,Engineering
3697355852,IT,Information Technology
3697355853,BD,Business Development
3697355853,IT,Information Technology
3697355853,SALE,Sales
3697355854,BD,Business Development
3697355854,SALE,Sales
3697355857,BD,Business Development
3697355857,EDU,Education
3697355857,ENG,Engineering
3697355879,SALE,Sales
3697355882,PRJM,Project Management
3697355882,IT,Information Technology
3697355887,BD,Business Development
3697355887,ENG,Engineering
3697355887,IT,Information Technology
3697355898,SALE,Sales
3697355901,MGMT,Management
3697355901,MNFC,Manufacturing
3697355906,BD,Business Development
3697355906,IT,Information Technology
3697355906,SALE,Sales
3697355908,ART,Arts
3697355908,ENG,Engineering
3697355908,IT,Information Technology
3697355912,ART,Arts
3697355912,ENG,Engineering
3697355912,IT,Information Technology
3697355913,EDU,Education
3697355913,TRNG,Training
3697355917,ART,Arts
3697355917,ENG,Engineering
3697355917,IT,Information Technology
3697355919,BD,Business Development
3697355919,ENG,Engineering
3697355919,IT,Information Technology
3697355926,BD,Business Development
3697355926,ENG,Engineering
3697355926,IT,Information Technology
3697355928,SALE,Sales
3688319458,IT,Information Technology
3694105845,ACCT,Accounting
3694105845,FIN,Finance
3694105845,CUST,Customer Service
3697355931,MGMT,Management
3697355931,MNFC,Manufacturing
3697355939,SALE,Sales
3697355940,BD,Business Development
3697355940,IT,Information Technology
3697355940,SALE,Sales
3697355941,MGMT,Management
3697355941,MNFC,Manufacturing
3697355944,EDU,Education
3697355944,ENG,Engineering
3697355944,RSCH,Research
3697355959,MGMT,Management
3697355959,MNFC,Manufacturing
3697355964,BD,Business Development
3697355964,EDU,Education
3697355964,ENG,Engineering
3697355972,BD,Business Development
3697355972,ENG,Engineering
3697355972,IT,Information Technology
3697355979,BD,Business Development
3697355979,IT,Information Technology
3697355979,SALE,Sales
3697355996,SALE,Sales
3697356017,IT,Information Technology
3697356082,ADM,Administration
3697356109,IT,Information Technology
3697356132,ENG,Engineering
3697356150,SALE,Sales
3697356157,BD,Business Development
3697356157,ENG,Engineering
3697356157,SALE,Sales
3697356160,SALE,Sales
3697356168,SALE,Sales
3697356173,SALE,Sales
3697356178,SALE,Sales
3697356178,BD,Business Development
3697356196,IT,Information Technology
3697356230,SALE,Sales
3697356230,BD,Business Development
3697356241,IT,Information Technology
3697356261,DSGN,Design
3697356261,ART,Arts
3697356261,IT,Information Technology
3697356284,DSGN,Design
3697356284,ART,Arts
3697356284,IT,Information Technology
3697356312,OTHR,Other
3697356313,MGMT,Management
3697356313,MNFC,Manufacturing
3697356381,MRKT,Marketing
3697356381,PR,Public Relations
3697356381,WRT,Writing
3697356382,IT,Information Technology
3697356392,SALE,Sales
3697356392,MGMT,Management
3697356405,BD,Business Development
3697356405,CNSL,Consulting
3697356405,EDU,Education
3697356418,BD,Business Development
3697356418,EDU,Education
3697356418,HR,Human Resources
3694107931,QA,Quality Assurance
3694107931,PROD,Product Management
3694107931,ENG,Engineering
3694111279,MGMT,Management
3694111279,MNFC,Manufacturing
3694111424,MGMT,Management
3694111424,MNFC,Manufacturing
3694111437,MGMT,Management
3694111437,MNFC,Manufacturing
3694113254,MGMT,Management
3694113254,MNFC,Manufacturing
3694114000,OTHR,Other
3697356431,BD,Business Development
3697356431,ENG,Engineering
3697356431,MRKT,Marketing
3697356433,BD,Business Development
3697356433,EDU,Education
3697356433,HR,Human Resources
3697356440,BD,Business Development
3697356440,EDU,Education
3697356440,HR,Human Resources
3697356446,EDU,Education
3697356446,ENG,Engineering
3697356446,RSCH,Research
3697356460,BD,Business Development
3697356460,EDU,Education
3697356460,HR,Human Resources
3697356472,EDU,Education
3697356472,ENG,Engineering
3697356472,RSCH,Research
3697356484,BD,Business Development
3697356484,ENG,Engineering
3697356484,MRKT,Marketing
3697356485,BD,Business Development
3697356485,MRKT,Marketing
3697356485,SALE,Sales
3697356486,ENG,Engineering
3697356486,IT,Information Technology
3697356496,MGMT,Management
3697356496,MNFC,Manufacturing
3694107952,ENG,Engineering
3694109850,SALE,Sales
3694109850,BD,Business Development
3694110901,MGMT,Management
3694110901,MNFC,Manufacturing
3694110914,MGMT,Management
3694110914,MNFC,Manufacturing
3694111444,SALE,Sales
3694111444,BD,Business Development
3694112260,MGMT,Management
3694112260,MNFC,Manufacturing
3694112261,OTHR,Other
3694112262,BD,Business Development
3694112262,SALE,Sales
3694112265,EDU,Education
3694112271,SALE,Sales
3694112271,BD,Business Development
3694113221,ENG,Engineering
3694113221,IT,Information Technology
3694114318,LGL,Legal
3694116108,ENG,Engineering
3694116108,IT,Information Technology
3694117047,MRKT,Marketing
3694117047,PR,Public Relations
3694117047,WRT,Writing
3697356499,BD,Business Development
3697356499,ENG,Engineering
3697356499,IT,Information Technology
3697356504,BD,Business Development
3697356504,CUST,Customer Service
3697356504,SALE,Sales
3697356517,BD,Business Development
3697356517,EDU,Education
3697356517,ENG,Engineering
3697356521,SALE,Sales
3697356523,ENG,Engineering
3697356525,BD,Business Development
3697356525,CUST,Customer Service
3697356525,SALE,Sales
3697356527,LGL,Legal
3697356527,STRA,Strategy
3697356527,CNSL,Consulting
3697356531,STRA,Strategy
3697356531,ANLS,Analytics
3697356531,IT,Information Technology
3697356538,BD,Business Development
3697356538,CUST,Customer Service
3697356538,SALE,Sales
3697356561,PRJM,Project Management
3697356561,IT,Information Technology
3697356563,SALE,Sales
3697356565,SALE,Sales
3697356572,BD,Business Development
3697356572,ENG,Engineering
3697356572,SALE,Sales
3697356577,IT,Information Technology
3697356579,BD,Business Development
3697356579,EDU,Education
3697356579,HR,Human Resources
3697356589,BD,Business Development
3697356589,ENG,Engineering
3697356589,IT,Information Technology
3697356595,BD,Business Development
3697356595,ENG,Engineering
3697356595,IT,Information Technology
3697356608,HCPR,Healthcare
3697356611,EDU,Education
3697356611,ENG,Engineering
3697356611,RSCH,Research
3697356613,ENG,Engineering
3697356613,IT,Information Technology
3694107920,MGMT,Management
3694107920,MNFC,Manufacturing
3694107921,MGMT,Management
3694107921,MNFC,Manufacturing
3694107928,ENG,Engineering
3694107928,IT,Information Technology
3694107939,FIN,Finance
3694107939,SALE,Sales
3694107961,RSCH,Research
3694107961,ANLS,Analytics
3694107961,IT,Information Technology
3694108903,ENG,Engineering
3694108903,IT,Information Technology
3694109872,SALE,Sales
3694109872,BD,Business Development
3694110888,MGMT,Management
3694110888,MNFC,Manufacturing
3694111457,RSCH,Research
3694111457,ANLS,Analytics
3694111457,IT,Information Technology
3694111466,SALE,Sales
3694111466,BD,Business Development
3694111467,MGMT,Management
3694111467,MNFC,Manufacturing
3694111625,IT,Information Technology
3694111625,PRDM,Product Management
3694111625,FIN,Finance
3694112267,FIN,Finance
3694112267,SALE,Sales
3694112268,FIN,Finance
3694112268,SALE,Sales
3694112276,MRKT,Marketing
3694112276,SALE,Sales
3694113198,HCPR,Healthcare
3694113203,MGMT,Management
3694113203,MNFC,Manufacturing
3694113219,ENG,Engineering
3694113219,IT,Information Technology
3694113227,FIN,Finance
3694113227,CNSL,Consulting
3694113227,ACCT,Accounting
3694113233,HCPR,Healthcare
3694113243,ACCT,Accounting
3694113243,FIN,Finance
3694114155,OTHR,Other
3694114156,EDU,Education
3694114156,TRNG,Training
3697356614,MGMT,Management
3697356614,MNFC,Manufacturing
3697356622,ART,Arts
3697356622,ENG,Engineering
3697356622,IT,Information Technology
3697356623,IT,Information Technology
3697356624,MGMT,Management
3697356624,MNFC,Manufacturing
3697356625,MGMT,Management
3697356625,MNFC,Manufacturing
3697356630,SALE,Sales
3697356632,BD,Business Development
3697356632,IT,Information Technology
3697356632,SALE,Sales
3697356634,BD,Business Development
3697356634,ENG,Engineering
3697356634,IT,Information Technology
3697356637,MGMT,Management
3697356637,MNFC,Manufacturing
3697356638,MGMT,Management
3697356638,MNFC,Manufacturing
3697356639,MGMT,Management
3697356639,MNFC,Manufacturing
3697356641,MGMT,Management
3697356641,MNFC,Manufacturing
3697356642,MGMT,Management
3697356642,MNFC,Manufacturing
3697356644,ENG,Engineering
3697356646,BD,Business Development
3697356646,IT,Information Technology
3697356646,SALE,Sales
3697356655,ENG,Engineering
3697356656,BD,Business Development
3697356656,IT,Information Technology
3697356656,SALE,Sales
3697356657,BD,Business Development
3697356657,ENG,Engineering
3697356657,SALE,Sales
3697356662,MGMT,Management
3697356662,MNFC,Manufacturing
3697356663,BD,Business Development
3697356663,IT,Information Technology
3697356663,SALE,Sales
3697356665,BD,Business Development
3697356665,IT,Information Technology
3697356665,SALE,Sales
3697356666,SALE,Sales
3697356666,BD,Business Development
3697356667,BD,Business Development
3697356667,IT,Information Technology
3697356667,SALE,Sales
3697356670,EDU,Education
3697356670,TRNG,Training
3697356674,SALE,Sales
3697356674,BD,Business Development
3697356681,BD,Business Development
3697356681,IT,Information Technology
3697356681,SALE,Sales
3697356683,ART,Arts
3697356683,ENG,Engineering
3697356683,IT,Information Technology
3697356694,BD,Business Development
3697356694,IT,Information Technology
3697356694,SALE,Sales
3694107983,SALE,Sales
3694107983,BD,Business Development
3694108932,MGMT,Management
3694108932,MNFC,Manufacturing
3694109904,HCPR,Healthcare
3694109913,ENG,Engineering
3694109913,IT,Information Technology
3694111495,SALE,Sales
3694111495,BD,Business Development
3697356695,SALE,Sales
3697356696,ART,Arts
3697356696,BD,Business Development
3697356696,ENG,Engineering
3697356708,BD,Business Development
3697356708,ENG,Engineering
3697356708,IT,Information Technology
3697356713,EDU,Education
3697356713,ENG,Engineering
3697356713,RSCH,Research
3697356722,MRKT,Marketing
3697356722,PR,Public Relations
3697356722,WRT,Writing
3697356730,ART,Arts
3697356730,ENG,Engineering
3697356730,IT,Information Technology
3697356731,ENG,Engineering
3697356733,MRKT,Marketing
3697356733,PR,Public Relations
3697356733,WRT,Writing
3697356742,BD,Business Development
3697356742,IT,Information Technology
3697356742,SALE,Sales
3697356751,SALE,Sales
3697356796,IT,Information Technology
3694108957,FIN,Finance
3694108957,SALE,Sales
3694111622,ENG,Engineering
3694111622,IT,Information Technology
3694112449,MGMT,Management
3694112449,MNFC,Manufacturing
3694112472,SALE,Sales
3694113404,ACCT,Accounting
3694113404,FIN,Finance
3694113406,ACCT,Accounting
3694113406,FIN,Finance
3694114319,OTHR,Other
3694115010,MGMT,Management
3694115010,MNFC,Manufacturing
3694115113,PRJM,Project Management
3694115113,IT,Information Technology
3694115115,ENG,Engineering
3694116086,ENG,Engineering
3694116086,IT,Information Technology
3694116094,DSGN,Design
3694116105,SALE,Sales
3694118030,SALE,Sales
3694118030,BD,Business Development
3694118033,DSGN,Design
3694118033,ART,Arts
3694118033,IT,Information Technology
3697356797,IT,Information Technology
3697356861,ENG,Engineering
3697356861,IT,Information Technology
3694116061,ENG,Engineering
3694116061,IT,Information Technology
3697356932,HCPR,Healthcare
3697356934,ENG,Engineering
3697356934,IT,Information Technology
3697356939,IT,Information Technology
3697356954,PRJM,Project Management
3697356954,IT,Information Technology
3697357032,BD,Business Development
3697357032,EDU,Education
3697357032,HR,Human Resources
3697357034,BD,Business Development
3697357034,ENG,Engineering
3697357034,SALE,Sales
3697357037,BD,Business Development
3697357037,ENG,Engineering
3697357037,SALE,Sales
3697357051,BD,Business Development
3697357051,ENG,Engineering
3697357051,SALE,Sales
3697357058,BD,Business Development
3697357058,EDU,Education
3697357058,HR,Human Resources
3697357061,SALE,Sales
3697357062,BD,Business Development
3697357062,EDU,Education
3697357062,ENG,Engineering
3697357066,SALE,Sales
3697357068,BD,Business Development
3697357068,ENG,Engineering
3697357068,MRKT,Marketing
3697357074,MGMT,Management
3697357074,MNFC,Manufacturing
3697357082,BD,Business Development
3697357082,IT,Information Technology
3697357082,SALE,Sales
3697357084,ENG,Engineering
3694111476,RSCH,Research
3694111476,ANLS,Analytics
3694111476,IT,Information Technology
3694113370,MGMT,Management
3694113370,MNFC,Manufacturing
3694115078,HCPR,Healthcare
3694117154,ENG,Engineering
3694117154,MNFC,Manufacturing
3694117154,SUPL,Supply Chain
3694118004,PRJM,Project Management
3694118004,ENG,Engineering
3694118021,FIN,Finance
3694118021,SALE,Sales
3697357122,SALE,Sales
3697357122,BD,Business Development
3697357128,MGMT,Management
3697357128,MNFC,Manufacturing
3697357155,MGMT,Management
3697357155,MNFC,Manufacturing
3697357205,MGMT,Management
3697357205,MNFC,Manufacturing
3697357258,SALE,Sales
3697357258,MGMT,Management
3697357292,MRKT,Marketing
3697357292,SALE,Sales
3697357295,BD,Business Development
3697357295,ENG,Engineering
3697357295,MRKT,Marketing
3697357311,BD,Business Development
3697357311,EDU,Education
3697357311,MRKT,Marketing
3697357330,ENG,Engineering
3697357336,MGMT,Management
3697357336,MNFC,Manufacturing
3697357346,BD,Business Development
3697357346,ENG,Engineering
3697357346,MRKT,Marketing
3694112469,ENG,Engineering
3694112469,IT,Information Technology
3694113388,ENG,Engineering
3694113419,RSCH,Research
3694113419,ANLS,Analytics
3694113419,IT,Information Technology
3694114316,ENG,Engineering
3694114325,IT,Information Technology
3694115124,ENG,Engineering
3694115124,IT,Information Technology
3694117064,RSCH,Research
3694117064,ANLS,Analytics
3694117064,IT,Information Technology
3694117068,IT,Information Technology
3694117073,ADM,Administration
3694118032,RSCH,Research
3694118032,ANLS,Analytics
3694118032,IT,Information Technology
3694118045,IT,Information Technology
3697357348,BD,Business Development
3697357348,EDU,Education
3697357348,MRKT,Marketing
3697357351,SALE,Sales
3697357355,ENG,Engineering
3697357355,IT,Information Technology
3697357361,EDU,Education
3697357362,EDU,Education
3697357362,ENG,Engineering
3697357362,RSCH,Research
3697357364,ENG,Engineering
3697357364,IT,Information Technology
3694114313,ENG,Engineering
3694114313,IT,Information Technology
3694114436,SALE,Sales
3694114436,BD,Business Development
3694118029,HCPR,Healthcare
3697357370,BD,Business Development
3697357370,EDU,Education
3697357370,ENG,Engineering
3697357377,MGMT,Management
3697357377,MNFC,Manufacturing
3697357378,MGMT,Management
3697357378,MNFC,Manufacturing
3697357380,ENG,Engineering
3697357380,IT,Information Technology
3697357382,ENG,Engineering
3697357382,IT,Information Technology
3697357388,ENG,Engineering
3697357388,IT,Information Technology
3697357398,BD,Business Development
3697357398,ENG,Engineering
3697357398,MRKT,Marketing
3697357421,BD,Business Development
3697357421,EDU,Education
3697357421,HR,Human Resources
3697357424,BD,Business Development
3697357424,EDU,Education
3697357424,ENG,Engineering
3697357427,BD,Business Development
3697357427,EDU,Education
3697357427,HR,Human Resources
3697357428,STRA,Strategy
3697357428,ANLS,Analytics
3697357428,IT,Information Technology
3697357436,BD,Business Development
3697357436,CNSL,Consulting
3697357436,EDU,Education
3697357446,PROD,Product Management
3697357446,SUPL,Supply Chain
3697357446,MNFC,Manufacturing
3697357448,PROD,Product Management
3697357448,MNFC,Manufacturing
3697357448,ENG,Engineering
3694118144,FIN,Finance
3694118144,SALE,Sales
3697357451,BD,Business Development
3697357451,EDU,Education
3697357451,ENG,Engineering
3697357453,BD,Business Development
3697357453,EDU,Education
3697357453,HR,Human Resources
3697357454,MGMT,Management
3697357454,MNFC,Manufacturing
3697357465,SALE,Sales
3697357469,BD,Business Development
3697357469,EDU,Education
3697357469,ENG,Engineering
3697357472,ENG,Engineering
3697357475,SALE,Sales
3697357483,BD,Business Development
3697357483,EDU,Education
3697357483,HR,Human Resources
3697357490,ENG,Engineering
3697357500,PRJM,Project Management
3697357500,IT,Information Technology
3697357504,OTHR,Other
3697357508,FIN,Finance
3697357508,SALE,Sales
3697357516,MGMT,Management
3697357516,MNFC,Manufacturing
3697357518,BD,Business Development
3697357518,ENG,Engineering
3697357518,IT,Information Technology
3697357519,BD,Business Development
3697357519,ENG,Engineering
3697357519,IT,Information Technology
3697357529,ART,Arts
3697357529,ENG,Engineering
3697357529,IT,Information Technology
3694113537,SALE,Sales
3694114207,OTHR,Other
3694115092,HCPR,Healthcare
3694115248,RSCH,Research
3697357538,ART,Arts
3697357538,ENG,Engineering
3697357538,IT,Information Technology
3697357540,SALE,Sales
3697357540,BD,Business Development
3697357551,SALE,Sales
3697357553,ART,Arts
3697357553,ENG,Engineering
3697357553,IT,Information Technology
3697357555,MGMT,Management
3697357555,MNFC,Manufacturing
3697357556,MGMT,Management
3697357556,MNFC,Manufacturing
3697357560,BD,Business Development
3697357560,IT,Information Technology
3697357560,SALE,Sales
3697357577,OTHR,Other
3697357583,ENG,Engineering
3697357588,MGMT,Management
3697357588,MNFC,Manufacturing
3697357592,ENG,Engineering
3697357596,ENG,Engineering
3697357601,MGMT,Management
3697357601,MNFC,Manufacturing
3694111631,OTHR,Other
3694111631,IT,Information Technology
3694111631,MGMT,Management
3694112468,MGMT,Management
3694112468,MNFC,Manufacturing
3694112494,ENG,Engineering
3694112497,ENG,Engineering
3694112498,ENG,Engineering
3694112501,ENG,Engineering
3694112503,ENG,Engineering
3694113450,ENG,Engineering
3694113451,ENG,Engineering
3694114332,MGMT,Management
3694114332,MNFC,Manufacturing
3694114363,ENG,Engineering
3694114365,ENG,Engineering
3694115123,MGMT,Management
3694115123,MNFC,Manufacturing
3694115147,ENG,Engineering
3694116139,ENG,Engineering
3694117105,ENG,Engineering
3694111652,SALE,Sales
3694111656,SALE,Sales
3694111660,SALE,Sales
3694111661,SALE,Sales
3694111775,MGMT,Management
3694111775,MNFC,Manufacturing
3694112492,SALE,Sales
3694112493,SALE,Sales
3694112496,SALE,Sales
3694112504,SALE,Sales
3694114356,SALE,Sales
3694114360,SALE,Sales
3694115136,SALE,Sales
3694115140,SALE,Sales
3694115144,SALE,Sales
3694115148,SALE,Sales
3694115149,SALE,Sales
3694107962,MGMT,Management
3694107962,MNFC,Manufacturing
3694107985,SALE,Sales
3694107985,BD,Business Development
3694108946,OTHR,Other
3694109944,HCPR,Healthcare
3694110961,QA,Quality Assurance
3694111512,SALE,Sales
3694111512,BD,Business Development
3694111569,OTHR,Other
3694112296,MGMT,Management
3694112296,MNFC,Manufacturing
3694112305,SALE,Sales
3694112305,BD,Business Development
3694112312,OTHR,Other
3694112400,SALE,Sales
3694112400,BD,Business Development
3694113269,OTHR,Other
3694113272,SALE,Sales
3694113272,BD,Business Development
3694113313,SALE,Sales
3694113313,BD,Business Development
3694113345,SALE,Sales
3694113345,BD,Business Development
3694113363,OTHR,Other
3694115041,MGMT,Management
3694115041,MNFC,Manufacturing
3694111702,CUST,Customer Service
3694112372,OTHR,Other
3694112536,MGMT,Management
3694112536,MNFC,Manufacturing
3694113477,DIST,Distribution
3694114397,CUST,Customer Service
3694115030,MGMT,Management
3694115030,MNFC,Manufacturing
3694115050,SALE,Sales
3694115050,BD,Business Development
3694116049,OTHR,Other
3694116097,MGMT,Management
3694116097,MNFC,Manufacturing
3694116129,SALE,Sales
3694116169,CUST,Customer Service
3694116170,CUST,Customer Service
3694116171,CUST,Customer Service
3694117011,SALE,Sales
3694117011,BD,Business Development
3694117100,SALE,Sales
3694117101,SALE,Sales
3694117106,ENG,Engineering
3694111606,ACCT,Accounting
3694111606,FIN,Finance
3694112269,HCPR,Healthcare
3694114191,HR,Human Resources
3694114192,HR,Human Resources
3694114300,ACCT,Accounting
3694114300,FIN,Finance
3694114575,SALE,Sales
3694114575,BD,Business Development
3694117053,FIN,Finance
3694117053,SALE,Sales
3694117107,SALE,Sales
3694117136,CUST,Customer Service
3694117280,ENG,Engineering
3694117280,IT,Information Technology
3694117312,MRKT,Marketing
3694118068,SALE,Sales
3694118078,ENG,Engineering
3694118114,CUST,Customer Service
3697357603,EDU,Education
3697357603,ENG,Engineering
3697357603,RSCH,Research
3697357604,SALE,Sales
3697357624,BD,Business Development
3697357624,IT,Information Technology
3697357624,SALE,Sales
3694112528,SALE,Sales
3694112528,BD,Business Development
3694112542,ENG,Engineering
3694112542,IT,Information Technology
3694113461,ENG,Engineering
3694113461,IT,Information Technology
3694113469,IT,Information Technology
3694113491,FIN,Finance
3694114378,RSCH,Research
3694114378,ANLS,Analytics
3694114378,IT,Information Technology
3694116145,SALE,Sales
3694116145,BD,Business Development
3694116146,SALE,Sales
3694116146,BD,Business Development
3694116150,PRJM,Project Management
3694116150,IT,Information Technology
3694116151,MGMT,Management
3694116151,MNFC,Manufacturing
3694117113,ENG,Engineering
3694117113,IT,Information Technology
3694117116,PRJM,Project Management
3694117116,IT,Information Technology
3694117118,IT,Information Technology
3694118089,PRDM,Product Management
3694118089,MRKT,Marketing
3697357627,SALE,Sales
3697357628,SALE,Sales
3697357634,SALE,Sales
3697357695,MGMT,Management
3697357695,MNFC,Manufacturing
3697357700,MGMT,Management
3697357700,MNFC,Manufacturing
3697357748,HCPR,Healthcare
3697357760,HR,Human Resources
3697357822,LGL,Legal
3697357840,MGMT,Management
3697357840,MNFC,Manufacturing
3697357880,BD,Business Development
3697357880,SALE,Sales
3697357897,BD,Business Development
3697357897,SALE,Sales
3697357900,OTHR,Other
3697357969,ENG,Engineering
3697357969,IT,Information Technology
3697357974,OTHR,Other
3697357993,SALE,Sales
3697357993,BD,Business Development
3697357994,SALE,Sales
3697357994,BD,Business Development
3697358001,DSGN,Design
3697358001,ART,Arts
3697358001,IT,Information Technology
3697358033,MGMT,Management
3697358033,MNFC,Manufacturing
3697358093,ENG,Engineering
3697358093,IT,Information Technology
3697358115,HCPR,Healthcare
3697358122,BD,Business Development
3697358122,SALE,Sales
3697358132,BD,Business Development
3697358132,EDU,Education
3697358132,MRKT,Marketing
3697358152,BD,Business Development
3697358152,ENG,Engineering
3697358152,MRKT,Marketing
3697358153,EDU,Education
3697358153,ENG,Engineering
3697358153,RSCH,Research
3697358155,PRJM,Project Management
3697358155,IT,Information Technology
3697358157,BD,Business Development
3697358157,ENG,Engineering
3697358157,MRKT,Marketing
3697358160,ENG,Engineering
3697358162,SALE,Sales
3697358168,PRCH,Procurement
3697358168,SUPL,Supply Chain
3697358171,BD,Business Development
3697358171,EDU,Education
3697358171,HR,Human Resources
3697358180,BD,Business Development
3697358180,EDU,Education
3697358180,HR,Human Resources
3697358185,FIN,Finance
3697358185,SALE,Sales
3697358186,QA,Quality Assurance
3697358187,BD,Business Development
3697358187,IT,Information Technology
3697358187,SALE,Sales
3697358191,ENG,Engineering
3697358196,BD,Business Development
3697358196,EDU,Education
3697358196,MRKT,Marketing
3697358202,BD,Business Development
3697358202,EDU,Education
3697358202,ENG,Engineering
3694117141,HCPR,Healthcare
3697358203,MGMT,Management
3697358203,MNFC,Manufacturing
3697358209,BD,Business Development
3697358209,MRKT,Marketing
3697358209,SALE,Sales
3697358211,SALE,Sales
3697358218,SALE,Sales
3697358218,BD,Business Development
3697358225,BD,Business Development
3697358225,IT,Information Technology
3697358225,SALE,Sales
3697358232,SALE,Sales
3697358253,BD,Business Development
3697358253,EDU,Education
3697358253,HR,Human Resources
3697358255,BD,Business Development
3697358255,CUST,Customer Service
3697358255,SALE,Sales
3697358260,STRA,Strategy
3697358260,ANLS,Analytics
3697358260,IT,Information Technology
3697358264,RSCH,Research
3697358264,SCI,Science
3697358264,IT,Information Technology
3697358269,BD,Business Development
3697358269,EDU,Education
3697358269,ENG,Engineering
3697358279,PROD,Product Management
3697358279,MNFC,Manufacturing
3697358279,ENG,Engineering
3697358281,SALE,Sales
3697358282,BD,Business Development
3697358282,CUST,Customer Service
3697358282,SALE,Sales
3697358287,SALE,Sales
3697358288,BD,Business Development
3697358288,ENG,Engineering
3697358288,SALE,Sales
3694112752,FIN,Finance
3694112752,ACCT,Accounting
3694114439,DSGN,Design
3694114439,ART,Arts
3694114439,IT,Information Technology
3694114610,ADM,Administration
3694116084,HCPR,Healthcare
3697358290,BD,Business Development
3697358290,EDU,Education
3697358290,HR,Human Resources
3697358297,BD,Business Development
3697358297,EDU,Education
3697358297,HR,Human Resources
3697358300,MGMT,Management
3697358300,MNFC,Manufacturing
3697358303,OTHR,Other
3697358306,SALE,Sales
3697358308,ART,Arts
3697358308,ENG,Engineering
3697358308,IT,Information Technology
3697358310,OTHR,Other
3697358314,BD,Business Development
3697358314,ENG,Engineering
3697358314,MRKT,Marketing
3697358319,ENG,Engineering
3697358319,IT,Information Technology
3697358320,ART,Arts
3697358320,ENG,Engineering
3697358320,IT,Information Technology
3697358325,ENG,Engineering
3697358330,SALE,Sales
3697358335,BD,Business Development
3697358335,EDU,Education
3697358335,HR,Human Resources
3694113481,PRJM,Project Management
3694113481,IT,Information Technology
3694115220,RSCH,Research
3694115220,ANLS,Analytics
3694115220,IT,Information Technology
3694117176,MGMT,Management
3697358338,ART,Arts
3697358338,ENG,Engineering
3697358338,IT,Information Technology
3697358347,ENG,Engineering
3697358352,IT,Information Technology
3697358353,ENG,Engineering
3697358353,IT,Information Technology
3697358357,PRJM,Project Management
3697358357,IT,Information Technology
3697358359,ENG,Engineering
3697358359,IT,Information Technology
3697358361,PRJM,Project Management
3697358361,IT,Information Technology
3697358362,SALE,Sales
3697358364,MGMT,Management
3697358364,MNFC,Manufacturing
3697358365,BD,Business Development
3697358365,ENG,Engineering
3697358365,SALE,Sales
3697358366,SALE,Sales
3697358367,FIN,Finance
3697358367,SALE,Sales
3697358369,MGMT,Management
3697358369,MNFC,Manufacturing
3697358374,FIN,Finance
3697358374,SALE,Sales
3694112590,GENB,General Business
3694112590,MGMT,Management
3694112590,BD,Business Development
3697358391,FIN,Finance
3697358391,SALE,Sales
3697358393,PRJM,Project Management
3697358393,IT,Information Technology
3697358394,BD,Business Development
3697358394,ENG,Engineering
3697358394,IT,Information Technology
3697358395,MGMT,Management
3697358395,MNFC,Manufacturing
3697358404,EDU,Education
3697358404,ENG,Engineering
3697358404,RSCH,Research
3697358419,BD,Business Development
3697358419,IT,Information Technology
3697358419,SALE,Sales
3697358429,BD,Business Development
3697358429,IT,Information Technology
3697358429,SALE,Sales
3697358433,BD,Business Development
3697358433,ENG,Engineering
3697358433,IT,Information Technology
3697358435,LGL,Legal
3697358443,BD,Business Development
3697358443,ENG,Engineering
3697358443,IT,Information Technology
3697358444,SALE,Sales
3697358446,OTHR,Other
3697358449,ART,Arts
3697358449,ENG,Engineering
3697358449,IT,Information Technology
3697358454,SALE,Sales
3697358476,BD,Business Development
3697358476,IT,Information Technology
3697358476,SALE,Sales
3697358483,ENG,Engineering
3694112581,ENG,Engineering
3694112581,IT,Information Technology
3694112603,IT,Information Technology
3694112604,BD,Business Development
3694112604,SALE,Sales
3694113523,MGMT,Management
3694113523,MNFC,Manufacturing
3694113524,ENG,Engineering
3694113524,IT,Information Technology
3694113525,IT,Information Technology
3694113547,MGMT,Management
3694113547,MNFC,Manufacturing
3694114445,ENG,Engineering
3694114445,IT,Information Technology
3694114446,IT,Information Technology
3694114447,IT,Information Technology
3694115229,ADM,Administration
3694115243,ACCT,Accounting
3694115243,FIN,Finance
3694116217,ENG,Engineering
3694116217,IT,Information Technology
3694116228,MGMT,Management
3694116228,MNFC,Manufacturing
3694117177,ENG,Engineering
3694117177,IT,Information Technology
3694117192,EDU,Education
3694117192,TRNG,Training
3694118150,OTHR,Other
3694118151,RSCH,Research
3694118151,ANLS,Analytics
3694118151,IT,Information Technology
3694118164,ENG,Engineering
3694118164,IT,Information Technology
3694118165,MGMT,Management
3694118165,MNFC,Manufacturing
3697358486,IT,Information Technology
3697358490,SALE,Sales
3697358549,ACCT,Accounting
3697358549,FIN,Finance
3697358567,HCPR,Healthcare
3697358646,MGMT,Management
3697358646,MNFC,Manufacturing
3697358647,MGMT,Management
3697358647,MNFC,Manufacturing
3697358648,OTHR,Other
3697358654,MGMT,Management
3697358654,MNFC,Manufacturing
3697358655,MGMT,Management
3697358655,MNFC,Manufacturing
3697358658,MGMT,Management
3697358658,MNFC,Manufacturing
3697358659,MGMT,Management
3697358659,MNFC,Manufacturing
3697358691,ENG,Engineering
3697358691,IT,Information Technology
3697358695,HCPR,Healthcare
3697358702,PRCH,Procurement
3697358702,SUPL,Supply Chain
3697358706,FIN,Finance
3697358706,SALE,Sales
3697358707,MGMT,Management
3697358707,MNFC,Manufacturing
3697358711,BD,Business Development
3697358711,SALE,Sales
3697358755,OTHR,Other
3697358757,FIN,Finance
3697358757,SALE,Sales
3697358780,HCPR,Healthcare
3697358829,HR,Human Resources
3697358929,BD,Business Development
3697358929,SALE,Sales
3697358982,ENG,Engineering
3697358982,IT,Information Technology
3697358993,MGMT,Management
3697358993,MNFC,Manufacturing
3697359018,SALE,Sales
3697359018,MGMT,Management
3697359029,MGMT,Management
3697359029,MNFC,Manufacturing
3697359034,ENG,Engineering
3697359034,IT,Information Technology
3697359043,SALE,Sales
3697359064,BD,Business Development
3697359064,ENG,Engineering
3697359064,MRKT,Marketing
3697359068,BD,Business Development
3697359068,ENG,Engineering
3697359068,MRKT,Marketing
3697359075,BD,Business Development
3697359075,EDU,Education
3697359075,HR,Human Resources
3694114759,GENB,General Business
3694114759,OTHR,Other
3694114759,MNFC,Manufacturing
3694117145,SALE,Sales
3694117145,BD,Business Development
3697359082,BD,Business Development
3697359082,SALE,Sales
3697359093,BD,Business Development
3697359093,EDU,Education
3697359093,MRKT,Marketing
3697359096,MGMT,Management
3697359096,MNFC,Manufacturing
3697359103,ENG,Engineering
3697359103,IT,Information Technology
3697359104,ENG,Engineering
3697359104,IT,Information Technology
3697359107,BD,Business Development
3697359107,ENG,Engineering
3697359107,SALE,Sales
3697359108,BD,Business Development
3697359108,ENG,Engineering
3697359108,SALE,Sales
3697359110,EDU,Education
3697359110,TRNG,Training
3697359136,ENG,Engineering
3697359155,BD,Business Development
3697359155,EDU,Education
3697359155,HR,Human Resources
3697359158,BD,Business Development
3697359158,ENG,Engineering
3697359158,SALE,Sales
3697359165,BD,Business Development
3697359165,EDU,Education
3697359165,HR,Human Resources
3697359180,BD,Business Development
3697359180,IT,Information Technology
3697359180,SALE,Sales
3697359183,SALE,Sales
3697359192,ENG,Engineering
3697359202,BD,Business Development
3697359202,EDU,Education
3697359202,HR,Human Resources
3697359204,ENG,Engineering
3697359206,BD,Business Development
3697359206,EDU,Education
3697359206,HR,Human Resources
3697359211,BD,Business Development
3697359211,EDU,Education
3697359211,HR,Human Resources
3697359216,MGMT,Management
3697359216,MNFC,Manufacturing
3697359217,HCPR,Healthcare
3697359219,BD,Business Development
3697359219,ENG,Engineering
3697359219,IT,Information Technology
3697359221,ART,Arts
3697359221,ENG,Engineering
3697359221,IT,Information Technology
3697359224,ENG,Engineering
3697359224,IT,Information Technology
3697359226,ART,Arts
3697359226,ENG,Engineering
3697359226,IT,Information Technology
3697359228,BD,Business Development
3697359228,EDU,Education
3697359228,HR,Human Resources
3697359229,PRJM,Project Management
3697359229,IT,Information Technology
3697359230,BD,Business Development
3697359230,IT,Information Technology
3697359230,SALE,Sales
3697359236,ART,Arts
3697359236,ENG,Engineering
3697359236,IT,Information Technology
3697359240,BD,Business Development
3697359240,ENG,Engineering
3697359240,SALE,Sales
3697359242,BD,Business Development
3697359242,ENG,Engineering
3697359242,IT,Information Technology
3697359254,ENG,Engineering
3697359254,IT,Information Technology
3694109981,IT,Information Technology
3694111576,IT,Information Technology
3694111752,IT,Information Technology
3694111848,OTHR,Other
3694112396,IT,Information Technology
3694112397,IT,Information Technology
3694112405,IT,Information Technology
3694113352,IT,Information Technology
3694113357,IT,Information Technology
3694114264,IT,Information Technology
3694114267,IT,Information Technology
3694114440,FIN,Finance
3694114440,SALE,Sales
3694115040,IT,Information Technology
3694115044,IT,Information Technology
3694115060,IT,Information Technology
3694115064,IT,Information Technology
3694116036,IT,Information Technology
3694116043,IT,Information Technology
3694117016,IT,Information Technology
3694119033,ENG,Engineering
3694119033,PRJM,Project Management
3694119033,CNSL,Consulting
3697359259,SALE,Sales
3697359269,MGMT,Management
3697359269,MNFC,Manufacturing
3697359270,FIN,Finance
3697359270,SALE,Sales
3697359273,ART,Arts
3697359273,ENG,Engineering
3697359273,IT,Information Technology
3697359280,PRJM,Project Management
3697359280,IT,Information Technology
3697359291,MGMT,Management
3697359291,MNFC,Manufacturing
3697359298,SALE,Sales
3697359304,BD,Business Development
3697359304,ENG,Engineering
3697359304,IT,Information Technology
3697359314,BD,Business Development
3697359314,IT,Information Technology
3697359314,SALE,Sales
3697359316,EDU,Education
3697359316,ENG,Engineering
3697359316,RSCH,Research
3697359318,BD,Business Development
3697359318,ENG,Engineering
3697359318,IT,Information Technology
3697359322,BD,Business Development
3697359322,ENG,Engineering
3697359322,SALE,Sales
3697359323,SALE,Sales
3697359325,SALE,Sales
3694111921,ENG,Engineering
3694113604,IT,Information Technology
3694113860,SALE,Sales
3694113860,BD,Business Development
3697359330,ENG,Engineering
3697359336,BD,Business Development
3697359336,ENG,Engineering
3697359336,SALE,Sales
3697359375,BD,Business Development
3697359375,IT,Information Technology
3697359375,SALE,Sales
3697359419,HCPR,Healthcare
3697359474,HCPR,Healthcare
3697359507,ENG,Engineering
3697359507,IT,Information Technology
3697359568,MGMT,Management
3697359568,MNFC,Manufacturing
3697359569,MGMT,Management
3697359569,MNFC,Manufacturing
3697359572,SALE,Sales
3697359572,BD,Business Development
3697359575,SALE,Sales
3697359575,BD,Business Development
3697359580,SALE,Sales
3697359580,BD,Business Development
3697359657,ADM,Administration
3697359708,ENG,Engineering
3697359708,IT,Information Technology
3694113660,OTHR,Other
3694114579,OTHR,Other
3694114657,ADM,Administration
3694117389,DSGN,Design
3694117389,ART,Arts
3694117389,IT,Information Technology
3697359744,ENG,Engineering
3697359744,IT,Information Technology
3697359796,ADM,Administration
3697359858,OTHR,Other
3697359921,IT,Information Technology
3697359943,PRJM,Project Management
3697359943,IT,Information Technology
3697360049,SALE,Sales
3697360053,ENG,Engineering
3697360056,MGMT,Management
3697360056,MNFC,Manufacturing
3697360068,BD,Business Development
3697360068,EDU,Education
3697360068,HR,Human Resources
3697360077,ENG,Engineering
3697360077,IT,Information Technology
3697360079,BD,Business Development
3697360079,EDU,Education
3697360079,ENG,Engineering
3697360085,BD,Business Development
3697360085,CUST,Customer Service
3697360085,SALE,Sales
3697360089,BD,Business Development
3697360089,EDU,Education
3697360089,HR,Human Resources
3697360097,BD,Business Development
3697360097,EDU,Education
3697360097,ENG,Engineering
3697360104,BD,Business Development
3697360104,ENG,Engineering
3697360104,SALE,Sales
3697360106,BD,Business Development
3697360106,EDU,Education
3697360106,HR,Human Resources
3697360107,SALE,Sales
3697360109,OTHR,Other
3697360120,SALE,Sales
3697360123,BD,Business Development
3697360123,ENG,Engineering
3697360123,SALE,Sales
3697360128,PRJM,Project Management
3697360134,ENG,Engineering
3697360134,IT,Information Technology
3697360135,PRJM,Project Management
3697360135,IT,Information Technology
3697360139,BD,Business Development
3697360139,EDU,Education
3697360139,MRKT,Marketing
3697360146,OTHR,Other
3697360154,PRJM,Project Management
3697360154,IT,Information Technology
3697360163,SALE,Sales
3697360166,BD,Business Development
3697360166,ENG,Engineering
3697360166,SALE,Sales
3697360172,ART,Arts
3697360172,ENG,Engineering
3697360172,IT,Information Technology
3697360175,SALE,Sales
3694113889,MGMT,Management
3694113889,MNFC,Manufacturing
3694113890,ACCT,Accounting
3694115326,OTHR,Other
3694115345,HCPR,Healthcare
3694115544,ENG,Engineering
3694115544,IT,Information Technology
3694117290,MGMT,Management
3694117290,MNFC,Manufacturing
3694117391,ENG,Engineering
3694117391,IT,Information Technology
3697360179,BD,Business Development
3697360179,IT,Information Technology
3697360179,SALE,Sales
3697360180,PRJM,Project Management
3697360180,IT,Information Technology
3697360182,MGMT,Management
3697360182,MNFC,Manufacturing
3697360184,SALE,Sales
3697360187,BD,Business Development
3697360187,IT,Information Technology
3697360187,SALE,Sales
3697360193,ART,Arts
3697360193,ENG,Engineering
3697360193,IT,Information Technology
3697360195,BD,Business Development
3697360195,IT,Information Technology
3697360195,SALE,Sales
3697360202,BD,Business Development
3697360202,ENG,Engineering
3697360202,SALE,Sales
3697360210,BD,Business Development
3697360210,IT,Information Technology
3697360210,SALE,Sales
3697360217,ART,Arts
3697360217,BD,Business Development
3697360217,ENG,Engineering
3694111956,HCPR,Healthcare
3694111975,HCPR,Healthcare
3694113781,OTHR,Other
3694114719,SALE,Sales
3694114719,BD,Business Development
3694116516,MGMT,Management
3694116516,MNFC,Manufacturing
3694119012,PRJM,Project Management
3694119012,IT,Information Technology
3697360220,MGMT,Management
3697360220,MNFC,Manufacturing
3697360224,ART,Arts
3697360224,ENG,Engineering
3697360224,IT,Information Technology
3697360230,BD,Business Development
3697360230,CUST,Customer Service
3697360230,SALE,Sales
3697360231,BD,Business Development
3697360231,ENG,Engineering
3697360231,IT,Information Technology
3697360233,BD,Business Development
3697360233,EDU,Education
3697360233,ENG,Engineering
3697360239,BD,Business Development
3697360239,EDU,Education
3697360239,MRKT,Marketing
3697360241,EDU,Education
3697360241,TRNG,Training
3697360249,BD,Business Development
3697360249,ENG,Engineering
3697360249,IT,Information Technology
3697360259,SALE,Sales
3697360268,BD,Business Development
3697360268,ENG,Engineering
3697360268,IT,Information Technology
3694112865,IT,Information Technology
3694113825,IT,Information Technology
3694113826,IT,Information Technology
3694113827,IT,Information Technology
3694113828,FIN,Finance
3694113828,SALE,Sales
3694114739,IT,Information Technology
3694114740,IT,Information Technology
3694115499,IT,Information Technology
3694115501,IT,Information Technology
3694117474,IT,Information Technology
3694118412,IT,Information Technology
3694118414,IT,Information Technology
3694119010,IT,Information Technology
3697360282,BD,Business Development
3697360282,IT,Information Technology
3697360282,SALE,Sales
3697360293,ADM,Administration
3697360443,OTHR,Other
3697360451,OTHR,Other
3697360451,IT,Information Technology
3697360451,MGMT,Management
3694114815,CUST,Customer Service
3694114815,MGMT,Management
3694114815,MRKT,Marketing
3694118413,IT,Information Technology
3694119008,FIN,Finance
3694119008,SALE,Sales
3697360452,MGMT,Management
3697360452,MNFC,Manufacturing
3697360455,OTHR,Other
3697360460,BD,Business Development
3697360460,SALE,Sales
3697360501,BD,Business Development
3697360501,SALE,Sales
3697360521,BD,Business Development
3697360521,SALE,Sales
3697360666,MGMT,Management
3697360666,MNFC,Manufacturing
3697360707,BD,Business Development
3697360707,SALE,Sales
3697360724,MGMT,Management
3697360724,MNFC,Manufacturing
3697360734,RSCH,Research
3697360734,ANLS,Analytics
3697360734,IT,Information Technology
3697360739,PRJM,Project Management
3697360739,IT,Information Technology
3697360824,HR,Human Resources
3697360825,HR,Human Resources
3697360844,MGMT,Management
3697360844,MNFC,Manufacturing
3697360850,HR,Human Resources
3694112735,PROD,Product Management
3694112735,MGMT,Management
3694112821,MGMT,Management
3694112821,MNFC,Manufacturing
3694113687,ANLS,Analytics
3694113687,ACCT,Accounting
3694113782,PRCH,Procurement
3694113782,GENB,General Business
3694113782,MGMT,Management
3694114599,MGMT,Management
3694114599,MNFC,Manufacturing
3694114828,MGMT,Management
3694115393,PROD,Product Management
3694115393,MGMT,Management
3694116361,PROD,Product Management
3694116361,MGMT,Management
3694117489,SALE,Sales
3694117489,BD,Business Development
3694118431,RSCH,Research
3694118431,ANLS,Analytics
3694118431,IT,Information Technology
3697360879,PRCH,Procurement
3697360879,SUPL,Supply Chain
3697360881,HCPR,Healthcare
3697360883,MGMT,Management
3697360883,MNFC,Manufacturing
3697360884,MGMT,Management
3697360884,MNFC,Manufacturing
3697360895,SALE,Sales
3697360895,BD,Business Development
3697360900,SALE,Sales
3697360900,BD,Business Development
3697360902,EDU,Education
3697360902,TRNG,Training
3694113878,SALE,Sales
3694113878,BD,Business Development
3694113908,ENG,Engineering
3694113908,IT,Information Technology
3694114812,ENG,Engineering
3694116549,QA,Quality Assurance
3694116562,HR,Human Resources
3694119080,HCPR,Healthcare
3697360921,ACCT,Accounting
3697360921,FIN,Finance
3697360951,HR,Human Resources
3697360955,ENG,Engineering
3697360955,IT,Information Technology
3697360963,HCPR,Healthcare
3697360967,HCPR,Healthcare
3697360970,HCPR,Healthcare
3697360971,HCPR,Healthcare
3697360972,HCPR,Healthcare
3697360973,MGMT,Management
3697360973,MNFC,Manufacturing
3697360975,HCPR,Healthcare
3697360979,MGMT,Management
3697360979,MNFC,Manufacturing
3694116489,HCPR,Healthcare
3694116535,DIST,Distribution
3694116535,SUPL,Supply Chain
3694116535,MNFC,Manufacturing
3694118444,MGMT,Management
3694118444,MNFC,Manufacturing
3697361002,BD,Business Development
3697361002,SALE,Sales
3697361007,ENG,Engineering
3697361018,ART,Arts
3697361018,ENG,Engineering
3697361018,IT,Information Technology
3697361029,BD,Business Development
3697361029,IT,Information Technology
3697361029,SALE,Sales
3697361031,SALE,Sales
3697361032,BD,Business Development
3697361032,EDU,Education
3697361032,MRKT,Marketing
3697361036,MGMT,Management
3697361036,MNFC,Manufacturing
3697361043,BD,Business Development
3697361043,ENG,Engineering
3697361043,IT,Information Technology
3697361046,EDU,Education
3697361046,ENG,Engineering
3697361046,RSCH,Research
3697361050,BD,Business Development
3697361050,IT,Information Technology
3697361050,SALE,Sales
3697361051,ADM,Administration
3697361053,EDU,Education
3697361053,ENG,Engineering
3697361053,RSCH,Research
3697361056,BD,Business Development
3697361056,ENG,Engineering
3697361056,SALE,Sales
3697361068,BD,Business Development
3697361068,IT,Information Technology
3697361068,SALE,Sales
3694113850,IT,Information Technology
3694115536,HR,Human Resources
3694117505,ENG,Engineering
3694117505,IT,Information Technology
3697361082,EDU,Education
3697361082,ENG,Engineering
3697361082,RSCH,Research
3697361088,BD,Business Development
3697361088,IT,Information Technology
3697361088,SALE,Sales
3697361094,MGMT,Management
3697361094,MNFC,Manufacturing
3697361096,MGMT,Management
3697361096,MNFC,Manufacturing
3697361103,HCPR,Healthcare
3697361163,MGMT,Management
3697361163,MNFC,Manufacturing
3697361164,CNSL,Consulting
3697361164,IT,Information Technology
3697361164,SALE,Sales
3697361270,HCPR,Healthcare
3697361276,IT,Information Technology
3697361286,MGMT,Management
3697361286,MNFC,Manufacturing
3697361287,MGMT,Management
3697361287,MNFC,Manufacturing
3697361288,ACCT,Accounting
3697361288,FIN,Finance
3697361290,MGMT,Management
3697361290,MNFC,Manufacturing
3697361291,MGMT,Management
3697361291,MNFC,Manufacturing
3697361293,ENG,Engineering
3697361293,IT,Information Technology
3697361327,MRKT,Marketing
3697361327,PR,Public Relations
3697361327,WRT,Writing
3697361403,OTHR,Other
3697361410,ACCT,Accounting
3697361410,FIN,Finance
3697361555,PRJM,Project Management
3697361555,IT,Information Technology
3697361637,HR,Human Resources
3697361643,IT,Information Technology
3697361661,ACCT,Accounting
3697361661,FIN,Finance
3697361662,QA,Quality Assurance
3697361667,HR,Human Resources
3697361706,SALE,Sales
3697361706,BD,Business Development
3697361708,SALE,Sales
3697361708,BD,Business Development
3697361709,SALE,Sales
3697361709,BD,Business Development
3697361770,OTHR,Other
3697361771,HCPR,Healthcare
3697361772,HCPR,Healthcare
3697361774,PRCH,Procurement
3697361775,HCPR,Healthcare
3697361778,MRKT,Marketing
3697361778,PR,Public Relations
3697361778,WRT,Writing
3697361814,IT,Information Technology
3697361815,IT,Information Technology
3697361991,EDU,Education
3697361991,TRNG,Training
3697361992,FIN,Finance
3697361992,SALE,Sales
3697362051,MGMT,Management
3697362051,MNFC,Manufacturing
3697362061,MRKT,Marketing
3697362061,PR,Public Relations
3697362061,WRT,Writing
3697362062,ADM,Administration
3697362066,OTHR,Other
3697362089,MGMT,Management
3697362089,MNFC,Manufacturing
3697362106,HCPR,Healthcare
3697362171,MGMT,Management
3697362171,MNFC,Manufacturing
3697362183,OTHR,Other
3697362221,BD,Business Development
3697362221,SALE,Sales
3697362225,SALE,Sales
3697362225,BD,Business Development
3697362279,ENG,Engineering
3697362279,IT,Information Technology
3697362317,ENG,Engineering
3697362317,IT,Information Technology
3697362334,BD,Business Development
3697362334,GENB,General Business
3697362334,MGMT,Management
3697362335,SALE,Sales
3697362335,BD,Business Development
3697362474,ENG,Engineering
3697362474,IT,Information Technology
3697362475,IT,Information Technology
3697362486,ENG,Engineering
3697362486,IT,Information Technology
3697362595,MGMT,Management
3697362595,MNFC,Manufacturing
3697362610,MGMT,Management
3697362610,MNFC,Manufacturing
3697362623,PRJM,Project Management
3697362632,MGMT,Management
3697362632,MNFC,Manufacturing
3697362634,SALE,Sales
3697362646,MGMT,Management
3697362646,MNFC,Manufacturing
3697362663,MGMT,Management
3697362663,MNFC,Manufacturing
3697362673,HCPR,Healthcare
3697362727,ENG,Engineering
3697362727,IT,Information Technology
3697362800,MGMT,Management
3697362800,MNFC,Manufacturing
3694118631,ADM,Administration
3694119213,MRKT,Marketing
3694119213,SALE,Sales
3697362842,MGMT,Management
3697362842,MNFC,Manufacturing
3697363042,OTHR,Other
3697363047,ADM,Administration
3697363054,OTHR,Other
3697363097,HCPR,Healthcare
3697363098,HR,Human Resources
3697363170,HCPR,Healthcare
3697363172,HCPR,Healthcare
3697363174,MGMT,Management
3697363174,MNFC,Manufacturing
3697363178,MGMT,Management
3697363178,MNFC,Manufacturing
3697363188,OTHR,Other
3697363225,BD,Business Development
3697363225,SALE,Sales
3697363227,SALE,Sales
3697363227,BD,Business Development
3697363229,SALE,Sales
3697363229,BD,Business Development
3697363377,IT,Information Technology
3697363380,ENG,Engineering
3697363380,IT,Information Technology
3697363460,IT,Information Technology
3697363473,CNSL,Consulting
3697363473,IT,Information Technology
3697363473,SALE,Sales
3697363558,HR,Human Resources
3697363571,DSGN,Design
3697363571,ART,Arts
3697363571,IT,Information Technology
3697363579,HR,Human Resources
3697363601,MGMT,Management
3697363601,MNFC,Manufacturing
3697363614,RSCH,Research
3697363614,ANLS,Analytics
3697363614,IT,Information Technology
3697363628,SALE,Sales
3697363628,BD,Business Development
3697363650,MGMT,Management
3697363650,MNFC,Manufacturing
3697363655,FIN,Finance
3697363655,SALE,Sales
3697363677,OTHR,Other
3697363678,SALE,Sales
3697363688,HCPR,Healthcare
3697363689,HCPR,Healthcare
3697363690,HCPR,Healthcare
3697363691,HCPR,Healthcare
3697363699,HCPR,Healthcare
3697363700,HCPR,Healthcare
3697363701,HCPR,Healthcare
3697363702,HCPR,Healthcare
3697363734,DSGN,Design
3697363734,ART,Arts
3697363734,IT,Information Technology
3697364004,IT,Information Technology
3697364085,SALE,Sales
3697364085,BD,Business Development
3697364096,OTHR,Other
3697364133,ENG,Engineering
3697364133,IT,Information Technology
3697364165,IT,Information Technology
3697364234,HCPR,Healthcare
3697364327,MGMT,Management
3697364327,MNFC,Manufacturing
3697364335,MGMT,Management
3697364335,MNFC,Manufacturing
3697364343,OTHR,Other
3697364344,MGMT,Management
3697364344,MNFC,Manufacturing
3697364345,MGMT,Management
3697364345,MNFC,Manufacturing
3697364390,HR,Human Resources
3694112936,MRKT,Marketing
3694112936,SALE,Sales
3694112937,MGMT,Management
3694112937,MNFC,Manufacturing
3694113895,MGMT,Management
3694113895,MNFC,Manufacturing
3694113896,ENG,Engineering
3694113896,IT,Information Technology
3694114960,HCPR,Healthcare
3694115688,MNFC,Manufacturing
3694116534,DSGN,Design
3694116534,ART,Arts
3694116534,IT,Information Technology
3694116623,EDU,Education
3694116623,TRNG,Training
3694118482,MGMT,Management
3694118482,MNFC,Manufacturing
3697364392,SALE,Sales
3697364392,BD,Business Development
3697364438,OTHR,Other
3697364460,HCPR,Healthcare
3697364461,HCPR,Healthcare
3697364462,MRKT,Marketing
3697364462,SALE,Sales
3697364501,PRJM,Project Management
3697364501,IT,Information Technology
3697364520,ACCT,Accounting
3697364668,FIN,Finance
3697364668,SALE,Sales
3697365032,PRCH,Procurement
3697365032,SUPL,Supply Chain
3697365046,ACCT,Accounting
3697365046,FIN,Finance
3697365130,ENG,Engineering
3697365130,IT,Information Technology
3697365252,HR,Human Resources
3697365269,MGMT,Management
3697365269,MNFC,Manufacturing
3697365288,SALE,Sales
3697365288,BD,Business Development
3697365289,SALE,Sales
3697365289,BD,Business Development
3697365311,MGMT,Management
3697365311,MNFC,Manufacturing
3697365316,OTHR,Other
3697365347,MGMT,Management
3697365347,MNFC,Manufacturing
3697365348,RSCH,Research
3697365348,ANLS,Analytics
3697365348,IT,Information Technology
3697365354,HCPR,Healthcare
3697365367,MGMT,Management
3697365367,MNFC,Manufacturing
3697365509,MGMT,Management
3697365509,MNFC,Manufacturing
3697365518,PRCH,Procurement
3697365518,SUPL,Supply Chain
3697365524,QA,Quality Assurance
3697366081,MGMT,Management
3697366081,MNFC,Manufacturing
3697366095,OTHR,Other
3697366096,MGMT,Management
3697366096,MNFC,Manufacturing
3697366099,MGMT,Management
3697366099,MNFC,Manufacturing
3697366117,MGMT,Management
3697366117,MNFC,Manufacturing
3697366140,HCPR,Healthcare
3697366146,HCPR,Healthcare
3697366150,HCPR,Healthcare
3697366152,HCPR,Healthcare
3697366155,HCPR,Healthcare
3697366159,HCPR,Healthcare
3697366161,HCPR,Healthcare
3697366163,HR,Human Resources
3697366165,MRKT,Marketing
3697366165,PR,Public Relations
3697366165,WRT,Writing
3697366204,MGMT,Management
3697366204,MNFC,Manufacturing
3697366219,LGL,Legal
3697366220,MGMT,Management
3697366220,MNFC,Manufacturing
3697366307,OTHR,Other
3694112963,IT,Information Technology
3694113915,FIN,Finance
3694113915,SALE,Sales
3694113916,IT,Information Technology
3694115573,OTHR,Other
3694116514,MGMT,Management
3694116514,MNFC,Manufacturing
3694118508,ENG,Engineering
3694118508,IT,Information Technology
3694119048,MGMT,Management
3694119048,MNFC,Manufacturing
3697366335,ENG,Engineering
3697366335,IT,Information Technology
3697367000,HCPR,Healthcare
3697367005,SALE,Sales
3697367005,BD,Business Development
3697367012,SALE,Sales
3697367012,BD,Business Development
3697367018,SALE,Sales
3697367018,BD,Business Development
3697367019,MRKT,Marketing
3697367027,MGMT,Management
3697367027,MNFC,Manufacturing
3697367047,MGMT,Management
3697367047,MNFC,Manufacturing
3697367060,MGMT,Management
3697367060,MNFC,Manufacturing
3697367070,HCPR,Healthcare
3697367075,HCPR,Healthcare
3697367076,OTHR,Other
3697367079,HCPR,Healthcare
3697367080,HCPR,Healthcare
3697367198,HR,Human Resources
3697367199,HR,Human Resources
3697367219,MGMT,Management
3697367219,MNFC,Manufacturing
3697367221,OTHR,Other
3697367242,IT,Information Technology
3697368006,MGMT,Management
3697368006,MNFC,Manufacturing
3697368027,DSGN,Design
3697368027,ART,Arts
3697368027,IT,Information Technology
3697368135,MGMT,Management
3697368135,MNFC,Manufacturing
3697368198,MRKT,Marketing
3697368198,SALE,Sales
3697372909,MGMT,Management
3697372909,MNFC,Manufacturing
3697372970,HCPR,Healthcare
3697373828,MGMT,Management
3697373828,MNFC,Manufacturing
3697373830,MGMT,Management
3697373830,MNFC,Manufacturing
3697373833,SALE,Sales
3697373836,HCPR,Healthcare
3697373876,SALE,Sales
3697373876,BD,Business Development
3697373887,HCPR,Healthcare
3697373892,MGMT,Management
3697373892,MNFC,Manufacturing
3697373932,SALE,Sales
3697374660,OTHR,Other
3697374689,HCPR,Healthcare
3697374691,HCPR,Healthcare
3697374694,HCPR,Healthcare
3697374703,OTHR,Other
3697374786,RSCH,Research
3697374786,ANLS,Analytics
3697374786,IT,Information Technology
3697374877,MGMT,Management
3697374877,MNFC,Manufacturing
3697374884,MGMT,Management
3697374884,MNFC,Manufacturing
3697374897,RSCH,Research
3697374897,ANLS,Analytics
3697374897,IT,Information Technology
3697374920,OTHR,Other
3697374928,PRJM,Project Management
3697374928,IT,Information Technology
3694113943,IT,Information Technology
3694113948,RSCH,Research
3694113948,ANLS,Analytics
3694113948,IT,Information Technology
3694113949,SALE,Sales
3694113949,BD,Business Development
3694113952,RSCH,Research
3694113952,ANLS,Analytics
3694113952,IT,Information Technology
3694113963,RSCH,Research
3694113963,ANLS,Analytics
3694113963,IT,Information Technology
3694114856,RSCH,Research
3694114856,ANLS,Analytics
3694114856,IT,Information Technology
3694114872,RSCH,Research
3694114872,ANLS,Analytics
3694114872,IT,Information Technology
3694114891,OTHR,Other
3694114892,QA,Quality Assurance
3694115636,RSCH,Research
3694115636,ANLS,Analytics
3694115636,IT,Information Technology
3694115777,RSCH,Research
3694115777,ANLS,Analytics
3694115777,IT,Information Technology
3694116553,MRKT,Marketing
3694116553,SALE,Sales
3694116570,MGMT,Management
3694116570,MNFC,Manufacturing
3694116596,PRJM,Project Management
3694116596,IT,Information Technology
3694116774,MGMT,Management
3694116774,EDU,Education
3694117549,MGMT,Management
3694117549,MNFC,Manufacturing
3694118308,MRKT,Marketing
3694118308,PR,Public Relations
3694118308,WRT,Writing
3694113923,FIN,Finance
3694113923,SALE,Sales
3694113942,IT,Information Technology
3694113945,ENG,Engineering
3694113945,IT,Information Technology
3694113960,ADM,Administration
3694115583,ENG,Engineering
3694115583,IT,Information Technology
3694115616,IT,Information Technology
3694115752,MGMT,Management
3694115752,MNFC,Manufacturing
3694116588,IT,Information Technology
3694116589,IT,Information Technology
3694117736,HCPR,Healthcare
3694117752,HCPR,Healthcare
3694118518,MGMT,Management
3694118518,MNFC,Manufacturing
3694118537,PRJM,Project Management
3694118537,IT,Information Technology
3694118542,MGMT,Management
3694118542,MNFC,Manufacturing
3694118689,HCPR,Healthcare
3694118701,HCPR,Healthcare
3694112949,HR,Human Resources
3694114895,IT,Information Technology
3694115638,IT,Information Technology
3694118568,IT,Information Technology
3694118572,IT,Information Technology
3694119049,DSGN,Design
3694119049,ART,Arts
3694119049,IT,Information Technology
3694119120,ADM,Administration
3694119128,QA,Quality Assurance
3694119148,OTHR,Other
3694119149,QA,Quality Assurance
3694119280,HCPR,Healthcare
3694119288,HCPR,Healthcare
3694120016,QA,Quality Assurance
3694120017,MRKT,Marketing
3694120017,PR,Public Relations
3694120017,WRT,Writing
3694120030,IT,Information Technology
3694120176,HCPR,Healthcare
3694112930,CUST,Customer Service
3694113885,CUST,Customer Service
3694113993,OTHR,Other
3694114897,CUST,Customer Service
3694115641,SALE,Sales
3694115641,MGMT,Management
3694116523,CUST,Customer Service
3694116540,CUST,Customer Service
3694116621,CUST,Customer Service
3694116639,SALE,Sales
3694116639,BD,Business Development
3694117616,CUST,Customer Service
3694117617,CUST,Customer Service
3694119182,MGMT,Management
3694119182,MNFC,Manufacturing
3694122017,HCPR,Healthcare
3697374929,ACCT,Accounting
3697374929,FIN,Finance
3697374930,CNSL,Consulting
3697374930,IT,Information Technology
3697374930,SALE,Sales
3697374931,SALE,Sales
3697374931,BD,Business Development
3697374934,BD,Business Development
3697374934,SALE,Sales
3697374940,LGL,Legal
3697374957,MGMT,Management
3697374957,MNFC,Manufacturing
3697375532,MGMT,Management
3697375532,MNFC,Manufacturing
3697375545,PRDM,Product Management
3697375596,HCPR,Healthcare
3697375597,HCPR,Healthcare
3697375608,OTHR,Other
3697375609,HCPR,Healthcare
3697375755,MGMT,Management
3697375755,MNFC,Manufacturing
3697375760,GENB,General Business
3697375786,MGMT,Management
3697375786,MNFC,Manufacturing
3697375787,MGMT,Management
3697375787,MNFC,Manufacturing
3697375796,ENG,Engineering
3697375796,IT,Information Technology
3697375802,DSGN,Design
3697375802,ART,Arts
3697375802,IT,Information Technology
3697375803,SALE,Sales
3697375804,FIN,Finance
3697375808,ADM,Administration
3697375812,MGMT,Management
3697375812,MNFC,Manufacturing
3697375819,HCPR,Healthcare
3697375836,ACCT,Accounting
3697375836,FIN,Finance
3697375838,MGMT,Management
3697375838,MNFC,Manufacturing
3697375840,ACCT,Accounting
3697375840,FIN,Finance
3697375844,IT,Information Technology
3697375852,PRJM,Project Management
3697375852,IT,Information Technology
3697375856,ENG,Engineering
3697375856,IT,Information Technology
3697375879,GENB,General Business
3697375879,OTHR,Other
3697375879,HCPR,Healthcare
3697375890,HR,Human Resources
3697375911,ENG,Engineering
3697375911,IT,Information Technology
3697376436,SALE,Sales
3697376461,MGMT,Management
3697376461,MNFC,Manufacturing
3697376488,HCPR,Healthcare
3697376491,HCPR,Healthcare
3697376497,MGMT,Management
3697376497,MNFC,Manufacturing
3697376514,EDU,Education
3697376514,TRNG,Training
3697376675,MGMT,Management
3697376675,MNFC,Manufacturing
3697376681,MGMT,Management
3697376681,MNFC,Manufacturing
3697376687,MGMT,Management
3697376687,MNFC,Manufacturing
3697376689,MGMT,Management
3697376689,MNFC,Manufacturing
3697376706,RSCH,Research
3697376706,ANLS,Analytics
3697376706,IT,Information Technology
3697376707,SALE,Sales
3697376713,QA,Quality Assurance
3697376715,FIN,Finance
3697376715,SALE,Sales
3697376719,LGL,Legal
3697376742,LGL,Legal
3697376746,QA,Quality Assurance
3697376849,IT,Information Technology
3697376920,HCPR,Healthcare
3697376959,HCPR,Healthcare
3697376961,MRKT,Marketing
3697376961,SALE,Sales
3697377238,ENG,Engineering
3697377238,IT,Information Technology
3697377424,IT,Information Technology
3694113999,OTHR,Other
3694114928,EDU,Education
3694114928,TRNG,Training
3694114929,MGMT,Management
3694114929,MNFC,Manufacturing
3694114944,ENG,Engineering
3694114944,IT,Information Technology
3694116648,MGMT,Management
3694116648,MNFC,Manufacturing
3694116656,MGMT,Management
3694116656,MNFC,Manufacturing
3694116657,MGMT,Management
3694116657,MNFC,Manufacturing
3694116668,MGMT,Management
3694116668,MNFC,Manufacturing
3694116676,QA,Quality Assurance
3694117649,MGMT,Management
3694117649,MNFC,Manufacturing
3694117676,ENG,Engineering
3694117676,IT,Information Technology
3694118621,ENG,Engineering
3694118621,IT,Information Technology
3694119216,MGMT,Management
3694119216,MNFC,Manufacturing
3694119217,MGMT,Management
3694119217,MNFC,Manufacturing
3694119227,MGMT,Management
3694119227,MNFC,Manufacturing
3694120072,MGMT,Management
3694120072,MNFC,Manufacturing
3694120108,ACCT,Accounting
3694120108,FIN,Finance
3694121000,MGMT,Management
3694121000,MNFC,Manufacturing
3694121009,ENG,Engineering
3694121009,IT,Information Technology
3694121020,ACCT,Accounting
3694121020,FIN,Finance
3697377459,QA,Quality Assurance
3697377484,MGMT,Management
3697377484,MNFC,Manufacturing
3697377485,ACCT,Accounting
3697377485,FIN,Finance
3697377487,ACCT,Accounting
3697377487,FIN,Finance
3697377491,MGMT,Management
3697377491,MNFC,Manufacturing
3697377509,MGMT,Management
3697377509,MNFC,Manufacturing
3697377662,RSCH,Research
3697377662,ANLS,Analytics
3697377662,IT,Information Technology
3697377672,MGMT,Management
3697377672,MNFC,Manufacturing
3697377694,OTHR,Other
3697377725,PRDM,Product Management
3697377725,MRKT,Marketing
3697377764,OTHR,Other
3697377765,OTHR,Other
3697377766,BD,Business Development
3697377766,SALE,Sales
3697377772,OTHR,Other
3694118647,FIN,Finance
3694118647,SALE,Sales
3694118691,IT,Information Technology
3694118692,OTHR,Other
3694119277,HR,Human Resources
3694119282,ACCT,Accounting
3694119282,FIN,Finance
3694120114,DSGN,Design
3694120114,ART,Arts
3694120114,IT,Information Technology
3694120172,ADM,Administration
3697377779,HCPR,Healthcare
3697377783,MGMT,Management
3697377783,MNFC,Manufacturing
3697377813,FIN,Finance
3697377813,SALE,Sales
3697377814,OTHR,Other
3697377815,HCPR,Healthcare
3697377816,OTHR,Other
3697377819,MGMT,Management
3697377819,MNFC,Manufacturing
3697377820,MGMT,Management
3697377820,MNFC,Manufacturing
3697377824,HR,Human Resources
3697377829,RSCH,Research
3697377830,FIN,Finance
3697377830,SALE,Sales
3697377836,OTHR,Other
3697377840,MRKT,Marketing
3697377840,SALE,Sales
3697377842,OTHR,Other
3697377842,CUST,Customer Service
3697377843,OTHR,Other
3697377852,MGMT,Management
3697377852,MNFC,Manufacturing
3697377853,SALE,Sales
3697377853,BD,Business Development
3697377855,QA,Quality Assurance
3697377858,MGMT,Management
3697377858,MNFC,Manufacturing
3697377859,ACCT,Accounting
3697377859,FIN,Finance
3697377860,OTHR,Other
3697377866,IT,Information Technology
3697377867,HCPR,Healthcare
3697377872,CNSL,Consulting
3697377875,ACCT,Accounting
3697377875,FIN,Finance
3697377878,CNSL,Consulting
3694114970,SALE,Sales
3694114970,BD,Business Development
3694115810,MRKT,Marketing
3694115810,SALE,Sales
3694116678,IT,Information Technology
3694120112,MGMT,Management
3694120112,MNFC,Manufacturing
3694120113,IT,Information Technology
3694120296,IT,Information Technology
3697377888,SALE,Sales
3697377888,BD,Business Development
3697377892,PRJM,Project Management
3697377892,IT,Information Technology
3697377900,OTHR,Other
3697377909,BD,Business Development
3697377909,SALE,Sales
3697377917,HCPR,Healthcare
3697377919,HCPR,Healthcare
3697377935,MNFC,Manufacturing
3697377942,FIN,Finance
3697377942,SALE,Sales
3697377946,IT,Information Technology
3697377956,ENG,Engineering
3697377956,IT,Information Technology
3697377958,ENG,Engineering
3697377958,IT,Information Technology
3697377995,MGMT,Management
3697377995,MNFC,Manufacturing
3697377996,HCPR,Healthcare
3697377997,RSCH,Research
3697377997,ANLS,Analytics
3697377997,IT,Information Technology
3697378220,MGMT,Management
3697378220,MNFC,Manufacturing
3697378240,HCPR,Healthcare
3697378243,MGMT,Management
3697378243,MNFC,Manufacturing
3697378246,ADM,Administration
3697378248,MGMT,Management
3697378248,MNFC,Manufacturing
3697378380,ENG,Engineering
3697378380,IT,Information Technology
3697378403,HCPR,Healthcare
3697378420,MGMT,Management
3697378420,MNFC,Manufacturing
3697378442,FIN,Finance
3697378442,SALE,Sales
3697378443,OTHR,Other
3697378445,MGMT,Management
3697378445,MNFC,Manufacturing
3697378460,ENG,Engineering
3697378460,IT,Information Technology
3697378472,ACCT,Accounting
3697378472,FIN,Finance
3697378473,PRJM,Project Management
3697378473,IT,Information Technology
3697378474,ENG,Engineering
3697378474,IT,Information Technology
3697378475,MGMT,Management
3697378475,MNFC,Manufacturing
3697378477,MGMT,Management
3697378477,MNFC,Manufacturing
3697378478,ACCT,Accounting
3697378478,FIN,Finance
3697378479,ACCT,Accounting
3697378479,FIN,Finance
3697378486,HCPR,Healthcare
3697378492,ENG,Engineering
3697378492,IT,Information Technology
3697378505,HCPR,Healthcare
3697378528,GENB,General Business
3697378528,OTHR,Other
3697378528,HCPR,Healthcare
3697378717,HCPR,Healthcare
3697378751,HCPR,Healthcare
3697378755,MGMT,Management
3697378755,MNFC,Manufacturing
3697378756,MGMT,Management
3697378756,MNFC,Manufacturing
3697378758,MGMT,Management
3697378758,MNFC,Manufacturing
3697378785,MGMT,Management
3697378785,MNFC,Manufacturing
3697378788,IT,Information Technology
3697378790,FIN,Finance
3697378790,SALE,Sales
3697378808,HCPR,Healthcare
3697378809,OTHR,Other
3697378819,OTHR,Other
3697378826,SALE,Sales
3697378829,PRCH,Procurement
3697378829,SUPL,Supply Chain
3697378836,DSGN,Design
3697378836,ART,Arts
3697378836,IT,Information Technology
3697378837,OTHR,Other
3697378843,OTHR,Other
3697378846,HCPR,Healthcare
3697378847,OTHR,Other
3697378850,SALE,Sales
3697378850,BD,Business Development
3697378851,OTHR,Other
3697378856,HCPR,Healthcare
3697378861,DSGN,Design
3697378861,ART,Arts
3697378861,IT,Information Technology
3697378862,ENG,Engineering
3697378862,IT,Information Technology
3697378874,MGMT,Management
3697378882,IT,Information Technology
3694117943,FIN,Finance
3694117943,SALE,Sales
3694118744,ENG,Engineering
3694118744,IT,Information Technology
3694119237,FIN,Finance
3694119237,SALE,Sales
3694120208,EDU,Education
3694120208,TRNG,Training
3694122049,DSGN,Design
3694122049,ART,Arts
3694122049,IT,Information Technology
3697378892,PRDM,Product Management
3697378892,MRKT,Marketing
3697378901,HCPR,Healthcare
3697378936,MGMT,Management
3697378936,MNFC,Manufacturing
3697378939,IT,Information Technology
3697378971,HCPR,Healthcare
3697378986,MGMT,Management
3697378986,MNFC,Manufacturing
3697378988,MGMT,Management
3697378988,MNFC,Manufacturing
3697378992,MGMT,Management
3697378992,MNFC,Manufacturing
3697379150,HR,Human Resources
3697379196,HCPR,Healthcare
3697379251,OTHR,Other
3697379343,MGMT,Management
3697379343,MNFC,Manufacturing
3697379347,MGMT,Management
3697379347,MNFC,Manufacturing
3697379365,RSCH,Research
3697379365,ANLS,Analytics
3697379365,IT,Information Technology
3697379366,SALE,Sales
3697379379,IT,Information Technology
3697379407,BD,Business Development
3697379407,SALE,Sales
3697379411,ACCT,Accounting
3697379411,FIN,Finance
3697379418,ACCT,Accounting
3697379418,FIN,Finance
3697379419,FIN,Finance
3697379419,SALE,Sales
3697379420,ACCT,Accounting
3697379420,FIN,Finance
3697379450,MGMT,Management
3697379450,MNFC,Manufacturing
3697379632,OTHR,Other
3697379652,ENG,Engineering
3697379652,IT,Information Technology
3697379705,MGMT,Management
3697379705,MNFC,Manufacturing
3697379714,DSGN,Design
3697379714,ART,Arts
3697379714,IT,Information Technology
3697379715,MGMT,Management
3697379715,MNFC,Manufacturing
3697379720,MGMT,Management
3697379720,MNFC,Manufacturing
3697379724,MGMT,Management
3697379724,MNFC,Manufacturing
3697379727,HCPR,Healthcare
3697379730,MGMT,Management
3697379730,MNFC,Manufacturing
3697379739,ENG,Engineering
3697379739,IT,Information Technology
3697379741,HCPR,Healthcare
3697379753,MGMT,Management
3697379753,MNFC,Manufacturing
3697379754,MGMT,Management
3697379754,MNFC,Manufacturing
3697379766,HCPR,Healthcare
3697379781,OTHR,Other
3697379782,OTHR,Other
3697379786,OTHR,Other
3697379795,MGMT,Management
3697379795,MNFC,Manufacturing
3697379800,HCPR,Healthcare
3697379802,MGMT,Management
3697379802,MNFC,Manufacturing
3697379803,HCPR,Healthcare
3697379804,OTHR,Other
3697379807,OTHR,Other
3689601907,SALE,Sales
3689601907,MGMT,Management
3690611859,LGL,Legal
3690652915,SALE,Sales
3690652915,BD,Business Development
3694115484,MRKT,Marketing
3694115928,OTHR,Other
3694116794,MGMT,Management
3694116794,MNFC,Manufacturing
3694117805,BD,Business Development
3694117805,SALE,Sales
3694118775,RSCH,Research
3694118775,ANLS,Analytics
3694118775,IT,Information Technology
3694120227,ENG,Engineering
3694120227,IT,Information Technology
3694122073,OTHR,Other
3697379808,SALE,Sales
3697379808,BD,Business Development
3697379810,MGMT,Management
3697379810,MNFC,Manufacturing
3697379812,PRJM,Project Management
3697379812,IT,Information Technology
3697379813,OTHR,Other
3697379814,HCPR,Healthcare
3697379817,ACCT,Accounting
3697379817,FIN,Finance
3697379833,OTHR,Other
3694117810,MGMT,Management
3694117810,MNFC,Manufacturing
3694118793,EDU,Education
3694118793,TRNG,Training
3694120216,ENG,Engineering
3694120216,IT,Information Technology
3697379840,IT,Information Technology
3697379844,SALE,Sales
3697379844,BD,Business Development
3697379856,OTHR,Other
3697379874,HCPR,Healthcare
3697379876,ENG,Engineering
3697379876,IT,Information Technology
3697379885,CUST,Customer Service
3697379897,ENG,Engineering
3697379897,IT,Information Technology
3697379921,HR,Human Resources
3697379928,HCPR,Healthcare
3697379931,HCPR,Healthcare
3697379933,DSGN,Design
3697379933,CNSL,Consulting
3697379933,ENG,Engineering
3697379934,DSGN,Design
3697379934,CNSL,Consulting
3697379934,ENG,Engineering
3697379940,ENG,Engineering
3697379940,IT,Information Technology
3697379955,MGMT,Management
3697379955,MNFC,Manufacturing
3697379958,OTHR,Other
3697379974,MGMT,Management
3697379974,MNFC,Manufacturing
3697379981,HCPR,Healthcare
3697380115,QA,Quality Assurance
3697380116,ENG,Engineering
3697380116,IT,Information Technology
3697380162,ACCT,Accounting
3697380162,FIN,Finance
3697380164,SALE,Sales
3697380165,RSCH,Research
3697380165,ANLS,Analytics
3697380165,IT,Information Technology
3697380169,QA,Quality Assurance
3697380211,PRDM,Product Management
3697380211,MRKT,Marketing
3697380226,HCPR,Healthcare
3697380227,HCPR,Healthcare
3697380228,MGMT,Management
3697380228,MNFC,Manufacturing
3697380250,GENB,General Business
3697380250,OTHR,Other
3697380250,HCPR,Healthcare
3697380484,GENB,General Business
3697380484,IT,Information Technology
3697380484,ENG,Engineering
3697380490,OTHR,Other
3697380499,MGMT,Management
3697380499,MNFC,Manufacturing
3697380502,RSCH,Research
3697380502,ANLS,Analytics
3697380502,IT,Information Technology
3697380509,MGMT,Management
3697380509,MNFC,Manufacturing
3697380512,OTHR,Other
3697380520,FIN,Finance
3697380520,SALE,Sales
3697380522,DSGN,Design
3697380522,CNSL,Consulting
3697380522,ENG,Engineering
3697380523,DSGN,Design
3697380523,ART,Arts
3697380523,IT,Information Technology
3697380530,MGMT,Management
3697380530,MNFC,Manufacturing
3697380531,HCPR,Healthcare
3697380541,MGMT,Management
3697380541,MNFC,Manufacturing
3697380544,MGMT,Management
3697380544,MNFC,Manufacturing
3697380552,SCI,Science
3697380554,SALE,Sales
3697380554,BD,Business Development
3697380564,MGMT,Management
3697380564,MNFC,Manufacturing
3697380565,MGMT,Management
3697380565,MNFC,Manufacturing
3697380566,MGMT,Management
3697380566,MNFC,Manufacturing
3697380572,HCPR,Healthcare
3697380578,OTHR,Other
3697380581,BD,Business Development
3697380581,SALE,Sales
3697380583,SALE,Sales
3697380583,BD,Business Development
3697380586,HCPR,Healthcare
3697380587,FIN,Finance
3697380587,SALE,Sales
3697380591,MGMT,Management
3697380591,MNFC,Manufacturing
3697380594,MGMT,Management
3697380604,ACCT,Accounting
3697380604,FIN,Finance
3697380633,SALE,Sales
3697380633,BD,Business Development
3697380634,ENG,Engineering
3697380703,HCPR,Healthcare
3697380712,MGMT,Management
3697380712,MNFC,Manufacturing
3697380713,PRJM,Project Management
3697380713,BD,Business Development
3697380713,SCI,Science
3697380729,MGMT,Management
3697380729,MNFC,Manufacturing
3697380731,MGMT,Management
3697380731,MNFC,Manufacturing
3697380736,FIN,Finance
3697380736,SALE,Sales
3697380739,FIN,Finance
3697380739,SALE,Sales
3697380741,HCPR,Healthcare
3690417417,MGMT,Management
3690417417,MNFC,Manufacturing
3690464312,MGMT,Management
3690464312,MNFC,Manufacturing
3690637337,ADM,Administration
3690811863,SALE,Sales
3690811863,BD,Business Development
3690813079,FIN,Finance
3690813079,SALE,Sales
3690815771,SALE,Sales
3690815771,MGMT,Management
3690830913,ADM,Administration
3690830913,HR,Human Resources
3690888827,OTHR,Other
3694115863,MGMT,Management
3694115863,MNFC,Manufacturing
3694116833,BD,Business Development
3694116833,SALE,Sales
3694117844,BD,Business Development
3694117844,SALE,Sales
3694117845,BD,Business Development
3694117845,SALE,Sales
3694117862,PRCH,Procurement
3694117862,SUPL,Supply Chain
3694118809,SALE,Sales
3694118809,BD,Business Development
3694118819,BD,Business Development
3694118819,SALE,Sales
3694119504,IT,Information Technology
3694120257,SALE,Sales
3694120257,BD,Business Development
3694122107,QA,Quality Assurance
3694122117,BD,Business Development
3694122117,SALE,Sales
3697380760,HCPR,Healthcare
3697380768,MGMT,Management
3697380768,MNFC,Manufacturing
3697380846,GENB,General Business
3697380908,SALE,Sales
3697380908,BD,Business Development
3697380970,MGMT,Management
3697380970,MNFC,Manufacturing
3697380977,MGMT,Management
3697380977,MNFC,Manufacturing
3697381062,MGMT,Management
3697381062,MNFC,Manufacturing
3697381079,SALE,Sales
3697381099,HCPR,Healthcare
3697381104,MGMT,Management
3697381104,MNFC,Manufacturing
3697381113,ACCT,Accounting
3697381113,FIN,Finance
3697381114,ACCT,Accounting
3697381114,FIN,Finance
3690290550,MRKT,Marketing
3690290550,SALE,Sales
3690468614,FIN,Finance
3690468614,SALE,Sales
3697381115,LGL,Legal
3697381117,ACCT,Accounting
3697381117,FIN,Finance
3697381118,MGMT,Management
3697381118,MNFC,Manufacturing
3697381119,DSGN,Design
3697381119,ART,Arts
3697381119,IT,Information Technology
3697381123,HCPR,Healthcare
3697381126,PRDM,Product Management
3697381126,MRKT,Marketing
3697381135,PRJM,Project Management
3697381135,IT,Information Technology
3697381142,MGMT,Management
3697381142,MNFC,Manufacturing
3697381322,MGMT,Management
3697381322,MNFC,Manufacturing
3697381329,MGMT,Management
3697381329,MNFC,Manufacturing
3697381361,SALE,Sales
3697381361,BD,Business Development
3697381368,HCPR,Healthcare
3697381410,PRJM,Project Management
3697381410,PRDM,Product Management
3697381417,MGMT,Management
3697381417,MNFC,Manufacturing
3697381420,MGMT,Management
3697381420,MNFC,Manufacturing
3697381425,SALE,Sales
3697381425,BD,Business Development
3697381426,HCPR,Healthcare
3697381430,HCPR,Healthcare
3697381432,IT,Information Technology
3697381434,RSCH,Research
3697381434,ANLS,Analytics
3697381434,IT,Information Technology
3697381435,SALE,Sales
3697381435,BD,Business Development
3697381436,MGMT,Management
3697381436,MNFC,Manufacturing
3697381437,MGMT,Management
3697381437,MNFC,Manufacturing
3697381439,MGMT,Management
3697381439,MNFC,Manufacturing
3697381440,MGMT,Management
3697381440,MNFC,Manufacturing
3697381442,HCPR,Healthcare
3697381445,DSGN,Design
3697381445,ART,Arts
3697381445,IT,Information Technology
3697381450,MGMT,Management
3697381450,MNFC,Manufacturing
3697381451,HCPR,Healthcare
3694116875,ENG,Engineering
3694116875,IT,Information Technology
3694117896,IT,Information Technology
3694119410,IT,Information Technology
3694121250,IT,Information Technology
3694121253,IT,Information Technology
3697381465,MRKT,Marketing
3697381465,SALE,Sales
3697381466,HCPR,Healthcare
3697381476,HCPR,Healthcare
3697381477,HCPR,Healthcare
3697381490,HR,Human Resources
3697381491,HCPR,Healthcare
3697381492,MGMT,Management
3697381492,MNFC,Manufacturing
3697381494,EDU,Education
3697381494,TRNG,Training
3697381498,ACCT,Accounting
3697381498,FIN,Finance
3697381504,OTHR,Other
3697381505,ACCT,Accounting
3697381505,FIN,Finance
3697381509,OTHR,Other
3690604864,BD,Business Development
3690604864,SALE,Sales
3690610800,ACCT,Accounting
3690610800,FIN,Finance
3690844336,IT,Information Technology
3694115815,MGMT,Management
3694115815,MNFC,Manufacturing
3694116790,ENG,Engineering
3694116790,IT,Information Technology
3694116804,MGMT,Management
3694116804,MNFC,Manufacturing
3694117918,OTHR,Other
3694118789,MGMT,Management
3694118789,MNFC,Manufacturing
3694119330,OTHR,Other
3694119332,ACCT,Accounting
3694119332,FIN,Finance
3694119409,MGMT,Management
3694119409,MNFC,Manufacturing
3694120229,FIN,Finance
3694120229,SALE,Sales
3694120231,OTHR,Other
3694120234,FIN,Finance
3694120234,SALE,Sales
3694121168,MGMT,Management
3694121168,MNFC,Manufacturing
3694121169,MGMT,Management
3694121169,MNFC,Manufacturing
3694121173,FIN,Finance
3694121173,SALE,Sales
3694115832,IT,Information Technology
3694116806,IT,Information Technology
3694116807,IT,Information Technology
3694116814,IT,Information Technology
3694116815,BD,Business Development
3694116817,IT,Information Technology
3694116841,FIN,Finance
3694117821,IT,Information Technology
3694118788,BD,Business Development
3694119351,IT,Information Technology
3694119354,IT,Information Technology
3694120253,IT,Information Technology
3694121190,OTHR,Other
3694121199,OTHR,Other
3694122096,OTHR,Other
3694122101,SCI,Science
3694122103,IT,Information Technology
3690458930,HCPR,Healthcare
3690496660,SALE,Sales
3690496660,BD,Business Development
3690601234,ACCT,Accounting
3690601234,FIN,Finance
3690614159,ACCT,Accounting
3690614159,FIN,Finance
3690650655,SALE,Sales
3690650655,BD,Business Development
3690671085,OTHR,Other
3690689188,OTHR,Other
3690841300,MGMT,Management
3690841300,MNFC,Manufacturing
3694117975,ADM,Administration
3694122335,IT,Information Technology
3697381511,DSGN,Design
3697381511,ART,Arts
3697381511,IT,Information Technology
3697381513,OTHR,Other
3697381514,OTHR,Other
3697381516,MRKT,Marketing
3697381516,SALE,Sales
3697381524,QA,Quality Assurance
3697381530,ENG,Engineering
3697381530,IT,Information Technology
3697381531,MGMT,Management
3697381531,MNFC,Manufacturing
3697381532,SALE,Sales
3697381532,BD,Business Development
3697381540,ENG,Engineering
3697381540,IT,Information Technology
3697381541,MGMT,Management
3697381541,MNFC,Manufacturing
3697381542,PRJM,Project Management
3697381542,IT,Information Technology
3697381549,MGMT,Management
3697381549,MNFC,Manufacturing
3697381552,SALE,Sales
3697381552,BD,Business Development
3697381555,SALE,Sales
3697381555,BD,Business Development
3697381556,IT,Information Technology
3697381580,HCPR,Healthcare
3697381588,HCPR,Healthcare
3697381597,ENG,Engineering
3697381597,IT,Information Technology
3697381628,GENB,General Business
3697381628,OTHR,Other
3697381628,HCPR,Healthcare
3697381633,ENG,Engineering
3697381633,IT,Information Technology
3697381638,PRJM,Project Management
3697381638,IT,Information Technology
3697381662,IT,Information Technology
3697381663,MGMT,Management
3697381663,MNFC,Manufacturing
3690418699,MGMT,Management
3690418699,MNFC,Manufacturing
3694116860,HCPR,Healthcare
3694116928,MGMT,Management
3694116928,MNFC,Manufacturing
3694116933,ENG,Engineering
3694116933,IT,Information Technology
3694121308,MGMT,Management
3694121308,MNFC,Manufacturing
3697381669,DSGN,Design
3697381669,CNSL,Consulting
3697381669,ENG,Engineering
3697381690,MGMT,Management
3697381690,MNFC,Manufacturing
3697381694,OTHR,Other
3697381699,HCPR,Healthcare
3697381711,OTHR,Other
3697381713,HCPR,Healthcare
3697381728,OTHR,Other
3697381816,MGMT,Management
3697381816,MNFC,Manufacturing
3697381920,MGMT,Management
3697381920,MNFC,Manufacturing
3697381922,CUST,Customer Service
3697381935,MGMT,Management
3697381935,MNFC,Manufacturing
3697381971,PRJM,Project Management
3697381971,IT,Information Technology
3697381990,BD,Business Development
3697381990,SALE,Sales
3697382113,RSCH,Research
3697382113,ANLS,Analytics
3697382113,IT,Information Technology
3697382148,ENG,Engineering
3697382148,IT,Information Technology
3697382149,MGMT,Management
3697382149,MNFC,Manufacturing
3697382154,HCPR,Healthcare
3697382159,CNSL,Consulting
3697382159,IT,Information Technology
3697382159,SALE,Sales
3697382203,MGMT,Management
3697382203,MNFC,Manufacturing
3697382213,OTHR,Other
3697382214,OTHR,Other
3697382227,ENG,Engineering
3697382227,IT,Information Technology
3697382230,MGMT,Management
3697382230,MNFC,Manufacturing
3697382244,OTHR,Other
3697382244,CNSL,Consulting
3697382244,ENG,Engineering
3697382257,QA,Quality Assurance
3697382265,OTHR,Other
3697382266,EDU,Education
3697382266,TRNG,Training
3694115960,MGMT,Management
3694115960,MNFC,Manufacturing
3694117945,SALE,Sales
3694117945,BD,Business Development
3694120381,MGMT,Management
3694120381,MNFC,Manufacturing
3694120439,ACCT,Accounting
3694120439,FIN,Finance
3694121320,SALE,Sales
3694121320,BD,Business Development
3694124110,MGMT,Management
3694126099,FIN,Finance
3694126099,SALE,Sales
3697382267,HR,Human Resources
3697382274,FIN,Finance
3697382274,SALE,Sales
3697382280,MGMT,Management
3697382280,MNFC,Manufacturing
3697382282,SCI,Science
3697382291,OTHR,Other
3697382293,OTHR,Other
3697382299,SALE,Sales
3697382299,MGMT,Management
3697382308,MGMT,Management
3697382308,MNFC,Manufacturing
3697382309,IT,Information Technology
3697382310,OTHR,Other
3694118155,HR,Human Resources
3694119620,SALE,Sales
3694119620,BD,Business Development
3694119622,ACCT,Accounting
3694119622,FIN,Finance
3694120300,ENG,Engineering
3694120300,IT,Information Technology
3694121236,OTHR,Other
3694122140,IT,Information Technology
3697382312,OTHR,Other
3697382313,MGMT,Management
3697382313,MNFC,Manufacturing
3697382314,MGMT,Management
3697382314,MNFC,Manufacturing
3697382315,OTHR,Other
3697382316,IT,Information Technology
3697382319,OTHR,Other
3697382327,MGMT,Management
3697382327,MNFC,Manufacturing
3697382338,SALE,Sales
3697382338,BD,Business Development
3697382340,SALE,Sales
3697382340,BD,Business Development
3697382341,SALE,Sales
3697382341,BD,Business Development
3697382343,OTHR,Other
3697382344,SALE,Sales
3697382344,BD,Business Development
3697382345,OTHR,Other
3697382361,IT,Information Technology
3697382365,MGMT,Management
3697382365,MNFC,Manufacturing
3697382371,HCPR,Healthcare
3697382377,SALE,Sales
3697382377,BD,Business Development
3697382388,IT,Information Technology
3697382408,GENB,General Business
3697382408,OTHR,Other
3697382408,HCPR,Healthcare
3697382411,ENG,Engineering
3697382411,IT,Information Technology
3697382495,SALE,Sales
3697382495,BD,Business Development
3697382531,MNFC,Manufacturing
3697382576,FIN,Finance
3697382656,HCPR,Healthcare
3697382776,OTHR,Other
3697382780,OTHR,Other
3697382783,SALE,Sales
3697382788,HR,Human Resources
3697382792,FIN,Finance
3697382792,SALE,Sales
3697382793,OTHR,Other
3697382806,HCPR,Healthcare
3697382812,SALE,Sales
3697382812,BD,Business Development
3697382819,CUST,Customer Service
3697382820,OTHR,Other
3697382821,ACCT,Accounting
3697382823,HCPR,Healthcare
3697382824,ADM,Administration
3697382831,FIN,Finance
3697382831,SALE,Sales
3697382866,ART,Arts
3697382866,MGMT,Management
3697382866,CUST,Customer Service
3697382867,ART,Arts
3697382867,MGMT,Management
3697382867,CUST,Customer Service
3697382874,MGMT,Management
3697382874,MNFC,Manufacturing
3697382879,OTHR,Other
3697382880,IT,Information Technology
3697382904,ENG,Engineering
3697382904,IT,Information Technology
3697382917,HCPR,Healthcare
3690840360,FIN,Finance
3690840360,SALE,Sales
3694114968,OTHR,Other
3694116856,FIN,Finance
3694116856,ACCT,Accounting
3694117691,OTHR,Other
3694117860,MRKT,Marketing
3694117860,PR,Public Relations
3694117860,WRT,Writing
3694118823,ENG,Engineering
3694118823,IT,Information Technology
3694118826,PRDM,Product Management
3694118826,MRKT,Marketing
3694118838,IT,Information Technology
3694119381,FIN,Finance
3694119381,SALE,Sales
3694120280,ENG,Engineering
3694120280,IT,Information Technology
3694120284,GENB,General Business
3694120284,MGMT,Management
3694120284,BD,Business Development
3694120286,MGMT,Management
3694120286,MNFC,Manufacturing
3694121228,ADM,Administration
3694121229,ADM,Administration
3694122128,ENG,Engineering
3694122128,IT,Information Technology
3697382919,SALE,Sales
3697382919,BD,Business Development
3697382920,MGMT,Management
3697382920,MNFC,Manufacturing
3697382921,OTHR,Other
3697382975,PRJM,Project Management
3697382975,IT,Information Technology
3697382977,FIN,Finance
3697382977,SALE,Sales
3697382991,MGMT,Management
3697382991,MNFC,Manufacturing
3697382994,RSCH,Research
3697382994,ANLS,Analytics
3697382994,IT,Information Technology
3697382998,RSCH,Research
3697382998,ANLS,Analytics
3697382998,IT,Information Technology
3697383020,ENG,Engineering
3697383020,IT,Information Technology
3697383038,MGMT,Management
3697383038,MNFC,Manufacturing
3697383116,HCPR,Healthcare
3697383120,DSGN,Design
3697383120,ART,Arts
3697383120,IT,Information Technology
3697383131,MGMT,Management
3697383131,MNFC,Manufacturing
3697383132,MGMT,Management
3697383132,MNFC,Manufacturing
3697383150,HCPR,Healthcare
3697383156,HCPR,Healthcare
3697383164,EDU,Education
3697383164,TRNG,Training
3697383165,HCPR,Healthcare
3690420325,MRKT,Marketing
3690420325,STRA,Strategy
3690420325,SALE,Sales
3690489493,ACCT,Accounting
3690489493,FIN,Finance
3694115886,MGMT,Management
3694115886,MNFC,Manufacturing
3694117885,HCPR,Healthcare
3694118848,HCPR,Healthcare
3694118993,FIN,Finance
3694119650,ADM,Administration
3694121364,ADM,Administration
3694122141,FIN,Finance
3694122141,ACCT,Accounting
3694122267,ENG,Engineering
3697383166,HCPR,Healthcare
3697383167,HCPR,Healthcare
3697383168,HCPR,Healthcare
3697383170,OTHR,Other
3697383171,MGMT,Management
3697383171,MNFC,Manufacturing
3697383176,OTHR,Other
3697383177,MRKT,Marketing
3697383177,SALE,Sales
3697383183,OTHR,Other
3697383200,MGMT,Management
3697383203,OTHR,Other
3697383204,ACCT,Accounting
3697383204,FIN,Finance
3697383206,OTHR,Other
3697383210,OTHR,Other
3697383212,ENG,Engineering
3697383212,IT,Information Technology
3697383213,BD,Business Development
3697383213,SALE,Sales
3697383226,MGMT,Management
3697383226,MNFC,Manufacturing
3697383232,MGMT,Management
3697383232,MNFC,Manufacturing
3697383237,PRDM,Product Management
3697383237,MRKT,Marketing
3697383253,BD,Business Development
3697383253,SALE,Sales
3697383255,OTHR,Other
3697383275,MGMT,Management
3697383275,MNFC,Manufacturing
3697383276,ADM,Administration
3697383283,SALE,Sales
3697383283,BD,Business Development
3697383288,HCPR,Healthcare
3655683358,SALE,Sales
3655683358,BD,Business Development
3694116920,BD,Business Development
3694116920,SALE,Sales
3694117939,BD,Business Development
3694117939,SALE,Sales
3694117995,MNFC,Manufacturing
3694119519,SUPL,Supply Chain
3694119536,HCPR,Healthcare
3694120419,MNFC,Manufacturing
3694120551,SALE,Sales
3694120551,BD,Business Development
3694120551,MGMT,Management
3694121303,SALE,Sales
3694121371,MNFC,Manufacturing
3694121378,MNFC,Manufacturing
3694124019,HCPR,Healthcare
3697383327,MGMT,Management
3697383327,MNFC,Manufacturing
3697383329,FIN,Finance
3697383329,SALE,Sales
3697383339,ENG,Engineering
3697383339,IT,Information Technology
3697383340,OTHR,Other
3697383341,IT,Information Technology
3690635702,IT,Information Technology
3694120263,ACCT,Accounting
3694120263,FIN,Finance
3694120560,IT,Information Technology
3694123046,FIN,Finance
3694123046,SALE,Sales
3694125008,FIN,Finance
3694125008,SALE,Sales
3697383346,EDU,Education
3697383346,ADM,Administration
3697383360,ENG,Engineering
3697383379,HR,Human Resources
3697383426,GENB,General Business
3697383427,MRKT,Marketing
3697383427,SALE,Sales
3697383484,ACCT,Accounting
3697383484,FIN,Finance
3697383554,MGMT,Management
3697383554,MNFC,Manufacturing
3697383568,SALE,Sales
3697383568,BD,Business Development
3697383578,BD,Business Development
3697383578,SALE,Sales
3697383601,RSCH,Research
3697383601,ANLS,Analytics
3697383601,IT,Information Technology
3697383621,ACCT,Accounting
3697383621,FIN,Finance
3697383622,SALE,Sales
3694124168,SALE,Sales
3694124168,BD,Business Development
3697383631,OTHR,Other
3697383636,MRKT,Marketing
3697383636,SALE,Sales
3697383644,HCPR,Healthcare
3697383646,EDU,Education
3697383646,TRNG,Training
3697383660,CUST,Customer Service
3697383663,SALE,Sales
3697383663,BD,Business Development
3697383672,PRDM,Product Management
3697383672,MRKT,Marketing
3697383704,MGMT,Management
3697383704,MNFC,Manufacturing
3697383705,MGMT,Management
3697383705,MNFC,Manufacturing
3697383708,MGMT,Management
3697383708,MNFC,Manufacturing
3697383744,RSCH,Research
3697383744,ANLS,Analytics
3697383744,IT,Information Technology
3697383745,RSCH,Research
3697383745,SCI,Science
3697383756,SALE,Sales
3697383756,BD,Business Development
3697383763,PRJM,Project Management
3697383763,IT,Information Technology
3697383764,ENG,Engineering
3697383764,IT,Information Technology
3697383765,GENB,General Business
3697383765,HR,Human Resources
3697383765,CUST,Customer Service
3694119589,MGMT,Management
3694119589,MNFC,Manufacturing
3694121445,LGL,Legal
3694123100,MGMT,Management
3694123100,MNFC,Manufacturing
3694126063,MGMT,Management
3694126063,MNFC,Manufacturing
3697383766,OTHR,Other
3697383770,EDU,Education
3697383770,TRNG,Training
3697383771,MGMT,Management
3697383771,MNFC,Manufacturing
3697383772,ENG,Engineering
3697383772,IT,Information Technology
3697383775,MGMT,Management
3697383775,MNFC,Manufacturing
3697383777,MRKT,Marketing
3697383777,SALE,Sales
3697383781,PRDM,Product Management
3697383781,MRKT,Marketing
3697383808,IT,Information Technology
3697383839,CNSL,Consulting
3697383839,IT,Information Technology
3697383839,SALE,Sales
3697383840,CNSL,Consulting
3697383840,IT,Information Technology
3697383840,SALE,Sales
3697383841,RSCH,Research
3697383841,ANLS,Analytics
3697383841,IT,Information Technology
3697383842,ENG,Engineering
3697383842,IT,Information Technology
3697383843,HCPR,Healthcare
3690471580,HCPR,Healthcare
3694120480,HCPR,Healthcare
3694120481,HCPR,Healthcare
3694120493,HCPR,Healthcare
3694121393,MGMT,Management
3694121393,MNFC,Manufacturing
3694121400,HCPR,Healthcare
3694121416,OTHR,Other
3694121425,HCPR,Healthcare
3694121432,MGMT,Management
3694121432,MNFC,Manufacturing
3694121437,MGMT,Management
3694121437,MNFC,Manufacturing
3694121441,MGMT,Management
3694121441,MNFC,Manufacturing
3694122296,MGMT,Management
3694122296,MNFC,Manufacturing
3694122305,MGMT,Management
3694122305,MNFC,Manufacturing
3694122312,MGMT,Management
3694122312,MNFC,Manufacturing
3694122317,MGMT,Management
3694122317,MNFC,Manufacturing
3694122321,MGMT,Management
3694122321,MNFC,Manufacturing
3694122328,HCPR,Healthcare
3694126059,SALE,Sales
3694126059,BD,Business Development
3697383845,HCPR,Healthcare
3697383846,RSCH,Research
3697383846,ANLS,Analytics
3697383846,IT,Information Technology
3697383848,RSCH,Research
3697383848,ANLS,Analytics
3697383848,IT,Information Technology
3697383849,ADM,Administration
3697383850,HCPR,Healthcare
3697383853,MRKT,Marketing
3697383853,PR,Public Relations
3697383853,WRT,Writing
3697383865,DSGN,Design
3697383865,ENG,Engineering
3697383875,MGMT,Management
3697383875,MNFC,Manufacturing
3697383879,FIN,Finance
3697383879,SALE,Sales
3697383881,OTHR,Other
3697383891,BD,Business Development
3697383897,IT,Information Technology
3697383897,ENG,Engineering
3697383908,SALE,Sales
3697383908,GENB,General Business
3697383908,CUST,Customer Service
3697383943,OTHR,Other
3697383944,BD,Business Development
3697383944,SALE,Sales
3697383953,SALE,Sales
3697383953,BD,Business Development
3697383967,EDU,Education
3697383968,MRKT,Marketing
3697383972,MRKT,Marketing
3697383972,SALE,Sales
3697383978,HCPR,Healthcare
3697383998,MRKT,Marketing
3697383998,SALE,Sales
3697384004,ADM,Administration
3697384010,HCPR,Healthcare
3697384019,MGMT,Management
3697384019,MNFC,Manufacturing
3697384021,MGMT,Management
3697384021,MNFC,Manufacturing
3697384023,OTHR,Other
3697384023,IT,Information Technology
3697384023,MGMT,Management
3697384028,MGMT,Management
3697384028,MNFC,Manufacturing
3697384045,FIN,Finance
3697384045,SALE,Sales
3697384059,DSGN,Design
3697384059,CNSL,Consulting
3697384059,ENG,Engineering
3697384072,HCPR,Healthcare
3697384075,MGMT,Management
3697384075,MNFC,Manufacturing
3697384079,EDU,Education
3697384079,TRNG,Training
3697384080,EDU,Education
3697384080,TRNG,Training
3690836590,LGL,Legal
3690885518,OTHR,Other
3697384083,PRJM,Project Management
3697384083,IT,Information Technology
3697384086,MGMT,Management
3697384086,MNFC,Manufacturing
3697384104,MGMT,Management
3697384104,MNFC,Manufacturing
3697384109,SALE,Sales
3697384109,BD,Business Development
3697384116,HCPR,Healthcare
3697384117,HCPR,Healthcare
3697384118,HCPR,Healthcare
3697384120,HR,Human Resources
3697384121,OTHR,Other
3697384124,MGMT,Management
3697384124,MNFC,Manufacturing
3697384129,ACCT,Accounting
3697384129,FIN,Finance
3697384132,ENG,Engineering
3697384132,IT,Information Technology
3697384133,ENG,Engineering
3697384133,IT,Information Technology
3697384135,HCPR,Healthcare
3697384147,SALE,Sales
3697384147,BD,Business Development
3697384153,MGMT,Management
3697384153,MNFC,Manufacturing
3697384169,HCPR,Healthcare
3697384174,HCPR,Healthcare
3697384207,ENG,Engineering
3697384207,IT,Information Technology
3697384210,ENG,Engineering
3697384210,IT,Information Technology
3697384239,ADM,Administration
3697384245,HCPR,Healthcare
3697384264,MGMT,Management
3697384264,MNFC,Manufacturing
3697384268,MGMT,Management
3697384268,MNFC,Manufacturing
3697384288,ENG,Engineering
3697384288,IT,Information Technology
3697384290,OTHR,Other
3697384292,HR,Human Resources
3697384298,OTHR,Other
3697384300,IT,Information Technology
3697384345,HR,Human Resources
3697384348,HR,Human Resources
3697384349,MGMT,Management
3697384349,MNFC,Manufacturing
3697384386,IT,Information Technology
3697384451,MGMT,Management
3697384451,MNFC,Manufacturing
3697384502,SALE,Sales
3697384502,BD,Business Development
3697384586,SALE,Sales
3697384587,OTHR,Other
3697384597,BD,Business Development
3697384597,SALE,Sales
3697384610,ENG,Engineering
3697384610,IT,Information Technology
3697384612,SALE,Sales
3697384612,BD,Business Development
3697384616,OTHR,Other
3697384617,DSGN,Design
3697384617,ART,Arts
3697384617,IT,Information Technology
3697384618,SALE,Sales
3697384618,PR,Public Relations
3697384618,MRKT,Marketing
3697384619,CUST,Customer Service
3697384626,QA,Quality Assurance
3697384629,PRDM,Product Management
3697384629,MRKT,Marketing
3697384632,EDU,Education
3697384632,TRNG,Training
3697384660,ART,Arts
3697384660,MGMT,Management
3697384660,CUST,Customer Service
3697384662,MGMT,Management
3697384662,MNFC,Manufacturing
3697384666,MGMT,Management
3697384666,MNFC,Manufacturing
3697384671,IT,Information Technology
3697384680,FIN,Finance
3697384680,SALE,Sales
3697384693,IT,Information Technology
3697384694,MGMT,Management
3697384694,MNFC,Manufacturing
3697384694,CUST,Customer Service
3697384718,SALE,Sales
3697384718,BD,Business Development
3697384719,PRDM,Product Management
3697384719,MRKT,Marketing
3697384722,PRDM,Product Management
3697384722,MRKT,Marketing
3697384723,MGMT,Management
3697384723,MNFC,Manufacturing
3697384729,OTHR,Other
3697384731,OTHR,Other
3697384753,ACCT,Accounting
3697384753,FIN,Finance
3697384771,SALE,Sales
3697384771,BD,Business Development
3697384782,RSCH,Research
3697384782,ANLS,Analytics
3697384782,IT,Information Technology
3697384783,RSCH,Research
3697384783,ANLS,Analytics
3697384783,IT,Information Technology
3697384785,MGMT,Management
3697384785,MNFC,Manufacturing
3697384786,CNSL,Consulting
3697384786,IT,Information Technology
3697384786,SALE,Sales
3697384788,CNSL,Consulting
3697384788,IT,Information Technology
3697384788,SALE,Sales
3697384789,RSCH,Research
3697384789,ANLS,Analytics
3697384789,IT,Information Technology
3697384842,IT,Information Technology
3697384842,ENG,Engineering
3697384856,PRJM,Project Management
3697384856,STRA,Strategy
3697384856,OTHR,Other
3697384874,QA,Quality Assurance
3697384883,MGMT,Management
3697384883,MNFC,Manufacturing
3697384891,PRJM,Project Management
3697384891,CNSL,Consulting
3697384891,ENG,Engineering
3697384895,EDU,Education
3697384896,SALE,Sales
3697384933,MGMT,Management
3697384933,MNFC,Manufacturing
3697384953,ENG,Engineering
3697384953,IT,Information Technology
3697384955,MGMT,Management
3697384955,MNFC,Manufacturing
3697384960,FIN,Finance
3697384960,SALE,Sales
3697384966,HCPR,Healthcare
3697384982,GENB,General Business
3697384982,STRA,Strategy
3697384982,CNSL,Consulting
3697384998,MGMT,Management
3697384998,MNFC,Manufacturing
3697385001,DSGN,Design
3697385001,CNSL,Consulting
3697385001,ENG,Engineering
3697385003,HCPR,Healthcare
3697385004,OTHR,Other
3697385004,IT,Information Technology
3697385004,MGMT,Management
3697385014,MGMT,Management
3697385014,MNFC,Manufacturing
3697385018,FIN,Finance
3697385018,SALE,Sales
3697385036,OTHR,Other
3697385040,OTHR,Other
3697385041,OTHR,Other
3697385118,MGMT,Management
3697385118,MNFC,Manufacturing
3697385121,MGMT,Management
3697385121,MNFC,Manufacturing
3697385130,OTHR,Other
3697385133,ENG,Engineering
3697385133,IT,Information Technology
3697385142,DSGN,Design
3697385142,ART,Arts
3697385142,IT,Information Technology
3697385247,OTHR,Other
3697385309,BD,Business Development
3697385309,SALE,Sales
3697385346,FIN,Finance
3697385346,SALE,Sales
3697385357,OTHR,Other
3697385361,OTHR,Other
3694107128,BD,Business Development
3694107128,SALE,Sales
3694108105,SALE,Sales
3694108105,BD,Business Development
3694123144,ENG,Engineering
3694123144,IT,Information Technology
3694124191,MRKT,Marketing
3694124191,PR,Public Relations
3694124191,WRT,Writing
3697385379,ADM,Administration
3697385395,IT,Information Technology
3697385397,OTHR,Other
3697385406,QA,Quality Assurance
3697385411,OTHR,Other
3697385411,IT,Information Technology
3697385411,MGMT,Management
3697385425,MGMT,Management
3697385425,MNFC,Manufacturing
3697385438,MGMT,Management
3697385438,MNFC,Manufacturing
3697385445,PRJM,Project Management
3697385445,IT,Information Technology
3697385457,SALE,Sales
3697385457,BD,Business Development
3697385461,HR,Human Resources
3697385481,MGMT,Management
3697385481,MNFC,Manufacturing
3697385506,FIN,Finance
3697385506,SALE,Sales
3697385508,HCPR,Healthcare
3697385513,SALE,Sales
3697385517,FIN,Finance
3697385522,OTHR,Other
3697385523,FIN,Finance
3697385523,SALE,Sales
3697385537,MGMT,Management
3697385537,MNFC,Manufacturing
3697385550,IT,Information Technology
3697385551,IT,Information Technology
3697385568,SALE,Sales
3697385568,BD,Business Development
3697385573,SALE,Sales
3697385573,BD,Business Development
3697385579,CNSL,Consulting
3697385579,IT,Information Technology
3697385579,SALE,Sales
3697385581,RSCH,Research
3697385581,ANLS,Analytics
3697385581,IT,Information Technology
3697385584,RSCH,Research
3697385584,ANLS,Analytics
3697385584,IT,Information Technology
3697385586,CNSL,Consulting
3697385586,IT,Information Technology
3697385586,SALE,Sales
3697385590,HCPR,Healthcare
3697385593,SALE,Sales
3697385593,BD,Business Development
3697385595,DSGN,Design
3697385595,ART,Arts
3697385595,IT,Information Technology
3697385597,MGMT,Management
3697385597,MNFC,Manufacturing
3697385602,MGMT,Management
3697385602,MNFC,Manufacturing
3697385633,IT,Information Technology
3697385633,ENG,Engineering
3697385634,IT,Information Technology
3697385634,ENG,Engineering
3697385635,OTHR,Other
3697385636,OTHR,Other
3697385636,IT,Information Technology
3697385636,ENG,Engineering
3697385637,IT,Information Technology
3697385638,SALE,Sales
3697385638,GENB,General Business
3697385638,CUST,Customer Service
3697385648,OTHR,Other
3697385648,IT,Information Technology
3697385648,MGMT,Management
3697385663,MGMT,Management
3697385663,MNFC,Manufacturing
3697385693,ADM,Administration
3697385723,MRKT,Marketing
3697385723,SALE,Sales
3697385724,HCPR,Healthcare
3697385727,SALE,Sales
3697385727,ADVR,Advertising
3697385727,CUST,Customer Service
3697385764,HCPR,Healthcare
3697385770,HCPR,Healthcare
3697385786,OTHR,Other
3697385788,FIN,Finance
3697385788,SALE,Sales
3697385921,ACCT,Accounting
3697385921,FIN,Finance
3697385933,SALE,Sales
3697385933,BD,Business Development
3697385942,OTHR,Other
3697385942,IT,Information Technology
3697385942,ENG,Engineering
3697385960,PRJM,Project Management
3697385960,STRA,Strategy
3697385960,OTHR,Other
3697385972,ACCT,Accounting
3697385972,FIN,Finance
3697385977,CNSL,Consulting
3697385977,IT,Information Technology
3697385977,SALE,Sales
3697386007,ENG,Engineering
3697386007,IT,Information Technology
3697386010,OTHR,Other
3697386011,HCPR,Healthcare
3697386012,EDU,Education
3697386015,EDU,Education
3697386015,ADM,Administration
3697386041,ADM,Administration
3697386053,HR,Human Resources
3697386061,MNFC,Manufacturing
3697386073,OTHR,Other
3697386095,SALE,Sales
3697386095,BD,Business Development
3694123239,HCPR,Healthcare
3694126132,HR,Human Resources
3697386115,ADM,Administration
3697386115,CUST,Customer Service
3697386161,ENG,Engineering
3697386161,IT,Information Technology
3697386173,HCPR,Healthcare
3697386298,BD,Business Development
3697386298,SALE,Sales
3697386337,ENG,Engineering
3697386337,IT,Information Technology
3697386341,OTHR,Other
3697386365,HCPR,Healthcare
3697386367,EDU,Education
3697386367,TRNG,Training
3697386370,SALE,Sales
3697386370,BD,Business Development
3697386376,ENG,Engineering
3697386376,IT,Information Technology
3697386383,PRJM,Project Management
3697386383,IT,Information Technology
3697386397,ACCT,Accounting
3697386397,FIN,Finance
3697386410,MGMT,Management
3697386410,MNFC,Manufacturing
3697386421,SALE,Sales
3697386421,BD,Business Development
3697386427,MGMT,Management
3697386427,MNFC,Manufacturing
3697386447,SALE,Sales
3697386454,MGMT,Management
3697386454,MNFC,Manufacturing
3697386454,PROD,Product Management
3697386465,MRKT,Marketing
3697386465,SALE,Sales
3697386468,SALE,Sales
3697386468,BD,Business Development
3697386480,BD,Business Development
3697386480,SALE,Sales
3697386483,FIN,Finance
3697386485,PRDM,Product Management
3697386485,MRKT,Marketing
3697386497,OTHR,Other
3697386498,SALE,Sales
3697386498,CUST,Customer Service
3697386516,FIN,Finance
3697386516,SALE,Sales
3697386529,PRDM,Product Management
3697386529,MRKT,Marketing
3697386547,MGMT,Management
3697386547,MNFC,Manufacturing
3697386548,PRJM,Project Management
3697386548,IT,Information Technology
3697386549,MGMT,Management
3697386549,MNFC,Manufacturing
3697386552,RSCH,Research
3697386552,ANLS,Analytics
3697386552,IT,Information Technology
3697386554,RSCH,Research
3697386554,ANLS,Analytics
3697386554,IT,Information Technology
3697386555,RSCH,Research
3697386555,ANLS,Analytics
3697386555,IT,Information Technology
3697386556,HCPR,Healthcare
3697386562,CNSL,Consulting
3697386562,IT,Information Technology
3697386562,SALE,Sales
3697386566,MRKT,Marketing
3697386566,PR,Public Relations
3697386566,WRT,Writing
3697386591,HR,Human Resources
3697386605,HCPR,Healthcare
3697386606,ART,Arts
3697386606,DSGN,Design
3697386606,ENG,Engineering
3697386607,IT,Information Technology
3697386607,ENG,Engineering
3697386618,SALE,Sales
3697386618,GENB,General Business
3697386618,CUST,Customer Service
3697386655,MGMT,Management
3697386655,MNFC,Manufacturing
3697386662,MGMT,Management
3697386662,MNFC,Manufacturing
3697386692,HR,Human Resources
3697386744,ACCT,Accounting
3697386744,FIN,Finance
3697386756,MGMT,Management
3697386756,MNFC,Manufacturing
3697386790,ACCT,Accounting
3697386790,FIN,Finance
3697386803,MGMT,Management
3697386803,MNFC,Manufacturing
3697386870,SALE,Sales
3697386870,BD,Business Development
3697386884,MGMT,Management
3697386884,MNFC,Manufacturing
3697386898,HCPR,Healthcare
3697386902,HCPR,Healthcare
3697386905,ENG,Engineering
3697386905,IT,Information Technology
3697386913,MRKT,Marketing
3697386913,SALE,Sales
3697386914,MRKT,Marketing
3697386914,SALE,Sales
3697386941,EDU,Education
3697386941,TRNG,Training
3697386957,SALE,Sales
3697386957,BD,Business Development
3697387030,MNFC,Manufacturing
3697387050,FIN,Finance
3697387050,SALE,Sales
3697387067,PRJM,Project Management
3697387067,IT,Information Technology
3697387079,MRKT,Marketing
3697387079,PR,Public Relations
3697387079,WRT,Writing
3697387109,SUPL,Supply Chain
3697387109,CNSL,Consulting
3697387114,SALE,Sales
3697387114,BD,Business Development
3697387145,FIN,Finance
3697387145,SALE,Sales
3697387152,HCPR,Healthcare
3697387214,MGMT,Management
3697387214,MNFC,Manufacturing
3697387232,SALE,Sales
3697387245,HCPR,Healthcare
3697387250,HCPR,Healthcare
3697387251,OTHR,Other
3697387259,HCPR,Healthcare
3697387272,OTHR,Other
3697387273,ACCT,Accounting
3697387274,OTHR,Other
3697387276,HCPR,Healthcare
3697387297,FIN,Finance
3697387297,SALE,Sales
3697387311,MGMT,Management
3697387311,MNFC,Manufacturing
3697387323,SALE,Sales
3697387323,BD,Business Development
3697387324,MGMT,Management
3697387324,MNFC,Manufacturing
3697387337,HCPR,Healthcare
3697387378,ACCT,Accounting
3697387378,FIN,Finance
3697387397,MGMT,Management
3697387397,MNFC,Manufacturing
3697387398,HR,Human Resources
3697387400,MGMT,Management
3697387400,MNFC,Manufacturing
3690460845,EDU,Education
3690460845,TRNG,Training
3690870383,MGMT,Management
3690870383,MNFC,Manufacturing
3690875253,MRKT,Marketing
3690875253,SALE,Sales
3694116818,OTHR,Other
3694122548,SALE,Sales
3694122548,BD,Business Development
3697387403,MGMT,Management
3697387403,MNFC,Manufacturing
3697387408,SALE,Sales
3697387408,BD,Business Development
3697387409,OTHR,Other
3697387410,OTHR,Other
3697387411,ENG,Engineering
3697387411,IT,Information Technology
3697387419,BD,Business Development
3697387419,SALE,Sales
3697387428,IT,Information Technology
3697387461,PRJM,Project Management
3697387461,IT,Information Technology
3697387462,MGMT,Management
3697387462,MNFC,Manufacturing
3697387464,RSCH,Research
3697387464,ANLS,Analytics
3697387464,IT,Information Technology
3697387466,RSCH,Research
3697387466,ANLS,Analytics
3697387466,IT,Information Technology
3690494629,ACCT,Accounting
3690494629,FIN,Finance
3697387467,DSGN,Design
3697387467,ART,Arts
3697387467,IT,Information Technology
3697387473,DSGN,Design
3697387473,ART,Arts
3697387473,IT,Information Technology
3697387477,MGMT,Management
3697387477,MNFC,Manufacturing
3697387485,OTHR,Other
3697387499,IT,Information Technology
3697387499,ENG,Engineering
3697387500,IT,Information Technology
3697387500,ENG,Engineering
3697387501,IT,Information Technology
3697387501,ENG,Engineering
3697387505,SALE,Sales
3697387505,GENB,General Business
3697387505,CUST,Customer Service
3697387506,GENB,General Business
3697387506,STRA,Strategy
3697387506,CNSL,Consulting
3697387546,FIN,Finance
3697387546,SALE,Sales
3697387549,ACCT,Accounting
3697387549,FIN,Finance
3697387563,SALE,Sales
3697387596,SALE,Sales
3697387596,BD,Business Development
3697387658,MRKT,Marketing
3697387658,PR,Public Relations
3697387658,WRT,Writing
3697387727,HCPR,Healthcare
3697387764,QA,Quality Assurance
3690470734,ACCT,Accounting
3690470734,FIN,Finance
3690679726,LGL,Legal
3690808251,DSGN,Design
3690808251,ART,Arts
3690808251,IT,Information Technology
3694121579,EDU,Education
3694121579,TRNG,Training
3694122448,PRDM,Product Management
3694122448,MRKT,Marketing
3694123225,OTHR,Other
3694124190,MGMT,Management
3694124190,MNFC,Manufacturing
3694124223,OTHR,Other
3694124223,IT,Information Technology
3694124223,MGMT,Management
3694126199,OTHR,Other
3694126199,IT,Information Technology
3694126199,MGMT,Management
3697387787,MGMT,Management
3697387787,MNFC,Manufacturing
3697387794,SALE,Sales
3697387794,BD,Business Development
3697387836,ACCT,Accounting
3697387836,FIN,Finance
3697387896,ACCT,Accounting
3697387896,FIN,Finance
3697387900,MGMT,Management
3697387900,MNFC,Manufacturing
3697387908,ACCT,Accounting
3697387908,FIN,Finance
3697387937,MGMT,Management
3697387937,MNFC,Manufacturing
3697387939,OTHR,Other
3697387939,IT,Information Technology
3697387939,MGMT,Management
3697387940,IT,Information Technology
3697387961,IT,Information Technology
3697387963,BD,Business Development
3697387963,SALE,Sales
3697387964,ENG,Engineering
3697387964,IT,Information Technology
3697387969,SALE,Sales
3697387969,BD,Business Development
3697387971,SALE,Sales
3697387971,BD,Business Development
3697387974,SALE,Sales
3697387974,BD,Business Development
3697387977,SALE,Sales
3697387977,BD,Business Development
3697387982,RSCH,Research
3697387982,ANLS,Analytics
3697387982,IT,Information Technology
3697388003,IT,Information Technology
3697388016,BD,Business Development
3697388016,SALE,Sales
3697388017,FIN,Finance
3697388017,SALE,Sales
3697388018,BD,Business Development
3697388018,SALE,Sales
3697388050,OTHR,Other
3697388054,OTHR,Other
3697388060,OTHR,Other
3690622639,PRJM,Project Management
3690622639,IT,Information Technology
3694119723,ENG,Engineering
3694119723,IT,Information Technology
3694121565,ENG,Engineering
3694121565,IT,Information Technology
3694122465,BD,Business Development
3694122465,SALE,Sales
3694122468,ENG,Engineering
3694122468,IT,Information Technology
3694122482,PRJM,Project Management
3694122482,IT,Information Technology
3694123202,IT,Information Technology
3694123204,ADM,Administration
3694123205,PRJM,Project Management
3694123205,IT,Information Technology
3694123207,ENG,Engineering
3694123207,IT,Information Technology
3694124204,ENG,Engineering
3694124204,IT,Information Technology
3694125172,ENG,Engineering
3694125172,IT,Information Technology
3694125173,ENG,Engineering
3694125173,IT,Information Technology
3694126194,MGMT,Management
3694126194,MNFC,Manufacturing
3697388068,EDU,Education
3697388068,TRNG,Training
3697388069,IT,Information Technology
3697388075,RSCH,Research
3697388075,ANLS,Analytics
3697388075,IT,Information Technology
3690882678,MGMT,Management
3690882678,MNFC,Manufacturing
3694121562,PRCH,Procurement
3694121562,SUPL,Supply Chain
3697388076,HCPR,Healthcare
3697388084,SALE,Sales
3697388084,BD,Business Development
3697388102,OTHR,Other
3697388108,OTHR,Other
3697388155,MGMT,Management
3697388155,MNFC,Manufacturing
3697388161,MGMT,Management
3697388161,MNFC,Manufacturing
3697388194,SALE,Sales
3697388203,OTHR,Other
3697388208,OTHR,Other
3697388209,ENG,Engineering
3697388209,IT,Information Technology
3697388211,HCPR,Healthcare
3697388212,ENG,Engineering
3697388212,IT,Information Technology
3697388217,MGMT,Management
3697388217,MNFC,Manufacturing
3697388218,ENG,Engineering
3697388218,IT,Information Technology
3697388219,MGMT,Management
3697388219,MNFC,Manufacturing
3697388224,FIN,Finance
3697388224,SALE,Sales
3697388227,MGMT,Management
3697388227,MNFC,Manufacturing
3697388229,OTHR,Other
3697388231,OTHR,Other
3697388232,OTHR,Other
3697388234,SALE,Sales
3697388234,CUST,Customer Service
3697388235,QA,Quality Assurance
3697388235,SUPL,Supply Chain
3697388239,OTHR,Other
3697388296,CNSL,Consulting
3697388296,IT,Information Technology
3697388296,SALE,Sales
3697388297,CNSL,Consulting
3697388297,IT,Information Technology
3697388297,SALE,Sales
3697388298,MGMT,Management
3697388298,MNFC,Manufacturing
3697388299,CNSL,Consulting
3697388299,IT,Information Technology
3697388299,SALE,Sales
3697388303,MGMT,Management
3697388303,MNFC,Manufacturing
3697388304,RSCH,Research
3697388304,ANLS,Analytics
3697388304,IT,Information Technology
3697388308,FIN,Finance
3697388308,SALE,Sales
3697388313,SALE,Sales
3697388313,BD,Business Development
3697388314,SALE,Sales
3697388314,BD,Business Development
3697388315,MRKT,Marketing
3697388315,PR,Public Relations
3697388315,WRT,Writing
3697388348,BD,Business Development
3697388357,IT,Information Technology
3697388357,ENG,Engineering
3697388358,IT,Information Technology
3697388358,ENG,Engineering
3697388362,GENB,General Business
3697388362,STRA,Strategy
3697388362,CNSL,Consulting
3697388363,GENB,General Business
3697388363,STRA,Strategy
3697388363,CNSL,Consulting
3697388365,OTHR,Other
3697388365,IT,Information Technology
3697388365,ENG,Engineering
3697388367,SALE,Sales
3697388367,BD,Business Development
3697388372,SALE,Sales
3697388372,GENB,General Business
3697388372,CUST,Customer Service
3697388374,SALE,Sales
3697388374,GENB,General Business
3697388374,CUST,Customer Service
3697388415,PRJM,Project Management
3697388415,CNSL,Consulting
3697388415,ENG,Engineering
3697388459,ENG,Engineering
3697388459,IT,Information Technology
3697388463,MGMT,Management
3697388463,MNFC,Manufacturing
3697388464,MGMT,Management
3697388464,MNFC,Manufacturing
3697388465,MGMT,Management
3697388465,MNFC,Manufacturing
3697388482,HR,Human Resources
3697388491,LGL,Legal
3697388494,HCPR,Healthcare
3697388511,FIN,Finance
3697388511,SALE,Sales
3697388540,ACCT,Accounting
3697388540,FIN,Finance
3697388576,MRKT,Marketing
3697388576,SALE,Sales
3697388646,ACCT,Accounting
3697388646,FIN,Finance
3697388674,SALE,Sales
3697388674,BD,Business Development
3697388675,PRCH,Procurement
3697388675,SUPL,Supply Chain
3697388698,EDU,Education
3697388698,TRNG,Training
3697388699,MRKT,Marketing
3697388699,PR,Public Relations
3697388699,WRT,Writing
3697388713,EDU,Education
3697388713,TRNG,Training
3697388714,MGMT,Management
3697388714,MNFC,Manufacturing
3697388717,MRKT,Marketing
3697388717,SALE,Sales
3697388760,HCPR,Healthcare
3697388794,ENG,Engineering
3697388794,IT,Information Technology
3697388802,ACCT,Accounting
3697388802,FIN,Finance
3697388822,OTHR,Other
3697388822,IT,Information Technology
3697388822,MGMT,Management
3697388836,MGMT,Management
3697388836,MNFC,Manufacturing
3697388837,ENG,Engineering
3697388837,IT,Information Technology
3697388839,SALE,Sales
3697388839,GENB,General Business
3697388839,CUST,Customer Service
3697388851,BD,Business Development
3697388851,SALE,Sales
3697388852,ENG,Engineering
3697388852,IT,Information Technology
3697388855,SALE,Sales
3697388855,BD,Business Development
3697388858,SALE,Sales
3697388858,BD,Business Development
3697388859,SALE,Sales
3697388859,BD,Business Development
3697388860,SALE,Sales
3697388860,BD,Business Development
3697388863,SALE,Sales
3697388863,BD,Business Development
3697388875,SALE,Sales
3697388875,BD,Business Development
3697388889,SALE,Sales
3697388889,GENB,General Business
3697388889,CUST,Customer Service
3697388897,MGMT,Management
3697388897,MNFC,Manufacturing
3697388899,SALE,Sales
3697388899,GENB,General Business
3697388899,CUST,Customer Service
3697388910,HCPR,Healthcare
3697388930,ENG,Engineering
3697388930,IT,Information Technology
3697388941,ENG,Engineering
2148434014,SALE,Sales
2148434019,SALE,Sales
3694120614,HR,Human Resources
3694120614,IT,Information Technology
3694121593,IT,Information Technology
3694121593,CNSL,Consulting
3694121593,ENG,Engineering
3694122503,SALE,Sales
3694122503,ADVR,Advertising
3694122503,BD,Business Development
3694124238,PRJM,Project Management
3694124238,IT,Information Technology
3694124238,PRDM,Product Management
3697388953,ENG,Engineering
3697388953,IT,Information Technology
3697388985,SALE,Sales
3697388985,GENB,General Business
3697388985,CUST,Customer Service
3697388988,MGMT,Management
3697388988,MNFC,Manufacturing
3697389030,FIN,Finance
3697389030,SALE,Sales
3697389031,SALE,Sales
3697389032,OTHR,Other
3697389036,OTHR,Other
3697389057,HCPR,Healthcare
3697389083,QA,Quality Assurance
3697389108,ART,Arts
3697389108,MGMT,Management
3697389108,CUST,Customer Service
3697389110,DSGN,Design
3697389110,ART,Arts
3697389110,IT,Information Technology
3697389113,MGMT,Management
3697389113,MNFC,Manufacturing
3697389135,ENG,Engineering
3697389135,IT,Information Technology
3697389157,ACCT,Accounting
3697389157,FIN,Finance
3697389161,HCPR,Healthcare
3697389164,FIN,Finance
3697389165,MGMT,Management
3697389165,MNFC,Manufacturing
3697389167,SALE,Sales
3697389167,BD,Business Development
3697389168,ENG,Engineering
3697389168,IT,Information Technology
3697389170,OTHR,Other
3697389174,OTHR,Other
3697389176,ENG,Engineering
3697389176,IT,Information Technology
3697389179,SALE,Sales
3697389179,BD,Business Development
3697389186,ART,Arts
3697389186,DSGN,Design
3697389235,CNSL,Consulting
3697389235,IT,Information Technology
3697389235,SALE,Sales
3697389236,MGMT,Management
3697389236,MNFC,Manufacturing
3697389237,CNSL,Consulting
3697389237,IT,Information Technology
3697389237,SALE,Sales
3697389238,RSCH,Research
3697389238,ANLS,Analytics
3697389238,IT,Information Technology
3697389248,MRKT,Marketing
3697389248,PR,Public Relations
3697389248,WRT,Writing
3697389271,MGMT,Management
3697389271,MNFC,Manufacturing
3697389282,HCPR,Healthcare
3697389286,IT,Information Technology
3697389290,SALE,Sales
3697389290,GENB,General Business
3697389290,CUST,Customer Service
3697389320,OTHR,Other
3697389332,PRJM,Project Management
3697389332,CNSL,Consulting
3697389332,ENG,Engineering
3697389334,PRJM,Project Management
3697389334,CNSL,Consulting
3697389334,ENG,Engineering
3697389336,EDU,Education
3697389391,MGMT,Management
3697389391,MNFC,Manufacturing
3697389393,LGL,Legal
3697389409,FIN,Finance
3697389409,SALE,Sales
3697389419,SALE,Sales
3697389419,BD,Business Development
3697389435,OTHR,Other
3697389461,ANLS,Analytics
3697389483,ENG,Engineering
3697389483,IT,Information Technology
3697389496,PRDM,Product Management
3697389496,ENG,Engineering
3690865969,PRJM,Project Management
3690865969,IT,Information Technology
3694119770,ENG,Engineering
3694119770,IT,Information Technology
3694119811,ENG,Engineering
3694119811,IT,Information Technology
3694120638,SALE,Sales
3694120638,BD,Business Development
3694120646,ENG,Engineering
3694120646,IT,Information Technology
3694120650,ENG,Engineering
3694120650,IT,Information Technology
3694123256,ENG,Engineering
3694123256,IT,Information Technology
3694123257,ENG,Engineering
3694123257,IT,Information Technology
3694123258,ENG,Engineering
3694123258,IT,Information Technology
3694124250,ENG,Engineering
3694124250,IT,Information Technology
3694124251,PRJM,Project Management
3694124251,IT,Information Technology
3694124269,ENG,Engineering
3694124269,IT,Information Technology
3694125214,SALE,Sales
3694125214,BD,Business Development
3694125221,MGMT,Management
3694125221,MNFC,Manufacturing
3694125223,ENG,Engineering
3694125223,IT,Information Technology
3694126217,IT,Information Technology
3697389532,ENG,Engineering
3697389532,IT,Information Technology
3697389579,SALE,Sales
3697389579,BD,Business Development
3697389603,SCI,Science
3697389603,ADM,Administration
3697389603,STRA,Strategy
3697389608,MRKT,Marketing
3697389608,SALE,Sales
3697389618,EDU,Education
3697389618,TRNG,Training
3697389650,MGMT,Management
3697389650,MNFC,Manufacturing
3697389725,ACCT,Accounting
3697389725,FIN,Finance
3697389747,SALE,Sales
3697389747,GENB,General Business
3697389747,CUST,Customer Service
3697389750,MRKT,Marketing
3697389750,SALE,Sales
3697389752,SALE,Sales
3697389752,GENB,General Business
3697389752,CUST,Customer Service
3697389764,BD,Business Development
3697389764,SALE,Sales
3697389791,SALE,Sales
3697389791,BD,Business Development
3697389793,DSGN,Design
3697389793,ART,Arts
3697389793,IT,Information Technology
3697389794,DSGN,Design
3697389794,ART,Arts
3697389794,IT,Information Technology
3697389867,OTHR,Other
3697389872,PRCH,Procurement
3697389872,SUPL,Supply Chain
3697389891,SALE,Sales
3697389891,GENB,General Business
3697389891,CUST,Customer Service
3697389925,ACCT,Accounting
3697389925,FIN,Finance
2148434032,FIN,Finance
2148434032,ANLS,Analytics
2148434032,ACCT,Accounting
2148434033,HR,Human Resources
3694121529,MRKT,Marketing
3694121529,PR,Public Relations
3694121529,WRT,Writing
3697389931,IT,Information Technology
3697389963,OTHR,Other
3697389983,IT,Information Technology
3697389986,MGMT,Management
3697389986,MNFC,Manufacturing
3697390033,IT,Information Technology
3697390033,ENG,Engineering
3697390035,MRKT,Marketing
3697390035,PR,Public Relations
3697390035,WRT,Writing
3697390043,IT,Information Technology
3697390043,ENG,Engineering
3697390048,PRJM,Project Management
3697390048,IT,Information Technology
3697390075,OTHR,Other
3697390143,IT,Information Technology
3697390201,HCPR,Healthcare
3697390203,FIN,Finance
3697390203,SALE,Sales
3697390312,HCPR,Healthcare
3697390325,SALE,Sales
3697390325,BD,Business Development
3697390331,EDU,Education
3697390331,TRNG,Training
3697390332,SALE,Sales
3697390332,BD,Business Development
3697390333,SALE,Sales
3697390333,BD,Business Development
3697390334,SALE,Sales
3697390334,BD,Business Development
3697390341,MGMT,Management
3697390341,MNFC,Manufacturing
3697390348,OTHR,Other
3697390350,SALE,Sales
3697390350,BD,Business Development
3697390351,SALE,Sales
3697390351,BD,Business Development
3697390382,OTHR,Other
3697390413,MGMT,Management
3697390413,MNFC,Manufacturing
3697390417,SALE,Sales
3697390417,BD,Business Development
3697390465,SALE,Sales
3697390469,HR,Human Resources
3697390470,MGMT,Management
3697390470,MNFC,Manufacturing
3697390521,SALE,Sales
3697390521,GENB,General Business
3697390521,CUST,Customer Service
3697390527,ENG,Engineering
3697390527,IT,Information Technology
3697390530,CNSL,Consulting
3697390530,IT,Information Technology
3697390530,SALE,Sales
3697390531,ENG,Engineering
3697390531,IT,Information Technology
3697390543,IT,Information Technology
3697390548,SALE,Sales
3697390548,BD,Business Development
3697390556,SALE,Sales
3697390556,BD,Business Development
3697390559,SALE,Sales
3697390559,BD,Business Development
3697390563,DSGN,Design
3697390563,ART,Arts
3697390563,IT,Information Technology
3697390565,DSGN,Design
3697390565,ART,Arts
3697390565,IT,Information Technology
3697390579,MGMT,Management
3697390579,MNFC,Manufacturing
3697390594,FIN,Finance
3697390594,SALE,Sales
3697390650,SALE,Sales
3697390650,GENB,General Business
3697390650,CUST,Customer Service
3697390668,FIN,Finance
3697390668,SALE,Sales
3697390677,MGMT,Management
3697390677,MNFC,Manufacturing
3697390699,RSCH,Research
3697390699,ANLS,Analytics
3697390699,IT,Information Technology
3697390708,SALE,Sales
3697390708,BD,Business Development
3697390729,ADM,Administration
3697390746,QA,Quality Assurance
3697390751,ENG,Engineering
3697390751,IT,Information Technology
3694132744,SALE,Sales
3694132744,BD,Business Development
3697390752,QA,Quality Assurance
3697390770,MNFC,Manufacturing
3697390812,OTHR,Other
3697390841,CUST,Customer Service
3697390842,CUST,Customer Service
3697390844,CUST,Customer Service
3697390928,HCPR,Healthcare
3697391007,MGMT,Management
3697391007,MNFC,Manufacturing
3697391011,ADM,Administration
3697391011,HCPR,Healthcare
3697391020,FIN,Finance
3697391020,SALE,Sales
3697391027,ACCT,Accounting
3697391027,FIN,Finance
3697391051,GENB,General Business
3697391051,STRA,Strategy
3697391051,CNSL,Consulting
3697391067,FIN,Finance
3697391067,SALE,Sales
3697391080,MRKT,Marketing
3697391080,PR,Public Relations
3697391080,WRT,Writing
3697391083,MRKT,Marketing
3697391083,PR,Public Relations
3697391083,WRT,Writing
3697391130,LGL,Legal
3697391168,DSGN,Design
3697391168,ART,Arts
3697391168,IT,Information Technology
3697391174,ENG,Engineering
3697391174,IT,Information Technology
3697391234,SALE,Sales
3697391234,BD,Business Development
3697391280,ACCT,Accounting
3697391280,FIN,Finance
3697391281,ACCT,Accounting
3697391281,FIN,Finance
3697391284,MRKT,Marketing
3697391284,SALE,Sales
3697391285,MRKT,Marketing
3697391285,SALE,Sales
3697391353,OTHR,Other
3697391364,ACCT,Accounting
3697391364,FIN,Finance
3697391384,OTHR,Other
3697391404,SALE,Sales
3697391404,GENB,General Business
3697391404,CUST,Customer Service
3697391405,ENG,Engineering
3697391405,IT,Information Technology
3697391411,PRJM,Project Management
3697391411,IT,Information Technology
3697391417,ENG,Engineering
3697391417,IT,Information Technology
3697391418,IT,Information Technology
3697391419,MGMT,Management
3697391419,MNFC,Manufacturing
3694110870,IT,Information Technology
3694110876,IT,Information Technology
3697391423,ENG,Engineering
3697391423,IT,Information Technology
3697391430,ENG,Engineering
3697391430,IT,Information Technology
3697391434,IT,Information Technology
3697391435,SALE,Sales
3697391435,BD,Business Development
3697391437,SALE,Sales
3697391437,BD,Business Development
3697391446,SALE,Sales
3697391446,BD,Business Development
3697391450,SALE,Sales
3697391450,BD,Business Development
3697391462,MGMT,Management
3697391462,MNFC,Manufacturing
3697391522,MGMT,Management
3697391522,MNFC,Manufacturing
3697391523,MGMT,Management
3697391523,MNFC,Manufacturing
3697391535,MGMT,Management
3697391535,MNFC,Manufacturing
3697391566,SALE,Sales
3697391566,GENB,General Business
3697391566,CUST,Customer Service
3697391570,OTHR,Other
3697391587,SALE,Sales
3697391587,BD,Business Development
3697391603,PRDM,Product Management
3697391603,MRKT,Marketing
3697391604,OTHR,Other
3697391606,OTHR,Other
3697391627,QA,Quality Assurance
3697391659,OTHR,Other
3697391673,PRJM,Project Management
3697391673,ENG,Engineering
3697391674,MRKT,Marketing
3697391674,SALE,Sales
3697391675,MRKT,Marketing
3697391675,SALE,Sales
3697391691,MNFC,Manufacturing
3697391693,SALE,Sales
3697391693,GENB,General Business
3697391693,CUST,Customer Service
3697391710,OTHR,Other
3697391715,MGMT,Management
3697391715,MNFC,Manufacturing
3697391728,FIN,Finance
3697391728,SALE,Sales
3697391734,SALE,Sales
3697391734,BD,Business Development
3697391736,CUST,Customer Service
3697391741,CUST,Customer Service
3697391750,CUST,Customer Service
3697391764,PRDM,Product Management
3697391764,MRKT,Marketing
3697391809,GENB,General Business
3697391809,HR,Human Resources
3697391809,OTHR,Other
3697391987,QA,Quality Assurance
3697391988,QA,Quality Assurance
3697391989,QA,Quality Assurance
3697391994,QA,Quality Assurance
3697392047,DSGN,Design
3697392047,ART,Arts
3697392047,IT,Information Technology
3697392056,LGL,Legal
3697392064,DSGN,Design
3697392064,ART,Arts
3697392064,IT,Information Technology
3697392108,IT,Information Technology
3697392137,IT,Information Technology
3697392139,PRJM,Project Management
3697392139,STRA,Strategy
3697392139,OTHR,Other
3697392144,MGMT,Management
3697392144,MNFC,Manufacturing
3697392179,ACCT,Accounting
3697392179,FIN,Finance
3697392189,EDU,Education
3697392189,TRNG,Training
3697392217,MGMT,Management
3697392217,MNFC,Manufacturing
3697392229,LGL,Legal
3697392230,LGL,Legal
3694116840,ACCT,Accounting
3694116840,FIN,Finance
3694117384,ACCT,Accounting
3694117384,FIN,Finance
3694121226,ACCT,Accounting
3694121226,FIN,Finance
3694126974,MRKT,Marketing
3697392236,SALE,Sales
3697392242,ADM,Administration
3697392244,HCPR,Healthcare
3697392269,SALE,Sales
3697392269,GENB,General Business
3697392269,CUST,Customer Service
3697392294,OTHR,Other
3697392294,IT,Information Technology
3697392294,MGMT,Management
3697392309,SALE,Sales
3697392309,BD,Business Development
3697392328,MRKT,Marketing
3697392328,PR,Public Relations
3697392328,WRT,Writing
3697392330,SALE,Sales
3697392330,BD,Business Development
3697392331,SALE,Sales
3697392331,BD,Business Development
3697392357,MGMT,Management
3697392357,MNFC,Manufacturing
3697392364,EDU,Education
3697392364,TRNG,Training
3697392368,SALE,Sales
3697392368,BD,Business Development
3697392404,QA,Quality Assurance
3694110146,IT,Information Technology
3694129402,HR,Human Resources
3694132107,HCPR,Healthcare
3694133031,OTHR,Other
3694138169,ENG,Engineering
3694138169,IT,Information Technology
3697392415,HCPR,Healthcare
3697392438,IT,Information Technology
3697392449,MGMT,Management
3697392449,MNFC,Manufacturing
3697392456,SALE,Sales
3697392456,BD,Business Development
3697392459,OTHR,Other
3697392470,OTHR,Other
3697392486,OTHR,Other
3697392497,SALE,Sales
3697392497,BD,Business Development
3697392534,SALE,Sales
3697392534,BD,Business Development
3697392537,MNFC,Manufacturing
3697392552,MGMT,Management
3697392552,MNFC,Manufacturing
3690840799,FIN,Finance
3690840799,SALE,Sales
3697392554,MGMT,Management
3697392554,MNFC,Manufacturing
3697392555,MGMT,Management
3697392555,MNFC,Manufacturing
3697392577,MNFC,Manufacturing
3697392585,DSGN,Design
3697392585,ART,Arts
3697392585,IT,Information Technology
3697392595,OTHR,Other
3697392597,OTHR,Other
3697392601,OTHR,Other
3697392602,OTHR,Other
3697392603,OTHR,Other
3697392606,MGMT,Management
3697392606,MNFC,Manufacturing
3697392610,HCPR,Healthcare
3697392629,MRKT,Marketing
3697392629,PR,Public Relations
3697392629,WRT,Writing
3697392636,CUST,Customer Service
3697392641,CUST,Customer Service
3697392644,CUST,Customer Service
3697392646,CUST,Customer Service
3697392647,CUST,Customer Service
3697392655,PRJM,Project Management
3697392655,IT,Information Technology
3697392662,BD,Business Development
3697392662,SALE,Sales
3697392730,HCPR,Healthcare
3697392731,HCPR,Healthcare
3697392834,MNFC,Manufacturing
3697392835,MGMT,Management
3697392835,MNFC,Manufacturing
3697392933,MGMT,Management
3697392933,MNFC,Manufacturing
3697392936,EDU,Education
3697392936,TRNG,Training
3697392939,QA,Quality Assurance
3697392959,MGMT,Management
3697392959,MNFC,Manufacturing
3697393042,MGMT,Management
3697393042,MNFC,Manufacturing
3697393060,SALE,Sales
3697393082,EDU,Education
3697393082,TRNG,Training
3697393107,LGL,Legal
3697393109,RSCH,Research
3697393109,ANLS,Analytics
3697393109,IT,Information Technology
3697393124,PRJM,Project Management
3697393124,IT,Information Technology
3697393125,MGMT,Management
3697393125,MNFC,Manufacturing
3697393129,MGMT,Management
3697393129,MNFC,Manufacturing
3697393144,SALE,Sales
3697393144,BD,Business Development
3697393147,SALE,Sales
3697393147,BD,Business Development
3697393189,RSCH,Research
3697393189,ANLS,Analytics
3697393189,IT,Information Technology
3697393212,MGMT,Management
3697393212,MNFC,Manufacturing
3697393216,ENG,Engineering
3697393216,IT,Information Technology
3697393226,OTHR,Other
3697393244,SALE,Sales
3697393244,BD,Business Development
3697393257,OTHR,Other
3697393275,OTHR,Other
3697393276,OTHR,Other
3697393291,OTHR,Other
3697393333,ENG,Engineering
3697393333,IT,Information Technology
3697393338,MNFC,Manufacturing
3697393352,MRKT,Marketing
3697393352,SALE,Sales
3697393392,OTHR,Other
3694132537,IT,Information Technology
3697393396,MNFC,Manufacturing
3697393411,PRJM,Project Management
3697393411,IT,Information Technology
3697393414,CUST,Customer Service
3697393421,MGMT,Management
3697393421,MNFC,Manufacturing
3697393427,ENG,Engineering
3697393427,IT,Information Technology
3697393455,SALE,Sales
3697393455,BD,Business Development
3697393532,HCPR,Healthcare
3697393533,MGMT,Management
3697393533,MNFC,Manufacturing
3697393556,PRJM,Project Management
3697393556,IT,Information Technology
3697393563,ACCT,Accounting
3697393563,FIN,Finance
3697393567,ACCT,Accounting
3697393567,FIN,Finance
3697393644,PRJM,Project Management
3697393644,IT,Information Technology
3697393658,MGMT,Management
3697393658,MNFC,Manufacturing
3697393659,QA,Quality Assurance
3697393660,QA,Quality Assurance
3697393716,DSGN,Design
3697393716,ART,Arts
3697393716,IT,Information Technology
3690871224,SALE,Sales
3690871224,ANLS,Analytics
3690871224,MRKT,Marketing
3697393817,MGMT,Management
3697393817,MNFC,Manufacturing
3697393852,HCPR,Healthcare
3697393859,RSCH,Research
3697393859,ANLS,Analytics
3697393859,IT,Information Technology
3697393864,ENG,Engineering
3697393864,IT,Information Technology
3697393880,MGMT,Management
3697393880,MNFC,Manufacturing
3697393893,ENG,Engineering
3697393893,IT,Information Technology
3697393913,OTHR,Other
3697393933,SALE,Sales
3697393933,BD,Business Development
3697393988,MGMT,Management
3697393988,MNFC,Manufacturing
3697394012,MGMT,Management
3697394012,MNFC,Manufacturing
3697394017,QA,Quality Assurance
3697394019,EDU,Education
3697394019,TRNG,Training
3697394037,OTHR,Other
3697394059,BD,Business Development
3697394059,SALE,Sales
3697394066,ENG,Engineering
3697394066,IT,Information Technology
3697394067,HR,Human Resources
3694133552,PRCH,Procurement
3694133552,SUPL,Supply Chain
3694136096,HCPR,Healthcare
3697394084,SALE,Sales
3697394084,BD,Business Development
3697394088,SALE,Sales
3697394088,BD,Business Development
3697394090,SALE,Sales
3697394090,BD,Business Development
3697394144,FIN,Finance
3697394144,SALE,Sales
3697394145,FIN,Finance
3697394145,SALE,Sales
3697394147,OTHR,Other
3697394147,IT,Information Technology
3697394147,MGMT,Management
3697394156,SALE,Sales
3697394156,BD,Business Development
3697394163,MGMT,Management
3697394163,MNFC,Manufacturing
3697394168,MGMT,Management
3697394168,MNFC,Manufacturing
3697394181,OTHR,Other
3697394213,MGMT,Management
3697394213,MNFC,Manufacturing
3697394237,SALE,Sales
3697394237,BD,Business Development
3697394243,MGMT,Management
3697394243,MNFC,Manufacturing
3697394252,PRDM,Product Management
3697394252,MRKT,Marketing
2148434427,IT,Information Technology
3697394279,OTHR,Other
3697394283,HCPR,Healthcare
3697394332,HCPR,Healthcare
3697394342,OTHR,Other
3697394348,SALE,Sales
3697394348,BD,Business Development
3697394355,MGMT,Management
3697394355,MNFC,Manufacturing
3697394364,CUST,Customer Service
3697394369,CUST,Customer Service
3697394371,CUST,Customer Service
3697394373,CUST,Customer Service
3697394380,CUST,Customer Service
3697394381,ENG,Engineering
3697394381,IT,Information Technology
3697394387,BD,Business Development
3697394387,SALE,Sales
3697394390,BD,Business Development
3697394390,SALE,Sales
3697394393,QA,Quality Assurance
3697394395,BD,Business Development
3697394395,SALE,Sales
3694132734,MRKT,Marketing
3694132734,PR,Public Relations
3694132734,WRT,Writing
3694135230,MGMT,Management
3694135230,MNFC,Manufacturing
3694136117,OTHR,Other
3697394409,MGMT,Management
3697394409,MNFC,Manufacturing
3697394467,IT,Information Technology
3697394468,ENG,Engineering
3697394468,IT,Information Technology
3697394479,LGL,Legal
3697394484,ENG,Engineering
3697394484,IT,Information Technology
3697394553,ACCT,Accounting
3697394553,FIN,Finance
3697394562,MGMT,Management
3697394562,MNFC,Manufacturing
3697394609,QA,Quality Assurance
3697394706,ACCT,Accounting
3697394706,FIN,Finance
3697394707,MGMT,Management
3697394707,MNFC,Manufacturing
3697394713,ACCT,Accounting
3697394713,FIN,Finance
3697394746,HCPR,Healthcare
3697394811,OTHR,Other
3697394817,ENG,Engineering
3697394817,IT,Information Technology
3694130991,MGMT,Management
3694130991,MNFC,Manufacturing
3694131711,MRKT,Marketing
3694131711,PR,Public Relations
3694131711,WRT,Writing
3694136116,MRKT,Marketing
3694136116,PR,Public Relations
3694136116,WRT,Writing
3697394852,IT,Information Technology
3697394858,MGMT,Management
3697394858,MNFC,Manufacturing
3697394872,SALE,Sales
3697394872,BD,Business Development
3697394881,ENG,Engineering
3697394881,IT,Information Technology
3697394901,HCPR,Healthcare
3697394906,OTHR,Other
3697394916,HCPR,Healthcare
3697394930,MGMT,Management
3697394930,MNFC,Manufacturing
3697394936,OTHR,Other
3697394950,MGMT,Management
3697394950,MNFC,Manufacturing
3697395040,ACCT,Accounting
3697395040,FIN,Finance
3697395042,ACCT,Accounting
3697395042,FIN,Finance
3697395073,SALE,Sales
3697395073,BD,Business Development
3697395087,MRKT,Marketing
3697395087,SALE,Sales
3697395111,RSCH,Research
3697395111,ANLS,Analytics
3697395111,IT,Information Technology
3697395117,LGL,Legal
3697395126,ENG,Engineering
3697395126,IT,Information Technology
3697395130,IT,Information Technology
3697395165,ENG,Engineering
3697395165,IT,Information Technology
3697395167,SALE,Sales
3697395167,BD,Business Development
3697395171,IT,Information Technology
3697395173,MNFC,Manufacturing
3697395196,MGMT,Management
3697395196,MNFC,Manufacturing
3697395208,MRKT,Marketing
3697395208,SALE,Sales
3697395211,PRJM,Project Management
3697395211,ENG,Engineering
3697395239,OTHR,Other
3697395244,MGMT,Management
3697395244,MNFC,Manufacturing
3697395276,CUST,Customer Service
3697395283,CUST,Customer Service
3697395285,PRDM,Product Management
3697395289,SALE,Sales
3697395289,GENB,General Business
3697395289,CUST,Customer Service
3694135624,ENG,Engineering
3694135624,IT,Information Technology
3697395314,ACCT,Accounting
3697395314,FIN,Finance
3697395366,ACCT,Accounting
3697395366,FIN,Finance
3697395373,RSCH,Research
3697395373,ANLS,Analytics
3697395373,IT,Information Technology
3697395461,HR,Human Resources
3697395471,ENG,Engineering
3697395471,IT,Information Technology
3697395538,QA,Quality Assurance
3697395540,QA,Quality Assurance
3697395576,EDU,Education
3697395576,TRNG,Training
3697395589,MGMT,Management
3697395589,MNFC,Manufacturing
3697395678,HCPR,Healthcare
3697395684,SALE,Sales
3697395702,MGMT,Management
3697395702,MNFC,Manufacturing
3697395736,OTHR,Other
3697395737,MGMT,Management
3697395737,MNFC,Manufacturing
3697395744,OTHR,Other
3697395745,SALE,Sales
3697395745,BD,Business Development
3697395753,MGMT,Management
3697395753,MNFC,Manufacturing
3697395789,OTHR,Other
3697395793,FIN,Finance
3697395793,SALE,Sales
3697395809,FIN,Finance
3697395809,SALE,Sales
3697395824,IT,Information Technology
3697395832,OTHR,Other
3697395834,MGMT,Management
3697395834,MNFC,Manufacturing
3697395852,ACCT,Accounting
3697395852,FIN,Finance
3697395900,ENG,Engineering
3697395900,IT,Information Technology
3697395918,HCPR,Healthcare
3697395967,OTHR,Other
3697395968,MGMT,Management
3697395968,MNFC,Manufacturing
3697395971,SALE,Sales
3697395971,BD,Business Development
3697395984,IT,Information Technology
3697396001,SALE,Sales
3697396001,BD,Business Development
3697396006,CUST,Customer Service
3697396006,EDU,Education
3697396006,CNSL,Consulting
3697396022,OTHR,Other
3697396027,OTHR,Other
3697396043,SALE,Sales
3697396043,GENB,General Business
3697396043,CUST,Customer Service
3697396081,MGMT,Management
3697396081,MNFC,Manufacturing
3697396084,OTHR,Other
3697396106,SALE,Sales
3697396106,BD,Business Development
3697396138,OTHR,Other
3697396145,SALE,Sales
3697396145,GENB,General Business
3697396145,CUST,Customer Service
3697396164,IT,Information Technology
3697396168,IT,Information Technology
3697396174,CUST,Customer Service
3697396179,CUST,Customer Service
3697396182,CUST,Customer Service
3697396188,MGMT,Management
3697396188,MNFC,Manufacturing
3697396203,BD,Business Development
3697396203,SALE,Sales
3697396316,HR,Human Resources
3697396329,PRCH,Procurement
3697396329,SUPL,Supply Chain
3697396397,OTHR,Other
2148434077,MGMT,Management
2148434077,MNFC,Manufacturing
3697396406,OTHR,Other
3697396408,QA,Quality Assurance
3697396447,RSCH,Research
3697396447,ANLS,Analytics
3697396447,IT,Information Technology
3697396475,CNSL,Consulting
3697396475,IT,Information Technology
3697396475,SALE,Sales
3697396479,CNSL,Consulting
3697396479,IT,Information Technology
3697396479,SALE,Sales
3697396525,FIN,Finance
3697396525,SALE,Sales
3697396556,MGMT,Management
3697396556,MNFC,Manufacturing
3697396559,ART,Arts
3697396561,HCPR,Healthcare
3697396590,ACCT,Accounting
3697396590,FIN,Finance
3697396683,OTHR,Other
3697396691,SALE,Sales
3697396691,BD,Business Development
3697396736,MGMT,Management
3697396736,MNFC,Manufacturing
3697396753,OTHR,Other
3697396754,HCPR,Healthcare
3697396786,IT,Information Technology
3694135640,ADM,Administration
3694135640,SALE,Sales
3694135640,MRKT,Marketing
3697396796,MGMT,Management
3697396796,MNFC,Manufacturing
3697396851,DSGN,Design
3697396851,ART,Arts
3697396851,IT,Information Technology
3697396885,OTHR,Other
3697396930,MGMT,Management
3697396930,MNFC,Manufacturing
3697396931,OTHR,Other
3697396933,MGMT,Management
3697396933,MNFC,Manufacturing
3697396939,SALE,Sales
3697396939,BD,Business Development
3697396940,MGMT,Management
3697396940,MNFC,Manufacturing
3697396942,RSCH,Research
3697396942,ANLS,Analytics
3697396942,IT,Information Technology
3697396943,MGMT,Management
3697396943,MNFC,Manufacturing
3697396947,OTHR,Other
3697397003,MNFC,Manufacturing
3697397045,IT,Information Technology
3697397080,CUST,Customer Service
3697397086,CUST,Customer Service
3697397099,BD,Business Development
3697397099,SALE,Sales
3697397139,MGMT,Management
3697397139,MNFC,Manufacturing
3697397160,ENG,Engineering
3697397160,IT,Information Technology
3697397232,IT,Information Technology
3697397289,ENG,Engineering
3697397289,IT,Information Technology
3697397314,QA,Quality Assurance
3697397356,EDU,Education
3697397356,TRNG,Training
3697397386,CNSL,Consulting
3697397386,IT,Information Technology
3697397386,SALE,Sales
3697397424,ACCT,Accounting
3697397424,FIN,Finance
3697397443,SALE,Sales
3697397451,HCPR,Healthcare
3697397452,SALE,Sales
3697397466,ACCT,Accounting
3697397466,FIN,Finance
3697397501,MNFC,Manufacturing
3697397509,MGMT,Management
3697397509,MNFC,Manufacturing
3697397521,SALE,Sales
3697397521,BD,Business Development
3697397523,QA,Quality Assurance
3697397563,IT,Information Technology
2148434586,IT,Information Technology
3690492617,PRJM,Project Management
3690492617,STRA,Strategy
3690492617,DSGN,Design
3690838132,FIN,Finance
3694138434,MRKT,Marketing
3694138434,SALE,Sales
3697397627,HCPR,Healthcare
3697397629,OTHR,Other
3697397632,HCPR,Healthcare
3697397633,HCPR,Healthcare
3697397640,ENG,Engineering
3697397640,IT,Information Technology
3697397705,IT,Information Technology
3697397755,OTHR,Other
3697397763,SALE,Sales
3697397763,BD,Business Development
3697397795,FIN,Finance
3697397795,SALE,Sales
3697397797,MGMT,Management
3697397797,MNFC,Manufacturing
3697397798,OTHR,Other
3697397810,DSGN,Design
3697397810,ART,Arts
3697397810,IT,Information Technology
3697397811,MGMT,Management
3697397811,MNFC,Manufacturing
2148434616,MGMT,Management
2148434616,MNFC,Manufacturing
3694137445,EDU,Education
3694137445,TRNG,Training
3697397836,FIN,Finance
3697397836,SALE,Sales
3697397842,ADM,Administration
3697397843,ADM,Administration
3697397844,HCPR,Healthcare
3697397846,HCPR,Healthcare
3697398042,MGMT,Management
3697398042,MNFC,Manufacturing
3697398125,ADM,Administration
3697398176,ACCT,Accounting
3697398176,FIN,Finance
3697398179,ACCT,Accounting
3697398179,FIN,Finance
3697398185,ENG,Engineering
3697398185,IT,Information Technology
3697398209,SALE,Sales
3697398209,BD,Business Development
3697398212,HCPR,Healthcare
3697398213,MGMT,Management
3697398213,MNFC,Manufacturing
3697398277,BD,Business Development
3697398277,SALE,Sales
3697398286,HCPR,Healthcare
3697398335,SALE,Sales
3697398335,BD,Business Development
3697398346,MRKT,Marketing
3697398346,SALE,Sales
3697398355,MNFC,Manufacturing
3697398362,MGMT,Management
3697398362,MNFC,Manufacturing
3697398404,ENG,Engineering
3697398404,IT,Information Technology
3697398440,MGMT,Management
3697398440,MNFC,Manufacturing
3697398522,OTHR,Other
3697398522,IT,Information Technology
3697398522,MGMT,Management
3697398525,MGMT,Management
3697398525,MNFC,Manufacturing
3697398530,OTHR,Other
3697398549,LGL,Legal
3697398557,OTHR,Other
3697398559,ENG,Engineering
3697398559,IT,Information Technology
3697398564,SALE,Sales
3697398564,BD,Business Development
3697398571,SALE,Sales
3697398571,BD,Business Development
3697398573,OTHR,Other
3697398595,ACCT,Accounting
3697398595,FIN,Finance
3697398600,HCPR,Healthcare
3697398613,MGMT,Management
3697398613,MNFC,Manufacturing
3697398616,OTHR,Other
3697398617,OTHR,Other
3697398617,IT,Information Technology
3697398617,MGMT,Management
3697398619,IT,Information Technology
3697398621,MGMT,Management
3697398621,MNFC,Manufacturing
3697398622,IT,Information Technology
3697398639,HCPR,Healthcare
3697398643,HCPR,Healthcare
3697399036,EDU,Education
3697399036,TRNG,Training
3697399066,MGMT,Management
3697399066,MNFC,Manufacturing
3697399116,DSGN,Design
3697399116,ART,Arts
3697399116,IT,Information Technology
3697399126,ENG,Engineering
3697399126,IT,Information Technology
3697399128,ACCT,Accounting
3697399128,FIN,Finance
3697399129,MNFC,Manufacturing
3697399160,OTHR,Other
3697399167,ACCT,Accounting
3697399167,FIN,Finance
3697399178,HCPR,Healthcare
3694136582,ENG,Engineering
3694136582,IT,Information Technology
3694140163,IT,Information Technology
3697399210,MGMT,Management
3697399210,MNFC,Manufacturing
3697399215,IT,Information Technology
3697399225,DSGN,Design
3697399225,ART,Arts
3697399225,IT,Information Technology
3697399228,ACCT,Accounting
3697399228,FIN,Finance
3697399229,SALE,Sales
3697399229,BD,Business Development
3697399287,OTHR,Other
3697399291,OTHR,Other
3697399292,SALE,Sales
3697399292,BD,Business Development
3697399329,MGMT,Management
3697399329,MNFC,Manufacturing
3697399396,SALE,Sales
3697399396,BD,Business Development
3697399507,SALE,Sales
3697399507,BD,Business Development
3697399512,MGMT,Management
3697399512,MNFC,Manufacturing
3697399519,RSCH,Research
3697399519,ANLS,Analytics
3697399519,IT,Information Technology
3697399521,SALE,Sales
3697399521,BD,Business Development
3690665864,PRJM,Project Management
3690665864,IT,Information Technology
3697399524,PRJM,Project Management
3697399524,IT,Information Technology
3697399528,MGMT,Management
3697399528,MNFC,Manufacturing
3697399550,BD,Business Development
3697399550,ADM,Administration
3697399551,HCPR,Healthcare
3698000049,ACCT,Accounting
3698000049,FIN,Finance
3698000051,HCPR,Healthcare
3698000075,SALE,Sales
3698000075,BD,Business Development
3698000076,IT,Information Technology
3698000079,OTHR,Other
3698000101,SALE,Sales
3698000101,BD,Business Development
3698000106,OTHR,Other
3698000106,IT,Information Technology
3698000106,MGMT,Management
3698000136,SALE,Sales
3698000136,BD,Business Development
3698000140,ENG,Engineering
3698000140,IT,Information Technology
3698000148,HCPR,Healthcare
3698000150,OTHR,Other
3698000182,MGMT,Management
3698000182,MNFC,Manufacturing
3698000197,HCPR,Healthcare
3698000211,ACCT,Accounting
3698000211,FIN,Finance
3698000229,MRKT,Marketing
3698000229,SALE,Sales
3698000230,MRKT,Marketing
3698000230,SALE,Sales
3698000325,HR,Human Resources
3698000329,OTHR,Other
3698000355,SALE,Sales
3698000355,BD,Business Development
3698000361,MGMT,Management
3698000361,MNFC,Manufacturing
3698000367,SALE,Sales
3698000367,BD,Business Development
3698000374,IT,Information Technology
3698000378,IT,Information Technology
3698000379,IT,Information Technology
3698000383,MGMT,Management
3698000383,MNFC,Manufacturing
3698000384,SALE,Sales
3698000384,BD,Business Development
3698000409,HCPR,Healthcare
3698000411,ADM,Administration
3698000677,ACCT,Accounting
3698000677,FIN,Finance
3698001055,OTHR,Other
3698001068,OTHR,Other
3698001068,IT,Information Technology
3698001068,MGMT,Management
3698001090,GENB,General Business
3698001090,MGMT,Management
3698001090,BD,Business Development
3698001108,OTHR,Other
3698001116,ENG,Engineering
3698001116,IT,Information Technology
3698001131,OTHR,Other
3698001158,MGMT,Management
3698001158,MNFC,Manufacturing
3698001163,SALE,Sales
3698001163,BD,Business Development
3698001167,MGMT,Management
3698001167,MNFC,Manufacturing
3698001169,RSCH,Research
3698001169,ANLS,Analytics
3698001169,IT,Information Technology
3698001172,MGMT,Management
3698001172,MNFC,Manufacturing
3698001174,IT,Information Technology
3698001178,IT,Information Technology
3698001200,ACCT,Accounting
3698001200,FIN,Finance
3698001210,ADM,Administration
3698002011,IT,Information Technology
3698002060,MGMT,Management
3698002060,MNFC,Manufacturing
3694136602,HCPR,Healthcare
3694141048,IT,Information Technology
3698002063,QA,Quality Assurance
3698002085,MGMT,Management
3698002085,MNFC,Manufacturing
3698002088,SALE,Sales
3698002088,BD,Business Development
3698002094,MGMT,Management
3698002094,MNFC,Manufacturing
3698002100,MGMT,Management
3698002100,MNFC,Manufacturing
3698002121,ADM,Administration
3698002123,HCPR,Healthcare
3698002124,EDU,Education
3698002124,TRNG,Training
3698003009,SALE,Sales
3698003009,BD,Business Development
3698003010,MGMT,Management
3698003010,MNFC,Manufacturing
3698003011,SALE,Sales
3698003011,BD,Business Development
3698003012,MGMT,Management
3698003012,MNFC,Manufacturing
3698003023,IT,Information Technology
3698003024,IT,Information Technology
3698003025,IT,Information Technology
3698003026,SALE,Sales
3698003026,BD,Business Development
3698003029,MGMT,Management
3698003029,MNFC,Manufacturing
3698003030,OTHR,Other
3698003052,FIN,Finance
3698003052,ANLS,Analytics
3698003055,MGMT,Management
3698003055,MNFC,Manufacturing
3698003058,ADM,Administration
3698003059,HCPR,Healthcare
3698003060,ADM,Administration
3699040883,IT,Information Technology
3699041751,ENG,Engineering
3699041751,IT,Information Technology
3699044621,SALE,Sales
3699044621,ADVR,Advertising
3699046289,ENG,Engineering
3699046289,IT,Information Technology
3699047142,PRJM,Project Management
3699047142,IT,Information Technology
3699050769,HCPR,Healthcare
3699050801,MGMT,Management
3699050801,MNFC,Manufacturing
3699050802,MGMT,Management
3699050802,MNFC,Manufacturing
3699050878,PRCH,Procurement
3699050878,SUPL,Supply Chain
3699050879,IT,Information Technology
3699050880,MGMT,Management
3699050880,MNFC,Manufacturing
3699050895,QA,Quality Assurance
3699050905,ACCT,Accounting
3699050906,OTHR,Other
3699050907,QA,Quality Assurance
3699050908,OTHR,Other
3699050960,RSCH,Research
3699050960,ANLS,Analytics
3699050960,IT,Information Technology
3699050972,IT,Information Technology
3699051763,HCPR,Healthcare
3699051794,MGMT,Management
3699051794,MNFC,Manufacturing
3699051880,OTHR,Other
3699051892,MGMT,Management
3699051892,MNFC,Manufacturing
3699051903,OTHR,Other
3694135747,MGMT,Management
3694135747,MNFC,Manufacturing
3699051905,ACCT,Accounting
3699051907,ACCT,Accounting
3699051909,IT,Information Technology
3699051910,PRCH,Procurement
3699051910,SUPL,Supply Chain
3699051911,IT,Information Technology
3699052778,MGMT,Management
3699052778,MNFC,Manufacturing
3699052814,MGMT,Management
3699052814,MNFC,Manufacturing
3699052892,MGMT,Management
3699052892,MNFC,Manufacturing
3699052900,IT,Information Technology
3699052921,OTHR,Other
3699052922,OTHR,Other
3699052923,OTHR,Other
3699052927,OTHR,Other
3699052941,ACCT,Accounting
3699052941,FIN,Finance
3699052962,HCPR,Healthcare
3699052990,ACCT,Accounting
3699052990,CUST,Customer Service
3699052990,SALE,Sales
3699052993,OTHR,Other
3699053670,MGMT,Management
3699053670,MNFC,Manufacturing
3699053672,MGMT,Management
3699053672,MNFC,Manufacturing
3699053711,CNSL,Consulting
3699053711,IT,Information Technology
3699053711,SALE,Sales
3699053718,IT,Information Technology
3699053776,OTHR,Other
3699053778,EDU,Education
3699053779,ACCT,Accounting
3699053783,OTHR,Other
3699053789,MGMT,Management
3699053789,MNFC,Manufacturing
3699053790,SCI,Science
3699053790,IT,Information Technology
3699053790,ENG,Engineering
3699053809,FIN,Finance
3699053809,ACCT,Accounting
3699053812,SCI,Science
3699053812,IT,Information Technology
3699053812,ENG,Engineering
3699053833,RSCH,Research
3699053833,ANLS,Analytics
3699053833,IT,Information Technology
3699053873,OTHR,Other
3699053892,SALE,Sales
3699053892,BD,Business Development
3699053904,FIN,Finance
3699053904,ACCT,Accounting
3699053928,ENG,Engineering
3699053928,IT,Information Technology
3699053936,PRJM,Project Management
3699053936,IT,Information Technology
3699053936,ENG,Engineering
3699053957,SALE,Sales
3699053957,BD,Business Development
3699053958,FIN,Finance
3699053958,SALE,Sales
3699053978,OTHR,Other
3699053979,MGMT,Management
3699053979,MNFC,Manufacturing
3699053997,MRKT,Marketing
3699053997,IT,Information Technology
3699053997,SALE,Sales
3699054532,ADM,Administration
3699054533,RSCH,Research
3699054533,ANLS,Analytics
3699054533,IT,Information Technology
3699054570,OTHR,Other
3699054572,MGMT,Management
3699054572,MNFC,Manufacturing
3699054638,PRJM,Project Management
3699054638,IT,Information Technology
3699054639,ENG,Engineering
3699054639,IT,Information Technology
3699054653,SALE,Sales
3699054653,BD,Business Development
3699054654,SALE,Sales
3699054654,BD,Business Development
3699054655,OTHR,Other
2148434137,MRKT,Marketing
2148434137,IT,Information Technology
2148434686,IT,Information Technology
3694139294,IT,Information Technology
3694139294,FIN,Finance
3699054656,OTHR,Other
3699054661,OTHR,Other
3699054662,OTHR,Other
3699054664,OTHR,Other
3699054666,OTHR,Other
3699054696,ADM,Administration
3699054712,OTHR,Other
3699054767,MGMT,Management
3699054767,MNFC,Manufacturing
3699054769,OTHR,Other
3699054777,SALE,Sales
3699054777,BD,Business Development
3699054814,IT,Information Technology
3699054831,ENG,Engineering
3699054831,IT,Information Technology
3699054833,ENG,Engineering
3699054833,IT,Information Technology
3699054841,HCPR,Healthcare
3699054847,MGMT,Management
3699054847,MNFC,Manufacturing
3699054883,RSCH,Research
3699054883,ANLS,Analytics
3699054883,IT,Information Technology
3699054895,MGMT,Management
3699054895,MNFC,Manufacturing
3699054900,SALE,Sales
3699054900,BD,Business Development
3699054911,HCPR,Healthcare
3699054915,OTHR,Other
3699054931,ENG,Engineering
3699054931,IT,Information Technology
3699054938,LGL,Legal
3699054941,IT,Information Technology
3699054948,MGMT,Management
3699054948,PRJM,Project Management
3699054948,SALE,Sales
3699054949,SALE,Sales
3699054949,BD,Business Development
3699054955,SALE,Sales
3699054955,BD,Business Development
3699054969,PRJM,Project Management
3699054969,IT,Information Technology
3699054996,IT,Information Technology
3699054997,FIN,Finance
3699054997,ACCT,Accounting
3699055418,BD,Business Development
3699055418,SALE,Sales
3699055436,OTHR,Other
3699055438,OTHR,Other
3699055439,OTHR,Other
3699055440,MGMT,Management
3699055440,MNFC,Manufacturing
3699055517,PRDM,Product Management
3699055517,MRKT,Marketing
3699055530,OTHR,Other
3699055543,EDU,Education
3699055546,OTHR,Other
3699055557,SCI,Science
3699055557,IT,Information Technology
3699055557,ENG,Engineering
3699055558,SCI,Science
3699055558,IT,Information Technology
3699055558,ENG,Engineering
3699055654,MGMT,Management
3699055654,MNFC,Manufacturing
3699055655,MGMT,Management
3699055655,MNFC,Manufacturing
3699055656,OTHR,Other
3699055659,MGMT,Management
3699055659,MNFC,Manufacturing
3699055660,MGMT,Management
3699055660,MNFC,Manufacturing
3699055661,MGMT,Management
3699055661,MNFC,Manufacturing
3699055683,SALE,Sales
3699055683,BD,Business Development
3699055704,QA,Quality Assurance
3699055708,IT,Information Technology
3699055716,IT,Information Technology
3699055733,OTHR,Other
3699055737,PROD,Product Management
3699055737,IT,Information Technology
3699055737,ENG,Engineering
3699055750,SALE,Sales
3699055750,MGMT,Management
3699055756,BD,Business Development
3699055756,ENG,Engineering
3699055756,IT,Information Technology
3699055799,SALE,Sales
3699055799,MGMT,Management
3699055809,HCPR,Healthcare
3699055811,MGMT,Management
3699055811,MNFC,Manufacturing
3699055821,ENG,Engineering
3699055821,IT,Information Technology
3699055830,RSCH,Research
3699055830,ANLS,Analytics
3699055830,IT,Information Technology
3699055832,SALE,Sales
3699055832,MRKT,Marketing
3699055832,PRDM,Product Management
3699055835,MGMT,Management
3699055835,MNFC,Manufacturing
3699055837,SALE,Sales
3699055837,MGMT,Management
3699055843,IT,Information Technology
3699055863,IT,Information Technology
3699055886,FIN,Finance
3699055886,SALE,Sales
3699055896,IT,Information Technology
3699055899,OTHR,Other
3699055900,OTHR,Other
3699055930,ENG,Engineering
3699055930,MNFC,Manufacturing
3699055943,GENB,General Business
3699055943,MGMT,Management
3699055946,ENG,Engineering
3699055946,IT,Information Technology
3699055948,OTHR,Other
3699055956,HCPR,Healthcare
3699055957,PRCH,Procurement
3699055957,SUPL,Supply Chain
3699055961,IT,Information Technology
3699055966,SALE,Sales
3699055966,BD,Business Development
3699055971,PRDM,Product Management
3699055971,MRKT,Marketing
3699055995,OTHR,Other
3699056305,ADM,Administration
3699056350,MGMT,Management
3699056350,MNFC,Manufacturing
3699056428,OTHR,Other
3699056448,IT,Information Technology
3699056458,SALE,Sales
3699056458,BD,Business Development
3699056459,SALE,Sales
3699056459,BD,Business Development
3699056462,OTHR,Other
3699056467,OTHR,Other
3699056468,OTHR,Other
3699056502,FIN,Finance
3699056502,ACCT,Accounting
3699056505,MNFC,Manufacturing
3699056505,PROD,Product Management
3699056505,SCI,Science
3699056512,SCI,Science
3699056512,IT,Information Technology
3699056512,ENG,Engineering
3699056531,ACCT,Accounting
3699056531,FIN,Finance
3699056580,MGMT,Management
3699056580,MNFC,Manufacturing
3699056615,IT,Information Technology
3699056626,IT,Information Technology
3699056641,ENG,Engineering
3699056641,IT,Information Technology
3699056643,ENG,Engineering
3699056643,IT,Information Technology
3699056664,MGMT,Management
3699056664,MNFC,Manufacturing
3699056670,PRJM,Project Management
3699056670,IT,Information Technology
3699056678,ENG,Engineering
3699056678,IT,Information Technology
3699056686,FIN,Finance
3699056686,SALE,Sales
3699056695,IT,Information Technology
3699056701,SALE,Sales
3699056701,CUST,Customer Service
3699056729,HCPR,Healthcare
3699056738,FIN,Finance
3699056738,SALE,Sales
3699056742,FIN,Finance
3699056742,SALE,Sales
3699056750,SALE,Sales
3699056750,MGMT,Management
3699056789,ENG,Engineering
3699056789,IT,Information Technology
3699056795,FIN,Finance
3699056795,SALE,Sales
3699056816,OTHR,Other
3699056825,MGMT,Management
3699056825,MNFC,Manufacturing
3699056839,SALE,Sales
3699056851,HR,Human Resources
3699056861,IT,Information Technology
3699056865,PRCH,Procurement
3699056865,SUPL,Supply Chain
3699056870,ENG,Engineering
3699056870,IT,Information Technology
3699056875,SALE,Sales
3699056875,BD,Business Development
3699056883,PRJM,Project Management
3699056883,IT,Information Technology
3699056886,SALE,Sales
3699056886,BD,Business Development
3699056913,HCPR,Healthcare
3699056918,ENG,Engineering
3699056918,EDU,Education
3699056918,GENB,General Business
3699056921,OTHR,Other
3699056923,LGL,Legal
3699056930,ACCT,Accounting
3699056930,FIN,Finance
3699056931,BD,Business Development
3699056931,ENG,Engineering
3699056931,MRKT,Marketing
3699056933,MGMT,Management
3699056933,MNFC,Manufacturing
3699056934,ENG,Engineering
3699056934,IT,Information Technology
3699056951,ENG,Engineering
3699056951,IT,Information Technology
3699056964,ART,Arts
3699056964,PROD,Product Management
3699056964,PRJM,Project Management
3699056966,IT,Information Technology
2148434265,HCPR,Healthcare
3694138574,DSGN,Design
3694138574,ART,Arts
3694138574,IT,Information Technology
3699056999,ENG,Engineering
3699056999,DSGN,Design
3699057129,OTHR,Other
3699057131,MGMT,Management
3699057131,MNFC,Manufacturing
3699057134,MGMT,Management
3699057134,MNFC,Manufacturing
3699057188,MGMT,Management
3699057188,MNFC,Manufacturing
3699057233,OTHR,Other
3699057237,ACCT,Accounting
3699057238,ACCT,Accounting
3699057239,OTHR,Other
3699057240,OTHR,Other
3699057241,OTHR,Other
3699057243,OTHR,Other
3699057244,OTHR,Other
3699057245,OTHR,Other
3699057255,MGMT,Management
3699057255,MNFC,Manufacturing
3699057271,MNFC,Manufacturing
3699057271,PROD,Product Management
3699057271,SCI,Science
3699057347,MGMT,Management
3699057347,MNFC,Manufacturing
3699057348,OTHR,Other
3699057355,DSGN,Design
3699057355,SCI,Science
3699057355,ENG,Engineering
3699057367,SALE,Sales
3699057367,BD,Business Development
3699057370,SALE,Sales
3699057370,BD,Business Development
3699057371,SALE,Sales
3699057371,BD,Business Development
3699057398,IT,Information Technology
3699057402,IT,Information Technology
3699057409,ADM,Administration
3699057412,ENG,Engineering
3699057412,IT,Information Technology
3699057417,ENG,Engineering
3699057417,IT,Information Technology
3699057418,ENG,Engineering
3699057418,IT,Information Technology
3699057419,IT,Information Technology
3699057428,MGMT,Management
3699057428,MNFC,Manufacturing
3699057443,SALE,Sales
3699057443,MGMT,Management
3699057452,OTHR,Other
3699057452,IT,Information Technology
3699057452,MGMT,Management
3699057463,IT,Information Technology
3699057481,MGMT,Management
3699057481,MNFC,Manufacturing
3699057494,MGMT,Management
3699057494,MNFC,Manufacturing
3699057498,HCPR,Healthcare
3699057501,MGMT,Management
3699057501,MNFC,Manufacturing
3699057509,IT,Information Technology
3699057511,MGMT,Management
3699057511,MNFC,Manufacturing
3699057540,SALE,Sales
3699057540,BD,Business Development
3699057565,MGMT,Management
3699057565,TRNG,Training
3699057565,GENB,General Business
3699057579,OTHR,Other
3699057583,ENG,Engineering
3699057583,IT,Information Technology
3699057602,DSGN,Design
3699057608,ADM,Administration
3699057609,IT,Information Technology
3699057610,IT,Information Technology
3699057613,SALE,Sales
3699057613,OTHR,Other
3699057613,CUST,Customer Service
3699057624,IT,Information Technology
2148434647,GENB,General Business
3699057628,DSGN,Design
3699057628,ART,Arts
3699057628,IT,Information Technology
3699057633,BD,Business Development
3699057633,SALE,Sales
3699057638,MGMT,Management
3699057638,MNFC,Manufacturing
3699057640,PRCH,Procurement
3699057640,SUPL,Supply Chain
3699057642,PRCH,Procurement
3699057642,SUPL,Supply Chain
3699057650,MRKT,Marketing
3699057650,PR,Public Relations
3699057650,WRT,Writing
3699057657,FIN,Finance
3699057657,SALE,Sales
3699057660,MGMT,Management
3699057660,MNFC,Manufacturing
3699057675,ENG,Engineering
3699057675,IT,Information Technology
3699057684,MGMT,Management
3699057684,MNFC,Manufacturing
3699057685,IT,Information Technology
3699057694,LGL,Legal
3699057697,MRKT,Marketing
3699057697,SALE,Sales
3699057704,IT,Information Technology
3699057704,ENG,Engineering
3699057706,OTHR,Other
3699057778,MRKT,Marketing
3699057778,PR,Public Relations
3699057778,WRT,Writing
3699057781,IT,Information Technology
3699057781,MRKT,Marketing
3699057781,PRJM,Project Management
3699057782,FIN,Finance
3699057784,FIN,Finance
3699057849,IT,Information Technology
3699057855,PRJM,Project Management
3699057855,CUST,Customer Service
3699057855,BD,Business Development
3699057886,IT,Information Technology
3699057889,BD,Business Development
3699057889,SALE,Sales
3699057919,OTHR,Other
3699057919,DIST,Distribution
3699057919,SUPL,Supply Chain
3699058043,MGMT,Management
3699058043,MNFC,Manufacturing
3699058044,MGMT,Management
3699058044,MNFC,Manufacturing
3699058045,MGMT,Management
3699058045,MNFC,Manufacturing
3699058046,OTHR,Other
3699058080,IT,Information Technology
3699058083,IT,Information Technology
3699058091,ENG,Engineering
3699058091,IT,Information Technology
3699058094,ENG,Engineering
3699058094,IT,Information Technology
3694135801,ENG,Engineering
3694135801,IT,Information Technology
3694135813,FIN,Finance
3694135813,ACCT,Accounting
3699058095,MRKT,Marketing
3699058095,SALE,Sales
3699058135,ENG,Engineering
3699058135,IT,Information Technology
3699058137,RSCH,Research
3699058137,ANLS,Analytics
3699058137,IT,Information Technology
3699058158,SALE,Sales
3699058158,MGMT,Management
3699058170,FIN,Finance
3699058170,SALE,Sales
3699058178,FIN,Finance
3699058178,SALE,Sales
3699058194,ENG,Engineering
3699058194,IT,Information Technology
3699058195,MRKT,Marketing
3699058195,SALE,Sales
3699058196,ADM,Administration
3699058244,SALE,Sales
3699058244,BD,Business Development
3699058265,IT,Information Technology
3699058268,OTHR,Other
3699058269,OTHR,Other
3699058270,OTHR,Other
3699058287,PRCH,Procurement
3699058287,SUPL,Supply Chain
3699058296,FIN,Finance
3699058296,IT,Information Technology
3699058296,GENB,General Business
3699058305,IT,Information Technology
3699058307,IT,Information Technology
3699058317,ENG,Engineering
3699058317,IT,Information Technology
3699058320,ENG,Engineering
3699058320,DSGN,Design
3699058330,PRCH,Procurement
3699058330,SUPL,Supply Chain
3699058338,ENG,Engineering
3699058338,IT,Information Technology
3699058357,PRCH,Procurement
3699058357,SUPL,Supply Chain
3699058364,IT,Information Technology
3699058369,IT,Information Technology
3699058373,QA,Quality Assurance
3699058373,PRJM,Project Management
3699058373,PRDM,Product Management
3699058376,IT,Information Technology
3699058378,DSGN,Design
3699058380,FIN,Finance
3699058380,SALE,Sales
3699058403,MGMT,Management
3699058403,MNFC,Manufacturing
3699058406,OTHR,Other
2148434725,HCPR,Healthcare
2148434726,HCPR,Healthcare
3694136714,IT,Information Technology
3694139282,ENG,Engineering
3694139282,IT,Information Technology
3699058426,ACCT,Accounting
3699058426,FIN,Finance
3699058510,IT,Information Technology
3699058510,ENG,Engineering
3699058541,FIN,Finance
3699058570,OTHR,Other
3699058638,ENG,Engineering
3699059018,MGMT,Management
3699059018,MNFC,Manufacturing
3699059019,MGMT,Management
3699059019,MNFC,Manufacturing
3699059056,IT,Information Technology
3699059056,CNSL,Consulting
3699059056,OTHR,Other
3699059074,LGL,Legal
3699059075,IT,Information Technology
3699059079,IT,Information Technology
3699059082,IT,Information Technology
3694135861,ADM,Administration
3699059097,ENG,Engineering
3699059097,IT,Information Technology
3699059102,MGMT,Management
3699059102,MNFC,Manufacturing
3699059117,MGMT,Management
3699059117,MNFC,Manufacturing
3699059124,ACCT,Accounting
3699059124,FIN,Finance
3699059166,SALE,Sales
3699059170,MRKT,Marketing
3699059170,PR,Public Relations
3699059170,WRT,Writing
3699059176,ACCT,Accounting
3699059176,FIN,Finance
3699059182,PRJM,Project Management
3699059188,FIN,Finance
3699059188,SALE,Sales
3699059194,SALE,Sales
3699059194,MRKT,Marketing
3699059194,PRDM,Product Management
3699059205,MGMT,Management
3699059205,MNFC,Manufacturing
3699059206,MGMT,Management
3699059206,MNFC,Manufacturing
3699059208,MGMT,Management
3699059208,MNFC,Manufacturing
3699059221,MRKT,Marketing
3699059221,PR,Public Relations
3699059221,WRT,Writing
3699059255,MGMT,Management
3699059255,MNFC,Manufacturing
3699059272,HCPR,Healthcare
3699059275,SALE,Sales
3699059275,BD,Business Development
3699059281,ADM,Administration
3699059291,ENG,Engineering
3699059297,ENG,Engineering
3699059297,IT,Information Technology
3699059299,PRJM,Project Management
3699059299,SUPL,Supply Chain
3699059299,ENG,Engineering
3699059301,SALE,Sales
3699059301,OTHR,Other
3699059301,CUST,Customer Service
3699059309,MGMT,Management
3699059309,MNFC,Manufacturing
3699059311,BD,Business Development
3699059311,ENG,Engineering
3699059311,MRKT,Marketing
3699059327,IT,Information Technology
3699059331,DSGN,Design
3699059331,ART,Arts
3699059331,IT,Information Technology
3699059332,FIN,Finance
3699059332,SALE,Sales
3699059341,SALE,Sales
3699059341,BD,Business Development
3699059345,ACCT,Accounting
3699059345,FIN,Finance
3699059367,OTHR,Other
3699059369,DSGN,Design
3699059379,MGMT,Management
3699059379,MNFC,Manufacturing
3699059380,OTHR,Other
3699059383,MGMT,Management
3699059383,MNFC,Manufacturing
3699059384,RSCH,Research
3699059384,ANLS,Analytics
3699059384,IT,Information Technology
3699059394,IT,Information Technology
3699059400,OTHR,Other
3699059413,IT,Information Technology
3699059415,ENG,Engineering
3699059418,MGMT,Management
3699059418,MNFC,Manufacturing
3699059454,MGMT,Management
3699059454,MNFC,Manufacturing
3699059479,IT,Information Technology
3699059522,ACCT,Accounting
3699059522,FIN,Finance
3699059579,ADM,Administration
3699059632,MGMT,Management
3699059656,ENG,Engineering
3699059656,MNFC,Manufacturing
3699059663,DSGN,Design
3699059663,ENG,Engineering
3699059663,PRJM,Project Management
3699060007,MGMT,Management
3699060007,MNFC,Manufacturing
3699060028,SALE,Sales
3699060028,BD,Business Development
3699060033,SALE,Sales
3699060033,BD,Business Development
3699060035,SALE,Sales
3699060035,BD,Business Development
3699060044,RSCH,Research
3699060044,ANLS,Analytics
3699060044,IT,Information Technology
3699060052,IT,Information Technology
3699060067,ENG,Engineering
3699060067,IT,Information Technology
3699060071,ENG,Engineering
3699060071,IT,Information Technology
3699060076,ENG,Engineering
3699060076,IT,Information Technology
3699060082,RSCH,Research
3699060082,ANLS,Analytics
3699060082,IT,Information Technology
3699060083,PROD,Product Management
3699060083,IT,Information Technology
3699060083,ENG,Engineering
3699060136,ACCT,Accounting
3699060136,FIN,Finance
3699060145,IT,Information Technology
3699060147,SALE,Sales
3699060147,MGMT,Management
3699060150,MGMT,Management
3699060150,MNFC,Manufacturing
3699060153,FIN,Finance
3699060153,SALE,Sales
3699060164,FIN,Finance
3699060164,ANLS,Analytics
3699060164,ACCT,Accounting
3694136719,HR,Human Resources
3694138652,CNSL,Consulting
3694138652,OTHR,Other
3699060166,ENG,Engineering
3699060166,IT,Information Technology
3699060168,MGMT,Management
3699060168,MNFC,Manufacturing
3699060190,IT,Information Technology
3699060211,BD,Business Development
3699060211,SALE,Sales
3699060218,ENG,Engineering
3699060218,IT,Information Technology
3699060220,ENG,Engineering
3699060220,IT,Information Technology
3699060221,OTHR,Other
3699060223,MGMT,Management
3699060234,ACCT,Accounting
3699060234,FIN,Finance
3699060247,IT,Information Technology
3699060260,MGMT,Management
3699060260,MNFC,Manufacturing
3699060299,PRJM,Project Management
3699060299,IT,Information Technology
3699060316,IT,Information Technology
3699060323,DSGN,Design
3699060323,ENG,Engineering
3699060343,RSCH,Research
3699060343,ANLS,Analytics
3699060343,IT,Information Technology
3699060383,QA,Quality Assurance
3699060412,ART,Arts
3699060412,MGMT,Management
3699060412,PRJM,Project Management
3699060413,ENG,Engineering
3699060413,IT,Information Technology
3699060414,ENG,Engineering
3699060414,MNFC,Manufacturing
3699060414,PRDM,Product Management
3699060416,MRKT,Marketing
3699060416,PR,Public Relations
3699060416,WRT,Writing
3699060428,ADM,Administration
3699060500,ENG,Engineering
3699060500,IT,Information Technology
3699061004,MRKT,Marketing
3699061004,SALE,Sales
3699061010,HCPR,Healthcare
3699061012,MGMT,Management
3699061012,MNFC,Manufacturing
3699061022,FIN,Finance
3699061022,SALE,Sales
3699061031,ACCT,Accounting
3699061031,FIN,Finance
3699061033,ENG,Engineering
3699061036,MGMT,Management
3699061036,MNFC,Manufacturing
3699061038,MGMT,Management
3699061038,MNFC,Manufacturing
3699061072,MGMT,Management
3699061072,MNFC,Manufacturing
3699061078,SALE,Sales
3699061078,BD,Business Development
3699061110,FIN,Finance
3699061115,ENG,Engineering
3699061115,IT,Information Technology
3699061125,OTHR,Other
3699061155,IT,Information Technology
3699061172,CNSL,Consulting
3699061172,IT,Information Technology
3699061172,SALE,Sales
3699061176,MRKT,Marketing
3699061176,SALE,Sales
3699061178,PRCH,Procurement
3699061178,SUPL,Supply Chain
3699061185,IT,Information Technology
3699061190,SALE,Sales
3699061190,BD,Business Development
3699061191,IT,Information Technology
3699061226,IT,Information Technology
3699061242,RSCH,Research
3699061242,ANLS,Analytics
3699061242,IT,Information Technology
3699061256,QA,Quality Assurance
3699061258,ENG,Engineering
3699061258,IT,Information Technology
3699061268,OTHR,Other
3699061276,ACCT,Accounting
3699061296,ENG,Engineering
3699061320,ANLS,Analytics
3699061320,HR,Human Resources
3699061320,HCPR,Healthcare
3699061333,FIN,Finance
3699061493,IT,Information Technology
3699062002,OTHR,Other
3699062003,OTHR,Other
3699062004,OTHR,Other
3699062011,HR,Human Resources
3699062012,FIN,Finance
3699062012,SALE,Sales
3699062038,SALE,Sales
3699062038,OTHR,Other
3699062038,CUST,Customer Service
3699062039,IT,Information Technology
3699062040,IT,Information Technology
3699062042,ENG,Engineering
3699062042,IT,Information Technology
3699062052,CNSL,Consulting
3699062052,IT,Information Technology
3699062052,SALE,Sales
3699062061,SALE,Sales
3699062061,BD,Business Development
2649106600,ENG,Engineering
2649106600,IT,Information Technology
3699062070,PRCH,Procurement
3699062070,SUPL,Supply Chain
3699062107,ADM,Administration
3699062109,RSCH,Research
3699062109,ANLS,Analytics
3699062109,IT,Information Technology
3699062114,DSGN,Design
3699062114,MNFC,Manufacturing
3699062141,LGL,Legal
3699062148,DSGN,Design
3699062151,ENG,Engineering
3699062151,IT,Information Technology
3699062159,OTHR,Other
3699062167,DSGN,Design
3699062167,ART,Arts
3699062167,IT,Information Technology
3699062179,RSCH,Research
3699062214,ENG,Engineering
3699062216,FIN,Finance
3699062338,LGL,Legal
3699062338,FIN,Finance
3699062358,MNFC,Manufacturing
3699062358,OTHR,Other
3699062358,SUPL,Supply Chain
3699062432,MNFC,Manufacturing
3699063002,HCPR,Healthcare
3699063014,MGMT,Management
3699063014,MNFC,Manufacturing
3699063015,IT,Information Technology
3699063038,ENG,Engineering
3699063038,IT,Information Technology
3699063042,OTHR,Other
3699063054,ANLS,Analytics
3699063059,ADM,Administration
3699063059,HCPR,Healthcare
3699063059,OTHR,Other
3699063102,ENG,Engineering
3699063115,FIN,Finance
3699063164,ENG,Engineering
3699063164,IT,Information Technology
3699063171,ADM,Administration
3699063210,ENG,Engineering
3699063210,IT,Information Technology
3699063216,CNSL,Consulting
3699063216,IT,Information Technology
3699063242,IT,Information Technology
3699063254,SALE,Sales
3699063254,BD,Business Development
3699063257,LGL,Legal
3699063270,ACCT,Accounting
3699063300,IT,Information Technology
3699064017,OTHR,Other
3699064035,BD,Business Development
3699064035,ADM,Administration
3699064035,ACCT,Accounting
3699064037,FIN,Finance
3699064087,MGMT,Management
3699064489,OTHR,Other
3699066624,ENG,Engineering
3699066624,IT,Information Technology
3699066867,SALE,Sales
3699066867,BD,Business Development
3699066907,OTHR,Other
3699067904,MGMT,Management
3699067904,MNFC,Manufacturing
3699067912,OTHR,Other
3699068764,HCPR,Healthcare
3699069227,DIST,Distribution
3699069227,SUPL,Supply Chain
3699070544,OTHR,Other
3699070544,IT,Information Technology
3699070544,MGMT,Management
3699070580,FIN,Finance
3699070580,SALE,Sales
3676480207,SALE,Sales
3676480207,BD,Business Development
3694124577,IT,Information Technology
3694135935,BD,Business Development
3694135935,SALE,Sales
3694135935,RSCH,Research
3694136835,IT,Information Technology
3694136835,CNSL,Consulting
3694138581,MRKT,Marketing
3694138756,ENG,Engineering
3694138756,IT,Information Technology
3694138802,PRJM,Project Management
3694138802,ENG,Engineering
3694138802,STRA,Strategy
3694139469,ENG,Engineering
3694139469,RSCH,Research
3694139469,IT,Information Technology
3694140447,RSCH,Research
3694140447,ANLS,Analytics
3694140447,IT,Information Technology
3694141360,MRKT,Marketing
3694141360,PR,Public Relations
3694141360,WRT,Writing
3694142328,MGMT,Management
3694142328,BD,Business Development
3694142333,ENG,Engineering
3694142333,IT,Information Technology
3694142349,ENG,Engineering
3694142349,RSCH,Research
3694142349,IT,Information Technology
3699070645,MGMT,Management
3699070645,MNFC,Manufacturing
3699070652,OTHR,Other
3699070813,ACCT,Accounting
3699070813,FIN,Finance
3699071649,MGMT,Management
3699071649,MNFC,Manufacturing
3699071800,MGMT,Management
3699071800,MNFC,Manufacturing
3699071835,RSCH,Research
3699071835,ANLS,Analytics
3699071835,IT,Information Technology
3699071946,MRKT,Marketing
3699072413,FIN,Finance
3699072413,SALE,Sales
3699073101,ACCT,Accounting
3699073101,MGMT,Management
3699073157,HCPR,Healthcare
3699073159,IT,Information Technology
3699073263,HCPR,Healthcare
3699073278,OTHR,Other
3699073515,SALE,Sales
3699073515,BD,Business Development
3699073716,MGMT,Management
3699073716,MNFC,Manufacturing
3699073727,MGMT,Management
3699073727,MNFC,Manufacturing
3699073806,QA,Quality Assurance
3699073862,HCPR,Healthcare
3699073905,FIN,Finance
3699073905,SALE,Sales
3699074159,MGMT,Management
3699074159,MNFC,Manufacturing
3699074226,SALE,Sales
3699074370,SALE,Sales
3699074370,BD,Business Development
3699074564,MGMT,Management
3699074564,MNFC,Manufacturing
3699074602,SALE,Sales
3699074700,ART,Arts
3699074700,DSGN,Design
3699074700,ENG,Engineering
3699074702,GENB,General Business
3699074702,STRA,Strategy
3699074702,CNSL,Consulting
3699074725,HCPR,Healthcare
3699074773,HCPR,Healthcare
3699074775,HCPR,Healthcare
3699074777,MGMT,Management
3699074777,HCPR,Healthcare
3699074783,PRJM,Project Management
3699074783,STRA,Strategy
3699074783,OTHR,Other
3699074827,HCPR,Healthcare
3699074848,ADM,Administration
3699074848,HCPR,Healthcare
3699074860,HCPR,Healthcare
3699074921,ENG,Engineering
3699074921,IT,Information Technology
3699074982,HCPR,Healthcare
3699074982,ACCT,Accounting
3699074987,PRJM,Project Management
3699074987,IT,Information Technology
3699074994,PRJM,Project Management
3699074994,IT,Information Technology
3699075216,SALE,Sales
3699075216,BD,Business Development
3699075389,MGMT,Management
3699075389,MNFC,Manufacturing
3699075390,SALE,Sales
3699075390,BD,Business Development
3699075396,MGMT,Management
3699075396,MNFC,Manufacturing
3699075476,FIN,Finance
3699075476,SALE,Sales
3699075534,SALE,Sales
3699075534,BD,Business Development
3699075534,IT,Information Technology
3699075560,SALE,Sales
3699075680,PRJM,Project Management
3699075680,CNSL,Consulting
3699075680,ENG,Engineering
3699075684,PRJM,Project Management
3699075684,STRA,Strategy
3699075684,OTHR,Other
3699075688,GENB,General Business
3699075688,STRA,Strategy
3699075688,CNSL,Consulting
3699075689,GENB,General Business
3699075689,STRA,Strategy
3699075689,CNSL,Consulting
3699075690,SALE,Sales
3699075698,SALE,Sales
3699075699,SALE,Sales
3699075713,MGMT,Management
3699075713,HCPR,Healthcare
3699075716,PROD,Product Management
3699075720,IT,Information Technology
3699075720,ENG,Engineering
3699075793,HCPR,Healthcare
3699075794,HCPR,Healthcare
3699075797,HCPR,Healthcare
3699075799,HCPR,Healthcare
3699075804,PRJM,Project Management
3699075804,STRA,Strategy
3699075804,OTHR,Other
3699075848,HCPR,Healthcare
3699075897,SALE,Sales
3699075897,BD,Business Development
3699075928,ADM,Administration
3699075928,HCPR,Healthcare
3699075931,IT,Information Technology
3699075944,MGMT,Management
3699075944,MNFC,Manufacturing
3699075985,OTHR,Other
3699076184,FIN,Finance
3699076184,SALE,Sales
3699076648,GENB,General Business
3699076648,STRA,Strategy
3699076648,CNSL,Consulting
3699076649,SALE,Sales
3699076657,SALE,Sales
3699076670,PRJM,Project Management
3699076670,IT,Information Technology
3699076671,OTHR,Other
3699076673,MGMT,Management
3699076673,MNFC,Manufacturing
3699076685,MGMT,Management
3699076685,MNFC,Manufacturing
3699076695,EDU,Education
3699076695,TRNG,Training
3699076756,HCPR,Healthcare
3699076758,IT,Information Technology
3699076758,ENG,Engineering
3699076759,HCPR,Healthcare
3699076761,HCPR,Healthcare
3699076767,PRJM,Project Management
3699076767,STRA,Strategy
3699076767,OTHR,Other
3699076793,EDU,Education
3699076793,TRNG,Training
3699076796,HCPR,Healthcare
3699076815,HCPR,Healthcare
3699076837,ADM,Administration
3699076837,HCPR,Healthcare
3699076838,HCPR,Healthcare
3699076849,HCPR,Healthcare
3699076873,HCPR,Healthcare
3699076961,MRKT,Marketing
3699076961,PR,Public Relations
3699076961,WRT,Writing
3699076984,MGMT,Management
3699076984,MNFC,Manufacturing
3699077001,ADM,Administration
3699077001,CUST,Customer Service
3699077151,FIN,Finance
3699077151,SALE,Sales
3699077273,SALE,Sales
3699077273,BD,Business Development
3699077297,ENG,Engineering
3699077297,IT,Information Technology
3699077309,OTHR,Other
3699077352,QA,Quality Assurance
3699077388,PRJM,Project Management
3699077388,IT,Information Technology
3699077610,GENB,General Business
3699077610,STRA,Strategy
3699077610,CNSL,Consulting
3699077612,SALE,Sales
3699077624,MGMT,Management
3699077624,MNFC,Manufacturing
3699077625,MGMT,Management
3699077625,MNFC,Manufacturing
3699077627,MGMT,Management
3699077627,MNFC,Manufacturing
3699077628,PRJM,Project Management
3699077628,CNSL,Consulting
3699077628,ENG,Engineering
3699077680,HCPR,Healthcare
3699077683,HCPR,Healthcare
3699077705,HCPR,Healthcare
3699077710,HCPR,Healthcare
3699077714,IT,Information Technology
3699077714,ENG,Engineering
3699077715,IT,Information Technology
3699077715,ENG,Engineering
3699077744,ADM,Administration
3699077744,HCPR,Healthcare
3699077757,HCPR,Healthcare
3699077778,ADM,Administration
3699077778,HCPR,Healthcare
3699077807,MGMT,Management
3699077807,MNFC,Manufacturing
3699077913,IT,Information Technology
3699077949,MGMT,Management
3699077949,HCPR,Healthcare
3699077974,HCPR,Healthcare
3699078227,GENB,General Business
3699078227,IT,Information Technology
3699078227,CUST,Customer Service
3699078254,SALE,Sales
3699078378,PRJM,Project Management
3699078378,CNSL,Consulting
3699078378,ENG,Engineering
3699078388,ART,Arts
3699078388,DSGN,Design
3699078388,ENG,Engineering
3699078392,GENB,General Business
3699078392,STRA,Strategy
3699078392,CNSL,Consulting
3699078396,SALE,Sales
3699078405,ENG,Engineering
3699078408,SALE,Sales
3699078416,MGMT,Management
3699078416,MNFC,Manufacturing
3699078487,HCPR,Healthcare
3699078495,IT,Information Technology
3699078495,ENG,Engineering
3699078501,PRJM,Project Management
3699078501,STRA,Strategy
3699078501,OTHR,Other
3699078515,HCPR,Healthcare
3699078567,HCPR,Healthcare
3699078576,MGMT,Management
3699078576,MNFC,Manufacturing
3699078581,HCPR,Healthcare
3699078617,EDU,Education
3699078617,TRNG,Training
3699078648,GENB,General Business
3699078648,STRA,Strategy
3699078648,CNSL,Consulting
3699078649,GENB,General Business
3699078649,STRA,Strategy
3699078649,CNSL,Consulting
3699078675,HCPR,Healthcare
3699078713,HCPR,Healthcare
3699078736,PRJM,Project Management
3699078736,IT,Information Technology
3699078761,MRKT,Marketing
3699078761,SALE,Sales
3699078768,IT,Information Technology
3699078768,ENG,Engineering
3699078781,MGMT,Management
3699078781,MNFC,Manufacturing
3699078793,EDU,Education
3699078793,TRNG,Training
3699078816,SALE,Sales
3699078820,SALE,Sales
3699078820,BD,Business Development
3699078822,HCPR,Healthcare
3699078832,ADM,Administration
3699078853,SALE,Sales
3699078853,BD,Business Development
3699078858,HCPR,Healthcare
3699078872,SALE,Sales
3699078872,BD,Business Development
3699078876,MGMT,Management
3699078876,MNFC,Manufacturing
3699078877,SALE,Sales
3699078877,BD,Business Development
3699078885,HCPR,Healthcare
3699078898,MGMT,Management
3699078898,MNFC,Manufacturing
3699078920,SALE,Sales
3699078920,BD,Business Development
3699078926,IT,Information Technology
3699079086,SALE,Sales
3699079086,BD,Business Development
3699079282,MGMT,Management
3699079282,MNFC,Manufacturing
3699079300,MRKT,Marketing
3699079300,SALE,Sales
3699079335,SALE,Sales
3699079410,PRJM,Project Management
3699079410,CNSL,Consulting
3699079410,ENG,Engineering
3699079423,GENB,General Business
3699079423,STRA,Strategy
3699079423,CNSL,Consulting
3699079427,ENG,Engineering
3699079452,MGMT,Management
3699079452,MNFC,Manufacturing
3699079484,ADM,Administration
3699079484,HCPR,Healthcare
3694137772,MGMT,Management
3694137772,MNFC,Manufacturing
3694140771,BD,Business Development
3694140771,SALE,Sales
3694140771,OTHR,Other
3699079492,ACCT,Accounting
3699079492,FIN,Finance
3699079525,HCPR,Healthcare
3699079527,HCPR,Healthcare
3699079534,HCPR,Healthcare
3699079586,HCPR,Healthcare
3699079602,ADM,Administration
3699079602,HCPR,Healthcare
3699079604,ADM,Administration
3699079604,HCPR,Healthcare
3699079629,MGMT,Management
3699079629,MNFC,Manufacturing
3699079632,EDU,Education
3699079632,TRNG,Training
3699079637,HCPR,Healthcare
3699079639,ADM,Administration
3699079639,HCPR,Healthcare
3699079651,MGMT,Management
3699079651,HCPR,Healthcare
3699079657,PRJM,Project Management
3699079657,IT,Information Technology
3699079673,ADM,Administration
3699079673,HCPR,Healthcare
3699079750,PRJM,Project Management
3699079750,IT,Information Technology
3699079770,QA,Quality Assurance
3699079771,ANLS,Analytics
3699079806,PRJM,Project Management
3699079806,IT,Information Technology
3699079813,ADM,Administration
3699079816,HCPR,Healthcare
3699079821,ADM,Administration
3699079822,FIN,Finance
3699079822,SALE,Sales
3699079828,SALE,Sales
3699079828,BD,Business Development
3699079838,OTHR,Other
3699079842,ENG,Engineering
3699079842,IT,Information Technology
3699079848,FIN,Finance
3699079848,SALE,Sales
3699079859,ACCT,Accounting
3699079859,FIN,Finance
3699079863,ENG,Engineering
3699079863,IT,Information Technology
3699079877,SALE,Sales
3699079877,BD,Business Development
3699079878,SALE,Sales
3699079878,BD,Business Development
3699079880,SALE,Sales
3699079880,BD,Business Development
3699079884,LGL,Legal
3699079903,SALE,Sales
3699079903,BD,Business Development
3699079904,PRJM,Project Management
3699079904,IT,Information Technology
3699079928,MGMT,Management
3699079928,MNFC,Manufacturing
3699079941,HCPR,Healthcare
3699079956,HCPR,Healthcare
3699080116,SALE,Sales
3699080117,SALE,Sales
3699080118,SALE,Sales
3699080165,SALE,Sales
3699080250,ART,Arts
3699080250,DSGN,Design
3699080250,ENG,Engineering
3699080266,SALE,Sales
3699080267,SALE,Sales
3699080276,MGMT,Management
3699080276,MNFC,Manufacturing
3699080278,MGMT,Management
3699080278,MNFC,Manufacturing
3699080284,RSCH,Research
3699080284,ANLS,Analytics
3699080284,IT,Information Technology
3699080318,ADM,Administration
3699080318,HCPR,Healthcare
3699080330,BD,Business Development
3699080330,SALE,Sales
3699080343,HCPR,Healthcare
3699080365,ADM,Administration
3699080365,HCPR,Healthcare
3699080381,OTHR,Other
3699080393,HCPR,Healthcare
3699080420,MRKT,Marketing
3699080420,SALE,Sales
3699080440,IT,Information Technology
3699080440,ENG,Engineering
3699080452,PRCH,Procurement
3699080452,SUPL,Supply Chain
3699080459,IT,Information Technology
3699080459,ENG,Engineering
3699080477,GENB,General Business
3699080477,STRA,Strategy
3699080477,CNSL,Consulting
3699080486,SALE,Sales
3699080520,MGMT,Management
3699080520,MNFC,Manufacturing
3699080537,ADM,Administration
3699080537,HCPR,Healthcare
3699080547,PRJM,Project Management
3699080547,IT,Information Technology
3699080554,PRJM,Project Management
3699080554,IT,Information Technology
3699080567,IT,Information Technology
3699080568,HCPR,Healthcare
3699080611,OTHR,Other
3699080616,MGMT,Management
3699080616,MNFC,Manufacturing
3699080630,HCPR,Healthcare
3699080631,SALE,Sales
3699080631,BD,Business Development
3699080646,HCPR,Healthcare
3699080648,HCPR,Healthcare
3699080656,ENG,Engineering
3699080656,IT,Information Technology
3699080664,MNFC,Manufacturing
3699080678,PRCH,Procurement
3699080678,SUPL,Supply Chain
3699080682,IT,Information Technology
3699080682,ENG,Engineering
3699080683,MGMT,Management
3699080683,MNFC,Manufacturing
3699080691,ENG,Engineering
3699080691,IT,Information Technology
3699080693,ENG,Engineering
3699080693,IT,Information Technology
3699080697,SALE,Sales
3699080697,BD,Business Development
3699080699,SALE,Sales
3699080699,BD,Business Development
3699080717,SALE,Sales
3699080717,BD,Business Development
3699080720,ADM,Administration
3699080720,CUST,Customer Service
3699080730,SALE,Sales
3699080730,BD,Business Development
3699080770,ENG,Engineering
3699080770,IT,Information Technology
3699080792,BD,Business Development
3699080792,SALE,Sales
3699080795,FIN,Finance
3699080795,SALE,Sales
3699080808,ADM,Administration
3699080819,IT,Information Technology
3699080831,HCPR,Healthcare
3699080849,PRJM,Project Management
3699080849,IT,Information Technology
3699080853,ENG,Engineering
3699080853,IT,Information Technology
3699080854,RSCH,Research
3699080854,ANLS,Analytics
3699080854,IT,Information Technology
3699080871,BD,Business Development
3699080871,SALE,Sales
3699080874,RSCH,Research
3699080874,ANLS,Analytics
3699080874,IT,Information Technology
3699080876,PRJM,Project Management
3699080876,IT,Information Technology
3699080884,HCPR,Healthcare
3699080888,HCPR,Healthcare
3699080889,OTHR,Other
3699080889,IT,Information Technology
3699080889,MGMT,Management
3699080894,IT,Information Technology
3699080902,HCPR,Healthcare
3699080908,PRJM,Project Management
3699080908,IT,Information Technology
3699080910,IT,Information Technology
3699080936,SALE,Sales
3699080944,SCI,Science
3699080944,CNSL,Consulting
3699080944,ENG,Engineering
3699080945,SCI,Science
3699080945,CNSL,Consulting
3699080945,ENG,Engineering
3699080953,HCPR,Healthcare
3699080954,HCPR,Healthcare
3699080955,OTHR,Other
3699080958,HR,Human Resources
3699080962,MGMT,Management
3699080962,MNFC,Manufacturing
3690851117,LGL,Legal
3694142666,FIN,Finance
3694142666,SALE,Sales
3699080970,MGMT,Management
3699080970,MNFC,Manufacturing
3699080980,ENG,Engineering
3699080980,IT,Information Technology
3699080981,SALE,Sales
3699080981,BD,Business Development
3699080982,OTHR,Other
3699080983,GENB,General Business
3699080984,GENB,General Business
3699080994,MGMT,Management
3699080994,MNFC,Manufacturing
3699081039,GENB,General Business
3699081039,STRA,Strategy
3699081039,CNSL,Consulting
3699081042,SALE,Sales
3699081063,MGMT,Management
3699081063,MNFC,Manufacturing
3699081065,MGMT,Management
3699081065,MNFC,Manufacturing
3699081139,HCPR,Healthcare
3699081140,HCPR,Healthcare
3699081142,HCPR,Healthcare
3699081143,HCPR,Healthcare
3699081200,IT,Information Technology
3699081223,MGMT,Management
3699081223,MNFC,Manufacturing
3699081224,OTHR,Other
3699081224,IT,Information Technology
3699081224,MGMT,Management
3699081225,HCPR,Healthcare
3699081229,ADM,Administration
3699081229,HCPR,Healthcare
3699081266,RSCH,Research
3699081266,ANLS,Analytics
3699081266,IT,Information Technology
3699081285,HCPR,Healthcare
3699081296,SALE,Sales
3699081296,BD,Business Development
3699081299,HCPR,Healthcare
3699081317,HCPR,Healthcare
3699081318,GENB,General Business
3699081318,STRA,Strategy
3699081318,CNSL,Consulting
3699081387,MGMT,Management
3699081387,MNFC,Manufacturing
3699081394,PRJM,Project Management
3699081394,IT,Information Technology
3699081449,SALE,Sales
3699081449,BD,Business Development
3699081464,SALE,Sales
3699081464,BD,Business Development
3699081464,IT,Information Technology
3699081496,MNFC,Manufacturing
3699081500,OTHR,Other
3699081501,ACCT,Accounting
3699081501,FIN,Finance
3699081506,MGMT,Management
3699081506,MNFC,Manufacturing
3699081515,ENG,Engineering
3699081515,IT,Information Technology
3699081525,SALE,Sales
3699081525,BD,Business Development
3699081527,SALE,Sales
3699081527,BD,Business Development
3699081543,HR,Human Resources
3699081546,HR,Human Resources
3699081548,HR,Human Resources
3699081549,SALE,Sales
3699081549,BD,Business Development
3699081553,MGMT,Management
3699081553,MNFC,Manufacturing
3699081559,FIN,Finance
3699081559,SALE,Sales
3699081567,HCPR,Healthcare
3699081574,MGMT,Management
3699081574,MNFC,Manufacturing
3699081593,ENG,Engineering
3699081593,IT,Information Technology
3699081609,IT,Information Technology
3699081609,ENG,Engineering
3699081651,RSCH,Research
3699081651,ANLS,Analytics
3699081651,IT,Information Technology
3699081698,IT,Information Technology
3699081699,BD,Business Development
3699081699,SALE,Sales
3699081709,FIN,Finance
3699081709,SALE,Sales
3699081724,HCPR,Healthcare
3699081734,IT,Information Technology
3699081736,ENG,Engineering
3699081736,IT,Information Technology
3699081738,MGMT,Management
3699081738,MNFC,Manufacturing
3699081742,MGMT,Management
3699081742,MNFC,Manufacturing
3699081752,ADM,Administration
3699081753,MRKT,Marketing
3699081753,PR,Public Relations
3699081753,WRT,Writing
3699081754,ENG,Engineering
3699081754,IT,Information Technology
3699081756,ENG,Engineering
3699081756,IT,Information Technology
3699081766,RSCH,Research
3699081766,ANLS,Analytics
3699081766,IT,Information Technology
3699081782,MGMT,Management
3699081782,MNFC,Manufacturing
3699081783,OTHR,Other
3699081792,ACCT,Accounting
3699081792,FIN,Finance
3699081793,ACCT,Accounting
3699081793,FIN,Finance
3699081807,BD,Business Development
3699081821,SALE,Sales
3699081821,BD,Business Development
3699081826,HCPR,Healthcare
3699081831,EDU,Education
3699081831,TRNG,Training
3699081840,IT,Information Technology
3699081842,IT,Information Technology
3699081851,ENG,Engineering
3699081851,IT,Information Technology
3699081894,ENG,Engineering
3699081894,IT,Information Technology
3699081911,HCPR,Healthcare
3699081913,MGMT,Management
3699081913,MNFC,Manufacturing
3699081916,HCPR,Healthcare
3699081921,ACCT,Accounting
3699081921,FIN,Finance
3699081923,HCPR,Healthcare
3699081937,IT,Information Technology
3699081942,MNFC,Manufacturing
3699081944,ENG,Engineering
3699081944,IT,Information Technology
3699081957,SALE,Sales
3699081957,BD,Business Development
3699081959,SALE,Sales
3699081959,BD,Business Development
3699081969,FIN,Finance
3699081969,ANLS,Analytics
3699081970,PRJM,Project Management
3699081970,IT,Information Technology
3699081985,MNFC,Manufacturing
3699081987,MGMT,Management
3699081987,MNFC,Manufacturing
3699082014,PRJM,Project Management
3699082014,IT,Information Technology
3699082015,PRJM,Project Management
3699082015,IT,Information Technology
3699082050,HCPR,Healthcare
3699082075,HCPR,Healthcare
3699082084,IT,Information Technology
3699082085,LGL,Legal
3699082086,HCPR,Healthcare
2148434909,HCPR,Healthcare
3699082102,ENG,Engineering
3699082102,IT,Information Technology
3699082104,MRKT,Marketing
3699082104,PR,Public Relations
3699082104,WRT,Writing
3699082110,MRKT,Marketing
3699082110,SALE,Sales
3699082111,IT,Information Technology
3699082113,EDU,Education
3699082113,TRNG,Training
3699082114,OTHR,Other
3699082116,IT,Information Technology
3699082122,DSGN,Design
3699082122,ART,Arts
3699082122,IT,Information Technology
3699082125,ENG,Engineering
3699082125,IT,Information Technology
3699082127,LGL,Legal
3699082139,SALE,Sales
3699082139,BD,Business Development
3699082195,ENG,Engineering
3699082195,IT,Information Technology
3699082196,MGMT,Management
3699082196,MNFC,Manufacturing
3699082205,MGMT,Management
3699082205,MNFC,Manufacturing
3699082207,MGMT,Management
3699082207,MNFC,Manufacturing
3699082280,IT,Information Technology
3699082289,RSCH,Research
3699082289,ANLS,Analytics
3699082289,IT,Information Technology
3699082292,ADM,Administration
3699082295,PRJM,Project Management
3699082295,IT,Information Technology
3699082310,IT,Information Technology
3699082311,ENG,Engineering
3699082311,IT,Information Technology
3699082312,MRKT,Marketing
3699082312,PR,Public Relations
3699082312,WRT,Writing
3699082318,IT,Information Technology
3699082341,MGMT,Management
3699082341,MNFC,Manufacturing
3699082354,ART,Arts
3699082354,DSGN,Design
3699082354,ENG,Engineering
3699082362,HCPR,Healthcare
3699082377,OTHR,Other
3699082385,ENG,Engineering
3699082385,IT,Information Technology
3699082386,HCPR,Healthcare
3699082398,IT,Information Technology
3699082443,ADM,Administration
3699082443,HCPR,Healthcare
3699082485,PROD,Product Management
3699082485,OTHR,Other
3699082485,MNFC,Manufacturing
3699082487,FIN,Finance
3699082487,ANLS,Analytics
3699082489,LGL,Legal
3699082489,TRNG,Training
3699082489,IT,Information Technology
3699082490,PRJM,Project Management
3699082490,IT,Information Technology
3699082505,MNFC,Manufacturing
3699082506,HCPR,Healthcare
3699082511,HCPR,Healthcare
3699082514,RSCH,Research
3699082514,ANLS,Analytics
3699082514,IT,Information Technology
3699082527,GENB,General Business
3699082547,SALE,Sales
3699082547,BD,Business Development
3699082553,IT,Information Technology
3699082556,OTHR,Other
3699082614,HCPR,Healthcare
3699082618,BD,Business Development
3699082618,SALE,Sales
3699082628,OTHR,Other
3699082641,CUST,Customer Service
3699082641,PRDM,Product Management
3699082662,LGL,Legal
3699082670,DSGN,Design
3699082670,ART,Arts
3699082670,IT,Information Technology
3699082700,ACCT,Accounting
3699082700,FIN,Finance
3699082709,GENB,General Business
3699082714,FIN,Finance
3699082714,SALE,Sales
3699082733,SALE,Sales
3699082733,BD,Business Development
3699082750,RSCH,Research
3699082750,ANLS,Analytics
3699082750,IT,Information Technology
3699082775,HCPR,Healthcare
3699082820,ADM,Administration
3699082846,SALE,Sales
3699082856,BD,Business Development
3699082856,SALE,Sales
3699082859,GENB,General Business
3699082896,HCPR,Healthcare
3699082941,MRKT,Marketing
3699082941,SALE,Sales
3699082945,DSGN,Design
3699082945,ART,Arts
3699082945,IT,Information Technology
3699082948,BD,Business Development
3699082948,SALE,Sales
3699082949,BD,Business Development
3699082949,SALE,Sales
3699082951,BD,Business Development
3699082951,SALE,Sales
3699082980,IT,Information Technology
3699082995,IT,Information Technology
3699082997,MRKT,Marketing
3699082997,SALE,Sales
3699083010,IT,Information Technology
3699083065,HCPR,Healthcare
3699083067,ENG,Engineering
3699083068,BD,Business Development
3699083068,SALE,Sales
3699083069,GENB,General Business
3699083082,MGMT,Management
3699083082,MNFC,Manufacturing
3699083083,PRCH,Procurement
3699083083,SUPL,Supply Chain
3699083085,RSCH,Research
3699083085,ANLS,Analytics
3699083085,IT,Information Technology
3699083089,OTHR,Other
3699083093,MGMT,Management
3699083093,MNFC,Manufacturing
3699083096,LGL,Legal
3699083097,MGMT,Management
3699083097,MNFC,Manufacturing
3699083098,HR,Human Resources
3699083122,SALE,Sales
3699083122,BD,Business Development
3699083123,HCPR,Healthcare
3699083157,SALE,Sales
3699083157,BD,Business Development
3699083160,PRJM,Project Management
3699083160,IT,Information Technology
3699083165,MGMT,Management
3699083165,MNFC,Manufacturing
3699083233,HCPR,Healthcare
3699083234,MGMT,Management
3699083234,MNFC,Manufacturing
3699083245,EDU,Education
3699083245,TRNG,Training
3699083255,MGMT,Management
3699083255,MNFC,Manufacturing
3699083264,MGMT,Management
3699083264,MNFC,Manufacturing
3699083272,IT,Information Technology
3699083273,IT,Information Technology
3699083289,MGMT,Management
3699083289,MNFC,Manufacturing
3699083293,OTHR,Other
3699083300,HCPR,Healthcare
3699083304,OTHR,Other
3699083305,QA,Quality Assurance
3699083306,BD,Business Development
3699083306,SALE,Sales
3699083310,IT,Information Technology
3699083312,DSGN,Design
3699083312,ART,Arts
3699083312,IT,Information Technology
3699083316,IT,Information Technology
3699083324,MNFC,Manufacturing
3699083347,ENG,Engineering
3699083347,IT,Information Technology
3699083364,HR,Human Resources
3699083365,SCI,Science
3699083365,CNSL,Consulting
3699083365,ENG,Engineering
3699083367,PRJM,Project Management
3699083367,IT,Information Technology
3699083368,EDU,Education
3699083368,TRNG,Training
3699083375,ACCT,Accounting
3699083375,FIN,Finance
3699083385,FIN,Finance
3699083385,SALE,Sales
3699083436,MNFC,Manufacturing
3694139866,PRJM,Project Management
3694139866,ENG,Engineering
3694139866,STRA,Strategy
3694143363,HCPR,Healthcare
3694143363,RSCH,Research
3699083437,IT,Information Technology
3699083440,MNFC,Manufacturing
3699083468,HR,Human Resources
3699083477,ADM,Administration
3699083478,IT,Information Technology
3699083480,ADM,Administration
3699083483,PRJM,Project Management
3699083483,IT,Information Technology
3699083493,SALE,Sales
3699083493,BD,Business Development
3699083502,MNFC,Manufacturing
3699083503,SALE,Sales
3699083503,BD,Business Development
3699083507,MGMT,Management
3699083507,MNFC,Manufacturing
3699083508,MGMT,Management
3699083508,MNFC,Manufacturing
3699083511,SALE,Sales
3699083511,BD,Business Development
3699083512,MGMT,Management
3699083512,MNFC,Manufacturing
3699083515,MGMT,Management
3699083515,MNFC,Manufacturing
3699083518,MGMT,Management
3699083518,MNFC,Manufacturing
3699083526,EDU,Education
3699083526,TRNG,Training
3699083540,ENG,Engineering
3699083540,IT,Information Technology
3699083551,GENB,General Business
3699083554,HR,Human Resources
3699083554,MNFC,Manufacturing
3699083585,ENG,Engineering
3699083585,IT,Information Technology
3699083608,OTHR,Other
3699083610,OTHR,Other
3699083623,GENB,General Business
3699083625,HCPR,Healthcare
3699083674,PRJM,Project Management
3699083674,IT,Information Technology
3699083676,HR,Human Resources
3699083676,MGMT,Management
3699083699,QA,Quality Assurance
3699083834,WRT,Writing
3699083834,ART,Arts
3699083847,MGMT,Management
3699083847,MNFC,Manufacturing
3699083860,OTHR,Other
3699083923,MGMT,Management
3699083923,MNFC,Manufacturing
3699083950,MRKT,Marketing
3699083950,IT,Information Technology
3699083954,BD,Business Development
3699083954,SALE,Sales
3699083955,MRKT,Marketing
3699083955,IT,Information Technology
3699083957,BD,Business Development
3699083957,SALE,Sales
3699083959,MRKT,Marketing
3699083959,IT,Information Technology
3699083973,DSGN,Design
3699083973,ART,Arts
3699083973,IT,Information Technology
3699083986,ENG,Engineering
3699083986,IT,Information Technology
3699084011,PRJM,Project Management
3699084011,IT,Information Technology
3699084031,OTHR,Other
3699084055,HCPR,Healthcare
3699084059,MGMT,Management
3699084059,MNFC,Manufacturing
3699084060,ENG,Engineering
3699084061,ENG,Engineering
3699084088,DSGN,Design
3699084088,ART,Arts
3699084088,IT,Information Technology
3699084104,SALE,Sales
3699084104,BD,Business Development
3699084107,OTHR,Other
3699084111,ADM,Administration
3699084121,HR,Human Resources
3699084122,BD,Business Development
3699084122,SALE,Sales
3699084131,SALE,Sales
3699084131,BD,Business Development
3699084138,FIN,Finance
3699084138,SALE,Sales
3699084142,MGMT,Management
3699084142,MNFC,Manufacturing
3699084146,HCPR,Healthcare
3699084162,EDU,Education
3699084162,TRNG,Training
3699084213,ACCT,Accounting
3699084213,FIN,Finance
3699084228,SALE,Sales
3699084228,BD,Business Development
3699084229,HR,Human Resources
3699084230,SALE,Sales
3699084230,BD,Business Development
3699084277,IT,Information Technology
3699084279,HCPR,Healthcare
3699084294,MGMT,Management
3699084294,MNFC,Manufacturing
3699084295,HR,Human Resources
3699084297,MRKT,Marketing
3699084297,SALE,Sales
3699084298,IT,Information Technology
3699084306,PRJM,Project Management
3699084306,IT,Information Technology
3699084307,ADM,Administration
3699084311,HCPR,Healthcare
3699084319,IT,Information Technology
3699084330,MGMT,Management
3699084330,MNFC,Manufacturing
3699084332,IT,Information Technology
3699084342,GENB,General Business
3699084351,ACCT,Accounting
3699084351,FIN,Finance
3699084355,MGMT,Management
3699084355,MNFC,Manufacturing
3699084357,HCPR,Healthcare
3699084361,SCI,Science
3699084361,CNSL,Consulting
3699084361,ENG,Engineering
3699084363,MGMT,Management
3699084363,MNFC,Manufacturing
3699084380,HCPR,Healthcare
3699084381,HCPR,Healthcare
3699084394,IT,Information Technology
3699084400,SALE,Sales
3699084400,BD,Business Development
3699084403,FIN,Finance
3699084403,SALE,Sales
3699084415,SALE,Sales
3699084442,BD,Business Development
3699084442,SALE,Sales
3699084450,MGMT,Management
3699084450,MNFC,Manufacturing
3699084455,PRJM,Project Management
3699084455,PROD,Product Management
3699084455,QA,Quality Assurance
3699084459,SALE,Sales
3699084476,EDU,Education
3699084476,TRNG,Training
3699084495,SALE,Sales
3699084495,BD,Business Development
3699084499,FIN,Finance
3699084499,SALE,Sales
3699084500,OTHR,Other
3699084504,OTHR,Other
3694118410,SALE,Sales
3694118410,BD,Business Development
3694145217,SALE,Sales
3694145217,BD,Business Development
3694145217,MGMT,Management
3694146140,BD,Business Development
3694146140,SALE,Sales
3699084505,ACCT,Accounting
3699084505,FIN,Finance
3699084506,LGL,Legal
3699084506,FIN,Finance
3699084506,ACCT,Accounting
3699084508,MGMT,Management
3699084508,MNFC,Manufacturing
3699084516,PRJM,Project Management
3699084516,SALE,Sales
3699084516,STRA,Strategy
3699084522,IT,Information Technology
3699084534,MGMT,Management
3699084534,MNFC,Manufacturing
3699084544,GENB,General Business
3699084547,OTHR,Other
3699084548,ADM,Administration
3699084552,ADM,Administration
3699084557,PRJM,Project Management
3699084557,IT,Information Technology
3699084599,IT,Information Technology
3699084601,MGMT,Management
3699084601,MNFC,Manufacturing
3699084605,MGMT,Management
3699084605,MNFC,Manufacturing
3699084656,MGMT,Management
3699084656,MNFC,Manufacturing
3699084657,MNFC,Manufacturing
3699084663,SALE,Sales
3699084663,BD,Business Development
3699084669,SALE,Sales
3699084669,BD,Business Development
3699084678,DSGN,Design
3699084678,ART,Arts
3699084678,IT,Information Technology
3699084679,MRKT,Marketing
3699084679,PR,Public Relations
3699084679,WRT,Writing
3699084680,SALE,Sales
3699084680,BD,Business Development
3699084693,PRCH,Procurement
3699084693,SUPL,Supply Chain
3699084695,ADM,Administration
3699084697,SALE,Sales
3699084697,BD,Business Development
3699084718,MGMT,Management
3699084718,MNFC,Manufacturing
3699084791,HCPR,Healthcare
3699084793,HCPR,Healthcare
3699084809,MGMT,Management
3699084809,MNFC,Manufacturing
3699084818,GENB,General Business
3699084827,IT,Information Technology
3699084843,ACCT,Accounting
3699084843,FIN,Finance
3699084849,ACCT,Accounting
3699084849,FIN,Finance
3699084870,MNFC,Manufacturing
3699084909,MRKT,Marketing
3699084909,SALE,Sales
3699084912,ENG,Engineering
3699084912,IT,Information Technology
3699084917,BD,Business Development
3699084917,SALE,Sales
3699084921,MRKT,Marketing
3699084921,IT,Information Technology
3699084922,MRKT,Marketing
3699084922,IT,Information Technology
3699084923,MRKT,Marketing
3699084923,IT,Information Technology
3699084937,SALE,Sales
3699084937,BD,Business Development
3699084954,MRKT,Marketing
3699084954,SALE,Sales
3699084955,IT,Information Technology
3699084958,FIN,Finance
3699084958,SALE,Sales
3699084962,ENG,Engineering
3699084962,IT,Information Technology
3699084967,MGMT,Management
3699084967,MNFC,Manufacturing
3699084973,IT,Information Technology
3699085035,MGMT,Management
3699085035,MNFC,Manufacturing
3699085087,PRJM,Project Management
3699085087,IT,Information Technology
3699085089,IT,Information Technology
3699085089,ENG,Engineering
3699085090,IT,Information Technology
3699085090,ENG,Engineering
3699085098,HCPR,Healthcare
3699085103,ENG,Engineering
3699085103,IT,Information Technology
3699085107,SALE,Sales
3699085107,BD,Business Development
3699085110,OTHR,Other
3699085111,SALE,Sales
3699085111,BD,Business Development
3699085131,SALE,Sales
3699085131,BD,Business Development
3699085133,OTHR,Other
3699085137,MGMT,Management
3699085137,MNFC,Manufacturing
3699085141,RSCH,Research
3699085141,ANLS,Analytics
3699085141,IT,Information Technology
3699085151,SALE,Sales
3699085151,BD,Business Development
3699085158,ENG,Engineering
3699085158,IT,Information Technology
3699085166,HCPR,Healthcare
3699085167,MGMT,Management
3699085167,MNFC,Manufacturing
3699085169,HCPR,Healthcare
3699085183,EDU,Education
3699085183,TRNG,Training
3699085199,IT,Information Technology
3699085199,ENG,Engineering
3699085205,FIN,Finance
3699085205,SALE,Sales
3699085213,FIN,Finance
3699085213,SALE,Sales
3699085249,LGL,Legal
3699085258,QA,Quality Assurance
3699085304,PRJM,Project Management
3699085304,IT,Information Technology
3699085305,SALE,Sales
3699085305,BD,Business Development
3699085310,SALE,Sales
3699085310,BD,Business Development
3699085313,HCPR,Healthcare
3699085314,OTHR,Other
3699085319,RSCH,Research
3699085319,ANLS,Analytics
3699085319,IT,Information Technology
3699085320,ENG,Engineering
3699085320,IT,Information Technology
3699085330,MGMT,Management
3699085330,MNFC,Manufacturing
3699085331,MRKT,Marketing
3699085331,SALE,Sales
3699085334,SALE,Sales
3699085334,MGMT,Management
3699085336,SALE,Sales
3699085336,MGMT,Management
3699085345,OTHR,Other
3699085363,OTHR,Other
3699085369,ACCT,Accounting
3699085369,FIN,Finance
3699085370,ACCT,Accounting
3699085370,FIN,Finance
3699085396,ENG,Engineering
3699085396,IT,Information Technology
3699085398,ACCT,Accounting
3699085398,FIN,Finance
3699085399,IT,Information Technology
3699085399,ENG,Engineering
3699085404,HCPR,Healthcare
3699085405,HCPR,Healthcare
3699085411,ACCT,Accounting
3699085411,FIN,Finance
3699085414,ADM,Administration
3699085416,MGMT,Management
3699085416,MNFC,Manufacturing
3699085418,MNFC,Manufacturing
3699085447,HCPR,Healthcare
3699085449,HCPR,Healthcare
3699085475,QA,Quality Assurance
3699085475,PROD,Product Management
3699085475,OTHR,Other
3699085478,QA,Quality Assurance
3699085478,CUST,Customer Service
3699085480,PRJM,Project Management
3699085480,CNSL,Consulting
3699085480,ENG,Engineering
3699085490,SALE,Sales
3699085490,BD,Business Development
3699085496,SALE,Sales
3699085496,BD,Business Development
3699085500,ENG,Engineering
3699085500,IT,Information Technology
3699085502,SALE,Sales
3699085502,BD,Business Development
3699085512,ENG,Engineering
3699085512,IT,Information Technology
3699085514,ENG,Engineering
3699085514,IT,Information Technology
3699085519,FIN,Finance
3699085519,ANLS,Analytics
3699085527,OTHR,Other
3699085538,HCPR,Healthcare
3699085555,ENG,Engineering
3699085555,IT,Information Technology
3694115570,SALE,Sales
3694115570,BD,Business Development
3699085556,GENB,General Business
3699085559,ENG,Engineering
3699085559,IT,Information Technology
3699085580,ADM,Administration
3699085611,ADM,Administration
3699085616,MGMT,Management
3699085616,MNFC,Manufacturing
3699085650,PRDM,Product Management
3699085650,MRKT,Marketing
3699085662,OTHR,Other
3699085679,OTHR,Other
3699085679,IT,Information Technology
3699085679,MGMT,Management
3699085681,MNFC,Manufacturing
3699085710,HCPR,Healthcare
3699085724,MGMT,Management
3699085724,MNFC,Manufacturing
3699085728,SALE,Sales
3699085728,BD,Business Development
3699085740,HCPR,Healthcare
3699085747,HCPR,Healthcare
3699085777,OTHR,Other
3699085779,ENG,Engineering
3699085779,IT,Information Technology
3699085786,ENG,Engineering
3699085786,IT,Information Technology
3699085799,HCPR,Healthcare
3699085800,HCPR,Healthcare
3699085820,RSCH,Research
3699085820,ANLS,Analytics
3699085820,IT,Information Technology
3699085825,QA,Quality Assurance
3699085845,MRKT,Marketing
3699085845,SALE,Sales
3699085862,MGMT,Management
3699085862,MNFC,Manufacturing
3699085887,PRJM,Project Management
3699085887,IT,Information Technology
3699085911,FIN,Finance
3699085911,SALE,Sales
3699085912,OTHR,Other
3699085913,BD,Business Development
3699085913,SALE,Sales
3699085913,SUPL,Supply Chain
3699085914,FIN,Finance
3699085914,SALE,Sales
3699085922,CUST,Customer Service
3699085955,ENG,Engineering
3699085955,IT,Information Technology
3699085981,BD,Business Development
3699085981,SALE,Sales
3699085987,IT,Information Technology
3699085994,HCPR,Healthcare
3699085997,IT,Information Technology
3699086036,RSCH,Research
3699086036,ANLS,Analytics
3699086036,IT,Information Technology
3699086055,EDU,Education
3699086055,TRNG,Training
3699086061,IT,Information Technology
3699086066,ENG,Engineering
3699086066,IT,Information Technology
3699086078,PRJM,Project Management
3699086078,IT,Information Technology
3699086104,OTHR,Other
3699086110,IT,Information Technology
3699086131,MGMT,Management
3699086131,MNFC,Manufacturing
3699086145,QA,Quality Assurance
3699086145,PROD,Product Management
3699086145,MNFC,Manufacturing
3699086165,ENG,Engineering
3699086165,IT,Information Technology
3699086167,OTHR,Other
3699086191,MGMT,Management
3699086191,HCPR,Healthcare
3699086207,MGMT,Management
3699086207,MNFC,Manufacturing
3699086213,HCPR,Healthcare
3699086224,ENG,Engineering
3699086224,IT,Information Technology
3699086225,PRJM,Project Management
3699086225,IT,Information Technology
3699086230,MGMT,Management
3699086230,MNFC,Manufacturing
3699086236,FIN,Finance
3699086236,ANLS,Analytics
3699086237,BD,Business Development
3699086237,FIN,Finance
3699086237,CNSL,Consulting
3699086257,SALE,Sales
3699086257,BD,Business Development
3699086260,ENG,Engineering
3699086260,IT,Information Technology
3699086269,PRDM,Product Management
3699086269,IT,Information Technology
3699086269,PRJM,Project Management
3699086291,IT,Information Technology
3699086292,GENB,General Business
3699086295,IT,Information Technology
3699086317,GENB,General Business
3699086344,SALE,Sales
3699086344,BD,Business Development
3699086345,HCPR,Healthcare
3699086365,MRKT,Marketing
3699086365,PR,Public Relations
3699086365,WRT,Writing
3699086372,HCPR,Healthcare
3699086380,ENG,Engineering
3699086380,IT,Information Technology
3699086388,OTHR,Other
3699086396,FIN,Finance
3699086396,SALE,Sales
3699086401,ENG,Engineering
3699086401,IT,Information Technology
3699086402,SCI,Science
3699086404,DSGN,Design
3699086404,ART,Arts
3699086404,IT,Information Technology
3699086427,CNSL,Consulting
3699086427,IT,Information Technology
3699086427,SALE,Sales
3699086446,MGMT,Management
3699086446,MNFC,Manufacturing
3699086484,OTHR,Other
3699086524,PRJM,Project Management
3699086524,IT,Information Technology
3699086528,IT,Information Technology
3699086561,BD,Business Development
3699086561,SALE,Sales
3699086570,BD,Business Development
3699086595,MRKT,Marketing
3699086595,SALE,Sales
3699086600,HCPR,Healthcare
3699086629,HCPR,Healthcare
3699086655,ACCT,Accounting
3699086655,FIN,Finance
3699086668,HCPR,Healthcare
3699086671,GENB,General Business
3699086675,BD,Business Development
3699086675,SALE,Sales
3699086677,MRKT,Marketing
3699086677,IT,Information Technology
3699086679,MRKT,Marketing
3699086679,IT,Information Technology
3699086680,MRKT,Marketing
3699086680,IT,Information Technology
3699086681,MRKT,Marketing
3699086681,IT,Information Technology
3699086686,MRKT,Marketing
3699086686,IT,Information Technology
3699086713,IT,Information Technology
3699086716,CUST,Customer Service
3699086738,MRKT,Marketing
3699086738,SALE,Sales
3699086749,FIN,Finance
3699086749,SALE,Sales
3699086769,MGMT,Management
3699086769,STRA,Strategy
3699086769,PRJM,Project Management
3699086780,PRCH,Procurement
3699086780,SUPL,Supply Chain
3699086786,HCPR,Healthcare
3699086799,MGMT,Management
3699086799,MNFC,Manufacturing
3699086800,IT,Information Technology
3699086888,RSCH,Research
3699086888,ANLS,Analytics
3699086888,IT,Information Technology
3699086920,IT,Information Technology
3699086928,SALE,Sales
3699086928,BD,Business Development
3699087015,ENG,Engineering
3699087015,IT,Information Technology
3699087041,OTHR,Other
3699087042,HCPR,Healthcare
3699087043,BD,Business Development
3699087043,SALE,Sales
3699087053,ENG,Engineering
3699087053,IT,Information Technology
3699087055,BD,Business Development
3699087055,SALE,Sales
3699087056,IT,Information Technology
3699087059,LGL,Legal
3699087059,HCPR,Healthcare
3699087065,IT,Information Technology
3699087071,ENG,Engineering
3699087071,IT,Information Technology
3694143681,HCPR,Healthcare
3699087120,SCI,Science
3699087120,CNSL,Consulting
3699087120,ENG,Engineering
3699087127,MGMT,Management
3699087127,MNFC,Manufacturing
3699087149,SALE,Sales
3699087149,BD,Business Development
3699087152,ENG,Engineering
3699087152,IT,Information Technology
3699087167,SALE,Sales
3699087167,BD,Business Development
3699087184,ENG,Engineering
3699087184,IT,Information Technology
3699087193,ADM,Administration
3699087193,PRJM,Project Management
3699087193,OTHR,Other
3699087207,HCPR,Healthcare
3699087225,OTHR,Other
3699087235,FIN,Finance
3699087235,ANLS,Analytics
3699087242,SALE,Sales
3699087242,BD,Business Development
3699087250,SALE,Sales
3699087250,BD,Business Development
3699087253,HCPR,Healthcare
3699087265,FIN,Finance
3699087265,ANLS,Analytics
3699087273,MGMT,Management
3699087273,MNFC,Manufacturing
3699087287,IT,Information Technology
3699087347,SALE,Sales
3699087357,ACCT,Accounting
3699087357,FIN,Finance
3699087358,ENG,Engineering
3699087358,IT,Information Technology
3699087359,IT,Information Technology
3699087373,BD,Business Development
3699087375,MGMT,Management
3699087461,GENB,General Business
3699087469,OTHR,Other
3699087477,ENG,Engineering
3699087477,IT,Information Technology
3699087479,OTHR,Other
3699087488,MGMT,Management
3699087488,MNFC,Manufacturing
3699087489,ENG,Engineering
3699087489,IT,Information Technology
3699087490,SALE,Sales
3699087490,BD,Business Development
3699087492,GENB,General Business
3699087542,MRKT,Marketing
3699087542,PR,Public Relations
3699087542,WRT,Writing
3699087559,HCPR,Healthcare
3699087572,ACCT,Accounting
3699087572,FIN,Finance
3699087572,IT,Information Technology
3699087609,HCPR,Healthcare
3699087696,BD,Business Development
3699087696,SALE,Sales
3699087697,BD,Business Development
3699087697,SALE,Sales
3699087699,BD,Business Development
3699087699,SALE,Sales
3699087701,BD,Business Development
3699087701,SALE,Sales
3699087703,MRKT,Marketing
3699087703,IT,Information Technology
3699087705,MRKT,Marketing
3699087705,IT,Information Technology
3699087714,SALE,Sales
3699087714,BD,Business Development
3699087747,SUPL,Supply Chain
3699087747,DIST,Distribution
3699087776,SALE,Sales
3699087776,BD,Business Development
3699087779,PRJM,Project Management
3699087780,IT,Information Technology
3699087780,CUST,Customer Service
3699087882,QA,Quality Assurance
3699087888,STRA,Strategy
3699087888,PRJM,Project Management
3699087928,BD,Business Development
3699087928,SALE,Sales
3699088042,MGMT,Management
3699088042,MNFC,Manufacturing
3699088044,ENG,Engineering
3699088066,IT,Information Technology
3699088096,MGMT,Management
3699088096,MNFC,Manufacturing
3699088099,OTHR,Other
3699088107,ENG,Engineering
3699088107,IT,Information Technology
3699088113,ENG,Engineering
3699088113,IT,Information Technology
3699088114,MGMT,Management
3699088114,MNFC,Manufacturing
3699088123,ADM,Administration
3699088142,GENB,General Business
3699088177,MGMT,Management
3699088177,MNFC,Manufacturing
3699088180,MGMT,Management
3699088180,MNFC,Manufacturing
3699088183,MGMT,Management
3699088183,MNFC,Manufacturing
3699088198,MGMT,Management
3699088198,MNFC,Manufacturing
3699088210,ADM,Administration
3699088211,SALE,Sales
3699088211,MGMT,Management
3699088258,ENG,Engineering
3699088258,IT,Information Technology
3699088281,MGMT,Management
3699088281,MNFC,Manufacturing
3699088283,MGMT,Management
3699088283,MNFC,Manufacturing
3699088291,IT,Information Technology
3699088292,SALE,Sales
3699088292,BD,Business Development
3699088293,SALE,Sales
3699088293,BD,Business Development
3699088307,EDU,Education
3699088307,TRNG,Training
3699088313,SALE,Sales
3699088313,BD,Business Development
3699088318,HCPR,Healthcare
3699088319,SALE,Sales
3699088319,BD,Business Development
3699088397,ENG,Engineering
3699088397,OTHR,Other
3699088402,ENG,Engineering
3699088402,IT,Information Technology
3699088403,ART,Arts
3699088403,DSGN,Design
3699088403,PRJM,Project Management
3699088404,HCPR,Healthcare
3699088427,OTHR,Other
3699088436,OTHR,Other
3699088498,FIN,Finance
3699088498,SALE,Sales
3699088499,OTHR,Other
3699088503,BD,Business Development
3699088503,SALE,Sales
3699088505,BD,Business Development
3699088505,SALE,Sales
3699088507,MRKT,Marketing
3699088507,IT,Information Technology
3699088510,MRKT,Marketing
3699088510,IT,Information Technology
3699088539,MGMT,Management
3699088539,MNFC,Manufacturing
3699088579,PRJM,Project Management
3699088587,PRJM,Project Management
3699088587,IT,Information Technology
3699088610,EDU,Education
3699088610,TRNG,Training
3699088617,MGMT,Management
3699088617,MNFC,Manufacturing
3699088617,PROD,Product Management
3690842485,MGMT,Management
3690842485,MNFC,Manufacturing
3699088620,RSCH,Research
3699088620,SCI,Science
3699088627,SALE,Sales
3699088627,BD,Business Development
3699088720,SALE,Sales
3699088720,BD,Business Development
3699088761,MRKT,Marketing
3699088761,MNFC,Manufacturing
3699089005,ADM,Administration
3699089023,PRJM,Project Management
3699089023,IT,Information Technology
3699089045,MGMT,Management
3699089045,MNFC,Manufacturing
3699089046,MGMT,Management
3699089046,MNFC,Manufacturing
3699089048,MGMT,Management
3699089048,MNFC,Manufacturing
3699089059,HCPR,Healthcare
3699089065,MGMT,Management
3699089065,MNFC,Manufacturing
3699089067,MGMT,Management
3699089067,MNFC,Manufacturing
3699089070,OTHR,Other
3699089077,GENB,General Business
3699089097,ENG,Engineering
3699089097,IT,Information Technology
3699089108,ENG,Engineering
3699089108,IT,Information Technology
3699089114,SALE,Sales
3699089122,HCPR,Healthcare
3699089155,PRJM,Project Management
3699089155,IT,Information Technology
3699089163,PRCH,Procurement
3699089163,SUPL,Supply Chain
3699089166,ENG,Engineering
3699089169,BD,Business Development
3699089169,SALE,Sales
3699089186,SALE,Sales
3699089186,BD,Business Development
3699089190,ADM,Administration
3699089197,HR,Human Resources
3699089197,MGMT,Management
3699089206,ENG,Engineering
3699089206,IT,Information Technology
3699089216,HCPR,Healthcare
3699089249,SALE,Sales
3699089249,BD,Business Development
3699089250,ENG,Engineering
3699089250,IT,Information Technology
3699089261,ENG,Engineering
3699089261,IT,Information Technology
3699089298,MNFC,Manufacturing
3699089310,MGMT,Management
3699089320,MRKT,Marketing
3699089320,SALE,Sales
3699089386,BD,Business Development
3699089386,SALE,Sales
3699089390,MRKT,Marketing
3699089390,IT,Information Technology
3699089395,BD,Business Development
3699089395,SALE,Sales
3699089397,MRKT,Marketing
3699089397,IT,Information Technology
3699089416,ADM,Administration
3699089434,MRKT,Marketing
3699089434,SALE,Sales
3699089438,LGL,Legal
3699089448,RSCH,Research
3699089454,EDU,Education
3699089454,TRNG,Training
3699089473,ENG,Engineering
3699089473,IT,Information Technology
3699089473,ANLS,Analytics
3699089482,RSCH,Research
3699089482,SCI,Science
3699089482,OTHR,Other
3699089483,HCPR,Healthcare
3699089529,STRA,Strategy
3699089529,PRJM,Project Management
3699089529,BD,Business Development
3699089623,ENG,Engineering
3699089623,IT,Information Technology
3699089733,IT,Information Technology
3699089750,MGMT,Management
3699089750,GENB,General Business
3699089751,LGL,Legal
3699089762,SALE,Sales
3699089762,BD,Business Development
3699089919,DSGN,Design
3699089919,ART,Arts
3699089919,IT,Information Technology
3699090054,IT,Information Technology
3699090071,PRJM,Project Management
3699090071,ADM,Administration
3699090071,PRDM,Product Management
3699090090,HCPR,Healthcare
3699090165,STRA,Strategy
3699090165,ANLS,Analytics
3699090211,ANLS,Analytics
3699090222,ENG,Engineering
3699090222,IT,Information Technology
3699090770,HCPR,Healthcare
3699090777,SALE,Sales
3699090777,MRKT,Marketing
3699090791,MGMT,Management
3699090791,MNFC,Manufacturing
3699091001,IT,Information Technology
3699091056,BD,Business Development
3699091056,SALE,Sales
3699091057,ENG,Engineering
3699091057,IT,Information Technology
3699091070,STRA,Strategy
3699091070,PRJM,Project Management
3699091070,ENG,Engineering
3699091110,MNFC,Manufacturing
3699091110,ENG,Engineering
3699091110,DSGN,Design
3699091170,ENG,Engineering
3699091170,RSCH,Research
3699091170,MNFC,Manufacturing
3699091195,HR,Human Resources
3699091216,MGMT,Management
3699091216,MNFC,Manufacturing
3699091224,IT,Information Technology
3699091239,SALE,Sales
3699091239,BD,Business Development
3699091344,LGL,Legal
3699091344,MGMT,Management
3699091344,RSCH,Research
3699091555,PRJM,Project Management
3699091555,ENG,Engineering
3699091555,MGMT,Management
3699091613,HCPR,Healthcare
3699091705,IT,Information Technology
3699091757,FIN,Finance
3699091757,SALE,Sales
3699091928,IT,Information Technology
3699091965,HR,Human Resources
3699092010,RSCH,Research
3699092010,SCI,Science
3699092012,SALE,Sales
3699092012,BD,Business Development
3699092027,IT,Information Technology
3699092027,OTHR,Other
3699092065,IT,Information Technology
3699092137,HCPR,Healthcare
3699092193,IT,Information Technology
3699092291,ACCT,Accounting
3699092291,FIN,Finance
3699092297,IT,Information Technology
3699092297,ENG,Engineering
3699092297,OTHR,Other
3699092381,ENG,Engineering
3699092381,RSCH,Research
3699092381,DSGN,Design
3699092404,MRKT,Marketing
3699092404,SALE,Sales
3699092604,ART,Arts
3699092604,WRT,Writing
3699092604,DSGN,Design
3699092684,ENG,Engineering
3699092684,MNFC,Manufacturing
3699092691,SALE,Sales
3699092691,BD,Business Development
3699092861,MGMT,Management
3699092861,PRJM,Project Management
3699092948,MGMT,Management
3699092948,PRJM,Project Management
3699093008,ENG,Engineering
3699093008,IT,Information Technology
3699093015,MRKT,Marketing
3699093015,SALE,Sales
3699093027,ACCT,Accounting
3699093030,SALE,Sales
3699093030,BD,Business Development
3699093043,LGL,Legal
3699093119,ACCT,Accounting
3699093119,ADM,Administration
3699093123,SALE,Sales
3699093123,BD,Business Development
3699093154,MRKT,Marketing
3699093154,SALE,Sales
3699093674,SALE,Sales
3699093674,CUST,Customer Service
3699093674,DIST,Distribution
3699093771,IT,Information Technology
3699094051,MRKT,Marketing
3699094051,SALE,Sales
3699094074,RSCH,Research
3699094074,MGMT,Management
3699094074,SCI,Science
3699094426,HR,Human Resources
3694143206,SALE,Sales
3694143206,BD,Business Development
3694144816,IT,Information Technology
3694144816,OTHR,Other
3694144816,ANLS,Analytics
3694145770,IT,Information Technology
3694145770,OTHR,Other
3694145770,ANLS,Analytics
3694146779,ENG,Engineering
3694146779,IT,Information Technology
3694148392,SALE,Sales
3694148392,BD,Business Development
3694148421,IT,Information Technology
3694148421,OTHR,Other
3694148421,ANLS,Analytics
3694150316,ENG,Engineering
3694150316,IT,Information Technology
3699094513,ENG,Engineering
3699094513,IT,Information Technology
3699094752,MGMT,Management
3699094752,PRJM,Project Management
3699094773,ENG,Engineering
3699094773,IT,Information Technology
3699094876,BD,Business Development
3699094947,ADM,Administration
3699095065,PRJM,Project Management
3699095065,IT,Information Technology
3699095310,LGL,Legal
3699095318,ENG,Engineering
3699095318,IT,Information Technology
3699095325,TRNG,Training
3699095325,MGMT,Management
3699095326,DSGN,Design
3699095326,ART,Arts
3699095326,IT,Information Technology
3699095609,LGL,Legal
3699095674,MRKT,Marketing
3699095674,SALE,Sales
3699096383,IT,Information Technology
3699096409,IT,Information Technology
3699096557,MNFC,Manufacturing
3699096557,OTHR,Other
3699096588,OTHR,Other
3699096765,ACCT,Accounting
3699096765,FIN,Finance
3699097574,PRDM,Product Management
3699097667,ENG,Engineering
3699097667,DSGN,Design
3699097667,OTHR,Other
3699097738,DSGN,Design
3699097738,ART,Arts
3699097738,IT,Information Technology
3699097852,EDU,Education
3699097852,TRNG,Training
3699097898,IT,Information Technology
3699097900,DSGN,Design
3699097900,ART,Arts
3699097900,PRJM,Project Management
3699097929,IT,Information Technology
3699098096,ADM,Administration
3699098281,ACCT,Accounting
3699098281,FIN,Finance
3699098281,OTHR,Other
3699098511,ENG,Engineering
3699098514,STRA,Strategy
3699098514,ADM,Administration
3699098519,HCPR,Healthcare
3699098520,IT,Information Technology
3699098520,TRNG,Training
3699098520,CNSL,Consulting
3699098526,MRKT,Marketing
3699098526,SALE,Sales
3699098545,ENG,Engineering
3699098545,IT,Information Technology
3699098565,PRJM,Project Management
3699098565,ENG,Engineering
3699098570,SALE,Sales
3699098570,BD,Business Development
3699098753,MGMT,Management
3699098753,MNFC,Manufacturing
3699098781,OTHR,Other
3699098799,RSCH,Research
3699098799,ANLS,Analytics
3699098799,IT,Information Technology
3699098829,ACCT,Accounting
3699098829,FIN,Finance
3699098832,SALE,Sales
3699098832,BD,Business Development
3699098833,SALE,Sales
3699098833,BD,Business Development
3699098839,OTHR,Other
3699098854,OTHR,Other
3699098858,PRCH,Procurement
3699098858,SUPL,Supply Chain
3699098861,MGMT,Management
3699098861,MNFC,Manufacturing
3699098901,HCPR,Healthcare
3699098903,IT,Information Technology
3699098927,MGMT,Management
3699098927,MNFC,Manufacturing
3699098945,ACCT,Accounting
3699098945,FIN,Finance
3699098968,MGMT,Management
3699098968,MNFC,Manufacturing
3699098970,MGMT,Management
3699098970,MNFC,Manufacturing
3699098996,SALE,Sales
3699098996,BD,Business Development
3699098999,ACCT,Accounting
3699098999,FIN,Finance
3699099161,HR,Human Resources
3699099211,SCI,Science
3699099211,RSCH,Research
3699099211,PRJM,Project Management
3699099250,MRKT,Marketing
3699099250,SALE,Sales
3699099314,SALE,Sales
3699099314,BD,Business Development
3699099403,BD,Business Development
3699099544,HCPR,Healthcare
3699099553,DIST,Distribution
3699099558,HCPR,Healthcare
3699099574,PRJM,Project Management
3699099574,IT,Information Technology
3699099589,MRKT,Marketing
3699099589,SALE,Sales
3699099605,MRKT,Marketing
3699099605,SALE,Sales
3699099658,IT,Information Technology
3699099670,ACCT,Accounting
3699099670,FIN,Finance
3699099685,RSCH,Research
3699099685,ANLS,Analytics
3699099685,IT,Information Technology
3699099704,QA,Quality Assurance
3699099704,ENG,Engineering
3699099704,MNFC,Manufacturing
3699099756,MRKT,Marketing
3699099756,PR,Public Relations
3699099756,WRT,Writing
3699099797,IT,Information Technology
3699099798,OTHR,Other
3699099799,OTHR,Other
3699099800,MGMT,Management
3699099800,MNFC,Manufacturing
3699099844,ENG,Engineering
3699099844,IT,Information Technology
3699099855,EDU,Education
3699099855,TRNG,Training
3699099859,MGMT,Management
3699099859,MNFC,Manufacturing
3699099872,IT,Information Technology
3699099880,RSCH,Research
3699099880,ANLS,Analytics
3699099880,IT,Information Technology
3699099882,GENB,General Business
3699099882,ADM,Administration
3699099882,CUST,Customer Service
3699099931,HCPR,Healthcare
3699099940,MGMT,Management
3699099940,MNFC,Manufacturing
3699099951,ACCT,Accounting
3699099951,FIN,Finance
3699099972,OTHR,Other
3699099972,IT,Information Technology
3699099972,MGMT,Management
3699400041,MGMT,Management
3699400041,PRJM,Project Management
3699400474,MGMT,Management
3699400474,SALE,Sales
3699400488,HCPR,Healthcare
3699400489,HCPR,Healthcare
3699400549,FIN,Finance
3699400551,EDU,Education
3699400551,TRNG,Training
3694142991,MGMT,Management
3694142991,MNFC,Manufacturing
3694147450,MRKT,Marketing
3694147450,SALE,Sales
3694150334,SALE,Sales
3694150334,BD,Business Development
3694150334,OTHR,Other
3699400629,HCPR,Healthcare
3699400631,HCPR,Healthcare
3699400683,IT,Information Technology
3699400702,MGMT,Management
3699400702,MNFC,Manufacturing
3699400730,OTHR,Other
3699400756,OTHR,Other
3699400817,MGMT,Management
3699400817,MNFC,Manufacturing
3699400830,GENB,General Business
3699400830,ADM,Administration
3699400830,CUST,Customer Service
3699400852,EDU,Education
3699400852,TRNG,Training
3699400853,OTHR,Other
3699400854,MGMT,Management
3699400854,MNFC,Manufacturing
3699400885,ADM,Administration
3699400903,DSGN,Design
3699400903,ART,Arts
3699400903,IT,Information Technology
3699400931,FIN,Finance
3699400931,SALE,Sales
3699400954,FIN,Finance
3699400954,SALE,Sales
3699400964,HCPR,Healthcare
3699401279,RSCH,Research
3699401279,ANLS,Analytics
3699401279,IT,Information Technology
3699401323,SALE,Sales
3699401362,ENG,Engineering
3699401362,BD,Business Development
3699401362,STRA,Strategy
3699401363,ENG,Engineering
3699401363,IT,Information Technology
3699401365,HR,Human Resources
3699401386,HCPR,Healthcare
3699401387,HCPR,Healthcare
3699401399,HCPR,Healthcare
3699401400,HCPR,Healthcare
3699401415,ANLS,Analytics
3699401415,HR,Human Resources
3699401442,MGMT,Management
3699401442,MNFC,Manufacturing
3699401611,MGMT,Management
3699401611,MNFC,Manufacturing
3699401614,MGMT,Management
3699401614,MNFC,Manufacturing
3699401658,OTHR,Other
3699401659,ENG,Engineering
3699401659,IT,Information Technology
3699401704,OTHR,Other
3699401714,MGMT,Management
3699401714,MNFC,Manufacturing
3699401719,MGMT,Management
3699401719,MNFC,Manufacturing
3699401748,DSGN,Design
3699401748,ART,Arts
3699401748,IT,Information Technology
3699401751,FIN,Finance
3699401766,HCPR,Healthcare
3699401794,OTHR,Other
3699401859,MGMT,Management
3699401859,MNFC,Manufacturing
3699401969,DSGN,Design
3699401969,ART,Arts
3699401969,IT,Information Technology
3699401970,DSGN,Design
3699401970,ART,Arts
3699401970,IT,Information Technology
3699401995,MGMT,Management
3699401995,MNFC,Manufacturing
3699402281,HR,Human Resources
3699402283,ADM,Administration
3699402283,OTHR,Other
3699402294,IT,Information Technology
3699402295,LGL,Legal
3699402320,SALE,Sales
3699402320,BD,Business Development
3699402441,SALE,Sales
3699402441,BD,Business Development
3699402456,OTHR,Other
3699402458,MRKT,Marketing
3699402458,PR,Public Relations
3699402458,WRT,Writing
3699402462,MGMT,Management
3699402462,MNFC,Manufacturing
3699402499,MGMT,Management
3699402499,MNFC,Manufacturing
3699402502,SALE,Sales
3699402502,BD,Business Development
3699402503,MGMT,Management
3699402503,MNFC,Manufacturing
3699402505,OTHR,Other
3699402532,OTHR,Other
3699402533,MGMT,Management
3699402533,MNFC,Manufacturing
3699402551,OTHR,Other
3699402551,IT,Information Technology
3699402551,MGMT,Management
3699402564,MGMT,Management
3699402564,MNFC,Manufacturing
3699402579,RSCH,Research
3699402579,ANLS,Analytics
3699402579,IT,Information Technology
3699402600,HCPR,Healthcare
3699402619,HCPR,Healthcare
3699402620,OTHR,Other
3699402622,HCPR,Healthcare
3699402631,MGMT,Management
3699402631,MNFC,Manufacturing
3699402736,IT,Information Technology
3699402815,ENG,Engineering
3699402815,IT,Information Technology
3699402862,GENB,General Business
3699402862,MGMT,Management
3699402862,BD,Business Development
3699402868,PRJM,Project Management
3699402868,DSGN,Design
3699402868,ENG,Engineering
3699402872,ENG,Engineering
3699402872,IT,Information Technology
3699402920,OTHR,Other
3699402962,FIN,Finance
3699402962,SALE,Sales
3699402963,SALE,Sales
3699402963,BD,Business Development
3699402964,RSCH,Research
3699402964,ANLS,Analytics
3699402964,IT,Information Technology
3699403064,ADM,Administration
3699403190,IT,Information Technology
3699403231,IT,Information Technology
3699403235,ENG,Engineering
3699403235,IT,Information Technology
3699403256,FIN,Finance
3699403256,SALE,Sales
3699403260,PRCH,Procurement
3699403291,QA,Quality Assurance
3699403291,SCI,Science
3699403315,FIN,Finance
3699403447,BD,Business Development
3699403447,SALE,Sales
3699403447,SUPL,Supply Chain
3699403492,MGMT,Management
3699403492,MNFC,Manufacturing
3699403496,MGMT,Management
3699403496,MNFC,Manufacturing
3699403499,MGMT,Management
3699403499,MNFC,Manufacturing
3699403546,MGMT,Management
3699403546,MNFC,Manufacturing
3699403549,OTHR,Other
3699403552,SALE,Sales
3699403552,BD,Business Development
3699403577,SALE,Sales
3699403577,BD,Business Development
3699403578,MGMT,Management
3699403578,MNFC,Manufacturing
3699403602,ENG,Engineering
3699403602,IT,Information Technology
3699403608,MRKT,Marketing
3699403608,SALE,Sales
3699403612,BD,Business Development
3699403612,SALE,Sales
3699403613,OTHR,Other
3699403626,LGL,Legal
3699403629,QA,Quality Assurance
3699403630,ENG,Engineering
3699403630,IT,Information Technology
3699403649,ADM,Administration
3699403668,MGMT,Management
3699403668,MNFC,Manufacturing
3699403670,MGMT,Management
3699403670,MNFC,Manufacturing
3699403674,ADM,Administration
3699403676,ACCT,Accounting
3699403676,FIN,Finance
3699403693,MGMT,Management
3699403693,MNFC,Manufacturing
3699403724,RSCH,Research
3699403724,ANLS,Analytics
3699403724,IT,Information Technology
3699403839,ACCT,Accounting
3699403839,FIN,Finance
3699403847,MGMT,Management
3699403847,MNFC,Manufacturing
3694146786,QA,Quality Assurance
3694146786,ENG,Engineering
3694146786,PRJM,Project Management
3694148489,ENG,Engineering
3694148489,IT,Information Technology
3694149410,HCPR,Healthcare
3699403927,IT,Information Technology
3699403960,FIN,Finance
3699403960,SALE,Sales
3699403962,MRKT,Marketing
3699403962,SALE,Sales
3699404074,HCPR,Healthcare
3699404087,ENG,Engineering
3699404087,IT,Information Technology
3699404126,FIN,Finance
3699404291,MGMT,Management
3699404291,MNFC,Manufacturing
3699404292,MGMT,Management
3699404292,MNFC,Manufacturing
3699404305,MGMT,Management
3699404305,MNFC,Manufacturing
3699404308,MGMT,Management
3699404308,MNFC,Manufacturing
3699404309,MGMT,Management
3699404309,MNFC,Manufacturing
3699404363,IT,Information Technology
3699404368,SALE,Sales
3699404368,BD,Business Development
3699404401,SALE,Sales
3699404401,BD,Business Development
3699404410,HR,Human Resources
3699404414,OTHR,Other
3699404419,HCPR,Healthcare
3699404420,MGMT,Management
3699404420,MNFC,Manufacturing
3699404424,MGMT,Management
3699404424,MNFC,Manufacturing
3699404432,MGMT,Management
3699404432,MNFC,Manufacturing
3699404451,RSCH,Research
3699404451,ANLS,Analytics
3699404451,IT,Information Technology
3699404452,RSCH,Research
3699404452,ANLS,Analytics
3699404452,IT,Information Technology
3699404453,RSCH,Research
3699404453,ANLS,Analytics
3699404453,IT,Information Technology
3699404454,RSCH,Research
3699404454,ANLS,Analytics
3699404454,IT,Information Technology
3699404456,SALE,Sales
3699404456,BD,Business Development
3699404461,MGMT,Management
3699404461,MNFC,Manufacturing
3699404463,MGMT,Management
3699404463,MNFC,Manufacturing
3699404468,MGMT,Management
3699404468,MNFC,Manufacturing
3699404473,PRDM,Product Management
3699404473,MRKT,Marketing
3699404497,HCPR,Healthcare
3699404512,PRDM,Product Management
3699404512,MRKT,Marketing
3699404539,MGMT,Management
3699404539,MNFC,Manufacturing
3699404565,MGMT,Management
3699404565,MNFC,Manufacturing
3699404581,SALE,Sales
3699404581,BD,Business Development
3699404604,HCPR,Healthcare
3699404618,MRKT,Marketing
3699404618,PR,Public Relations
3699404618,WRT,Writing
3699404656,DSGN,Design
3699404656,ART,Arts
3699404656,IT,Information Technology
3699404657,DSGN,Design
3699404657,ART,Arts
3699404657,IT,Information Technology
3699404660,DSGN,Design
3699404660,ART,Arts
3699404660,IT,Information Technology
3699404681,SALE,Sales
3699404681,BD,Business Development
3699404692,SALE,Sales
3699404692,BD,Business Development
3699404703,HCPR,Healthcare
3699404713,ACCT,Accounting
3699404713,FIN,Finance
3699404719,ACCT,Accounting
3699404719,FIN,Finance
3699404724,EDU,Education
3699404724,TRNG,Training
3699404810,RSCH,Research
3699404810,ANLS,Analytics
3699404810,IT,Information Technology
3699404814,MGMT,Management
3699404814,MNFC,Manufacturing
3699405100,MGMT,Management
3699405100,MNFC,Manufacturing
3699405102,MGMT,Management
3699405102,MNFC,Manufacturing
3699405149,MGMT,Management
3699405149,MNFC,Manufacturing
3699405167,MGMT,Management
3699405167,MNFC,Manufacturing
3699405173,OTHR,Other
3699405173,IT,Information Technology
3699405173,MGMT,Management
3699405189,PRJM,Project Management
3699405189,IT,Information Technology
3699405203,MGMT,Management
3699405203,MNFC,Manufacturing
3699405216,ENG,Engineering
3699405216,IT,Information Technology
3699405237,MGMT,Management
3699405237,MNFC,Manufacturing
3699405240,IT,Information Technology
3699405276,MGMT,Management
3699405276,MNFC,Manufacturing
3699405283,MGMT,Management
3699405283,MNFC,Manufacturing
3699405298,IT,Information Technology
3699405300,OTHR,Other
3699405318,ACCT,Accounting
3699405318,FIN,Finance
3699405345,HCPR,Healthcare
3699405422,SALE,Sales
3699405422,BD,Business Development
3699405423,SALE,Sales
3699405423,BD,Business Development
3699405424,DSGN,Design
3699405424,ART,Arts
3699405424,IT,Information Technology
3699405474,ENG,Engineering
3699405474,IT,Information Technology
3699405478,RSCH,Research
3699405487,ACCT,Accounting
3699405487,FIN,Finance
3699405488,HCPR,Healthcare
3699405559,SALE,Sales
3699405559,MGMT,Management
3699405572,OTHR,Other
3699405573,MGMT,Management
3699405573,MNFC,Manufacturing
3699405887,ENG,Engineering
3699405887,IT,Information Technology
3699405889,OTHR,Other
3699405893,OTHR,Other
3699405960,MGMT,Management
3699405960,MNFC,Manufacturing
3699405986,ENG,Engineering
3699405986,IT,Information Technology
3699405987,MGMT,Management
3699405987,MNFC,Manufacturing
3699405992,SALE,Sales
3699405992,CUST,Customer Service
3699406000,PRJM,Project Management
3699406000,IT,Information Technology
3699406096,ACCT,Accounting
3699406096,FIN,Finance
3699406109,OTHR,Other
3699406111,OTHR,Other
3699406119,OTHR,Other
3699406121,HCPR,Healthcare
3699406122,HCPR,Healthcare
3699406134,SALE,Sales
3699406134,BD,Business Development
3699406145,EDU,Education
3699406145,TRNG,Training
3699406147,HCPR,Healthcare
3699406157,HCPR,Healthcare
3699406245,MGMT,Management
3699406245,MNFC,Manufacturing
3699406584,OTHR,Other
3699406636,MRKT,Marketing
3699406636,SALE,Sales
3699406652,SALE,Sales
3699406652,CUST,Customer Service
3699406684,FIN,Finance
3699406684,SALE,Sales
3699406701,CUST,Customer Service
3699406704,PRDM,Product Management
3699406705,OTHR,Other
3699406708,FIN,Finance
3699406708,SALE,Sales
3699406798,OTHR,Other
3699406839,DSGN,Design
3699406839,ART,Arts
3699406839,IT,Information Technology
3699406889,OTHR,Other
3699406892,ENG,Engineering
3699406898,EDU,Education
3699406898,TRNG,Training
3699406899,RSCH,Research
3699406899,ANLS,Analytics
3699406899,IT,Information Technology
3694116903,MGMT,Management
3694116903,MNFC,Manufacturing
3699406907,MRKT,Marketing
3699407059,MRKT,Marketing
3699407059,PR,Public Relations
3699407059,WRT,Writing
3699407129,HR,Human Resources
3699407132,ENG,Engineering
3699407132,IT,Information Technology
3699407156,HCPR,Healthcare
3699407209,SALE,Sales
3699407209,BD,Business Development
3699407229,EDU,Education
3699407229,TRNG,Training
3699407235,PRDM,Product Management
3699407235,MRKT,Marketing
3699407248,HCPR,Healthcare
3699407256,RSCH,Research
3699407256,ANLS,Analytics
3699407256,IT,Information Technology
3699407257,SALE,Sales
3699407257,BD,Business Development
3699407258,FIN,Finance
3699407258,SALE,Sales
3699407259,FIN,Finance
3699407259,SALE,Sales
3699407596,OTHR,Other
3699407621,BD,Business Development
3699407621,SALE,Sales
3699407630,MGMT,Management
3699407630,MNFC,Manufacturing
3699407631,MGMT,Management
3699407631,MNFC,Manufacturing
3699407633,MGMT,Management
3699407633,MNFC,Manufacturing
3699407680,ENG,Engineering
3699407701,ADM,Administration
3699407704,PRJM,Project Management
3699407704,IT,Information Technology
3699407707,SALE,Sales
3699407707,CUST,Customer Service
3699407708,GENB,General Business
3699407708,OTHR,Other
3699407709,PRJM,Project Management
3699407709,GENB,General Business
3699407709,ADM,Administration
3699407768,OTHR,Other
3699407772,IT,Information Technology
3699407774,MGMT,Management
3699407774,MNFC,Manufacturing
3699407778,MGMT,Management
3699407778,MNFC,Manufacturing
3699407789,MGMT,Management
3699407789,MNFC,Manufacturing
3699407848,HCPR,Healthcare
3699407852,MGMT,Management
3699407852,MNFC,Manufacturing
3699407861,SALE,Sales
3699407861,BD,Business Development
3699407895,ENG,Engineering
3699407895,IT,Information Technology
3699407897,QA,Quality Assurance
3699407897,PROD,Product Management
3699407897,SUPL,Supply Chain
3699407898,QA,Quality Assurance
3699407898,PROD,Product Management
3699407898,SUPL,Supply Chain
3699407912,HCPR,Healthcare
3699407915,RSCH,Research
3699407915,ANLS,Analytics
3699407915,IT,Information Technology
3699407942,MGMT,Management
3699407942,MNFC,Manufacturing
3699407943,MGMT,Management
3699407943,MNFC,Manufacturing
3699407944,SALE,Sales
3699407944,BD,Business Development
3699407950,CUST,Customer Service
3699407950,ACCT,Accounting
3699407952,PRJM,Project Management
3699407952,TRNG,Training
3699407952,CNSL,Consulting
3699407959,OTHR,Other
3699408062,DSGN,Design
3699408062,ART,Arts
3699408062,IT,Information Technology
3699408086,SALE,Sales
3699408086,BD,Business Development
3699408106,HCPR,Healthcare
3699408111,SALE,Sales
3699408111,BD,Business Development
3699408117,DSGN,Design
3699408117,ART,Arts
3699408117,IT,Information Technology
3699408118,HCPR,Healthcare
3699408120,RSCH,Research
3699408200,HCPR,Healthcare
3699408204,FIN,Finance
3699408204,SALE,Sales
3699408205,FIN,Finance
3699408205,SALE,Sales
3699408206,FIN,Finance
3699408206,SALE,Sales
3699408207,FIN,Finance
3699408207,SALE,Sales
3699408208,FIN,Finance
3699408208,SALE,Sales
3699408213,MGMT,Management
3699408213,MNFC,Manufacturing
3699408535,OTHR,Other
3699408536,OTHR,Other
3699408537,OTHR,Other
3699408565,MGMT,Management
3699408565,MNFC,Manufacturing
3699408566,MGMT,Management
3699408566,MNFC,Manufacturing
3699408588,ENG,Engineering
3699408588,IT,Information Technology
3699408615,GENB,General Business
3699408615,OTHR,Other
3699408621,SALE,Sales
3699408621,CUST,Customer Service
3699408646,SALE,Sales
3699408646,OTHR,Other
3699408646,CUST,Customer Service
3699408649,IT,Information Technology
3699408684,IT,Information Technology
3699408711,MGMT,Management
3699408711,MNFC,Manufacturing
3699408776,HCPR,Healthcare
3699408798,HR,Human Resources
3699408813,HCPR,Healthcare
3699408824,QA,Quality Assurance
3699408824,PROD,Product Management
3699408824,SUPL,Supply Chain
3699408831,IT,Information Technology
3699408841,HCPR,Healthcare
3699408864,PRJM,Project Management
3699408864,IT,Information Technology
3699408868,SALE,Sales
3699408868,BD,Business Development
3699408872,MGMT,Management
3699408872,MNFC,Manufacturing
3699408873,MGMT,Management
3699408873,MNFC,Manufacturing
3699408876,SALE,Sales
3699408876,BD,Business Development
3699408878,MRKT,Marketing
3699408880,PRJM,Project Management
3699408880,TRNG,Training
3699408880,CNSL,Consulting
3699408891,MRKT,Marketing
3699408892,MRKT,Marketing
3699408894,MRKT,Marketing
3699408896,ENG,Engineering
3699408897,HCPR,Healthcare
3699408899,MRKT,Marketing
3699408900,GENB,General Business
3699408900,MGMT,Management
3699408900,STRA,Strategy
3694142765,MRKT,Marketing
3694142765,PR,Public Relations
3694142765,WRT,Writing
3694146152,MGMT,Management
3694146152,MNFC,Manufacturing
3694148136,MGMT,Management
3694148136,MNFC,Manufacturing
3699408973,ENG,Engineering
3699408973,IT,Information Technology
3699408997,OTHR,Other
3699409002,ACCT,Accounting
3699409002,FIN,Finance
3699409010,ACCT,Accounting
3699409010,FIN,Finance
3699409020,OTHR,Other
3699409021,HR,Human Resources
3699409081,OTHR,Other
3699409103,MGMT,Management
3699409103,MNFC,Manufacturing
3699409414,OTHR,Other
3699409415,OTHR,Other
3699409473,ENG,Engineering
3699409477,PRJM,Project Management
3699409477,IT,Information Technology
3699409488,PRJM,Project Management
3699409488,IT,Information Technology
3699409493,SALE,Sales
3699409493,CUST,Customer Service
3699409496,SALE,Sales
3699409496,CUST,Customer Service
3699409507,MGMT,Management
3699409507,MNFC,Manufacturing
3699409509,ENG,Engineering
3699409510,RSCH,Research
3699409510,ANLS,Analytics
3699409510,IT,Information Technology
3699409560,IT,Information Technology
3699409565,IT,Information Technology
3699409566,MRKT,Marketing
3699409566,PR,Public Relations
3699409566,WRT,Writing
3699409570,FIN,Finance
3699409570,SALE,Sales
3699409571,FIN,Finance
3699409571,SALE,Sales
3699409572,FIN,Finance
3699409572,ACCT,Accounting
3699409582,PRJM,Project Management
3699409582,IT,Information Technology
3699409591,OTHR,Other
3699409597,OTHR,Other
3699409670,MGMT,Management
3699409670,MNFC,Manufacturing
3699409709,QA,Quality Assurance
3699409709,SALE,Sales
3699409709,CUST,Customer Service
3699409744,SALE,Sales
3699409744,BD,Business Development
3699409746,ENG,Engineering
3699409746,IT,Information Technology
3699409764,HCPR,Healthcare
3699409793,OTHR,Other
3699410286,OTHR,Other
3699410307,HR,Human Resources
3699410309,MGMT,Management
3699410309,MNFC,Manufacturing
3699410336,MGMT,Management
3699410336,MNFC,Manufacturing
3699410337,ENG,Engineering
3699410337,IT,Information Technology
3699410340,ACCT,Accounting
3699410340,FIN,Finance
3699410365,OTHR,Other
3699410368,SALE,Sales
3699410368,CUST,Customer Service
3699410409,SALE,Sales
3699410409,BD,Business Development
3699410416,IT,Information Technology
3699410417,FIN,Finance
3699410417,SALE,Sales
3699410420,MGMT,Management
3699410420,MNFC,Manufacturing
3699410432,OTHR,Other
3699410445,OTHR,Other
3699410451,TRNG,Training
3699410451,MGMT,Management
3699410451,CUST,Customer Service
3699410462,MGMT,Management
3699410462,MNFC,Manufacturing
3699410505,HCPR,Healthcare
3699410507,HR,Human Resources
3699410518,HCPR,Healthcare
3699410536,ENG,Engineering
3699410536,IT,Information Technology
3699410538,QA,Quality Assurance
3699410538,PROD,Product Management
3699410538,SUPL,Supply Chain
3699410568,MGMT,Management
3699410568,MNFC,Manufacturing
3699410576,SALE,Sales
3699410576,BD,Business Development
3699410577,SALE,Sales
3699410577,BD,Business Development
3699410578,MGMT,Management
3699410578,MNFC,Manufacturing
3699410580,ENG,Engineering
3699410580,IT,Information Technology
3699410587,MRKT,Marketing
3699410595,IT,Information Technology
3699410632,OTHR,Other
3699410802,HR,Human Resources
3699410832,HCPR,Healthcare
3699410844,HCPR,Healthcare
3699410851,ENG,Engineering
3699410851,IT,Information Technology
3699410870,OTHR,Other
3699410871,DSGN,Design
3699410879,HCPR,Healthcare
3699410900,OTHR,Other
3699410904,MGMT,Management
3699410919,MRKT,Marketing
3699410919,SALE,Sales
3699410920,SALE,Sales
3699410920,BD,Business Development
3699410936,ENG,Engineering
3699410945,ENG,Engineering
3699410948,ENG,Engineering
3699410952,ENG,Engineering
3699410987,DSGN,Design
3699410987,CNSL,Consulting
3699410987,ENG,Engineering
3699410993,ENG,Engineering
3699411300,ENG,Engineering
3699411300,IT,Information Technology
3699411393,MGMT,Management
3699411393,MNFC,Manufacturing
3699411449,SALE,Sales
3699411449,MGMT,Management
3699411456,IT,Information Technology
3699411457,IT,Information Technology
3699411459,MRKT,Marketing
3699411459,PR,Public Relations
3699411459,WRT,Writing
3699411460,FIN,Finance
3699411460,ACCT,Accounting
3699411461,MGMT,Management
3699411461,MNFC,Manufacturing
3699411462,ENG,Engineering
3699411462,IT,Information Technology
3699411468,IT,Information Technology
3699411575,HR,Human Resources
3699411587,HCPR,Healthcare
3699411594,OTHR,Other
3699411627,IT,Information Technology
3699411633,IT,Information Technology
3699411637,SALE,Sales
3699411637,BD,Business Development
3699411641,MGMT,Management
3699411641,MNFC,Manufacturing
3699411646,BD,Business Development
3699411646,SALE,Sales
3699411653,PRJM,Project Management
3699411653,SALE,Sales
3699411653,BD,Business Development
3699411660,PRJM,Project Management
3699411660,SALE,Sales
3699411660,BD,Business Development
3699411662,PRJM,Project Management
3699411662,TRNG,Training
3699411662,CNSL,Consulting
3699411717,BD,Business Development
3699411717,SALE,Sales
3699411940,MGMT,Management
3699411940,MNFC,Manufacturing
3699411957,MGMT,Management
3699411957,MNFC,Manufacturing
3699411980,ENG,Engineering
3699412168,OTHR,Other
3699412197,MGMT,Management
3699412197,MNFC,Manufacturing
3699412200,MGMT,Management
3699412200,MNFC,Manufacturing
3699412201,MGMT,Management
3699412201,MNFC,Manufacturing
3699412249,SALE,Sales
3699412249,MGMT,Management
3699412255,ENG,Engineering
3699412255,IT,Information Technology
3699412260,SALE,Sales
3699412260,CUST,Customer Service
3699412261,SALE,Sales
3699412261,CUST,Customer Service
3699412302,RSCH,Research
3699412304,IT,Information Technology
3699412351,OTHR,Other
3699412356,ENG,Engineering
3699412356,IT,Information Technology
3699412357,ENG,Engineering
3699412357,IT,Information Technology
3699412372,TRNG,Training
3699412372,MGMT,Management
3699412372,CUST,Customer Service
3699412433,MGMT,Management
3699412433,MNFC,Manufacturing
3699412453,OTHR,Other
3699412470,MGMT,Management
3699412470,MNFC,Manufacturing
3699412473,MGMT,Management
3699412473,MNFC,Manufacturing
3699412481,OTHR,Other
3699412484,ENG,Engineering
3699412484,IT,Information Technology
3699412520,OTHR,Other
3699412536,QA,Quality Assurance
3699412546,MGMT,Management
3699412546,MNFC,Manufacturing
3699412553,MGMT,Management
3699412553,MNFC,Manufacturing
3699412566,MGMT,Management
3699412566,MNFC,Manufacturing
3699412568,CUST,Customer Service
3699412568,ACCT,Accounting
3699412571,EDU,Education
3699412571,TRNG,Training
3699412572,EDU,Education
3699412572,TRNG,Training
3699412573,PRJM,Project Management
3699412573,SALE,Sales
3699412573,BD,Business Development
3699412603,SALE,Sales
3699412625,PRDM,Product Management
3699412625,MRKT,Marketing
3699412821,OTHR,Other
3699412823,OTHR,Other
3699412829,ENG,Engineering
3699412829,IT,Information Technology
3699412860,OTHR,Other
3699412862,HCPR,Healthcare
3699412864,HCPR,Healthcare
3699412897,MGMT,Management
3699412928,MGMT,Management
3699412928,MNFC,Manufacturing
3699412932,ENG,Engineering
3699412941,ADM,Administration
3699412944,HCPR,Healthcare
3699412964,GENB,General Business
3699412964,OTHR,Other
3699412964,HCPR,Healthcare
3699412970,DSGN,Design
3699412970,CNSL,Consulting
3699412970,ENG,Engineering
3699413011,IT,Information Technology
3699413013,SALE,Sales
3699413013,OTHR,Other
3699413013,CUST,Customer Service
3699413014,MGMT,Management
3699413014,MNFC,Manufacturing
3699413016,SALE,Sales
3699413016,OTHR,Other
3699413016,CUST,Customer Service
3699413049,MGMT,Management
3699413049,MNFC,Manufacturing
3699413056,OTHR,Other
3699413061,MGMT,Management
3699413061,MNFC,Manufacturing
3699413064,IT,Information Technology
3699413066,FIN,Finance
3699413066,SALE,Sales
3699413069,SALE,Sales
3699413069,BD,Business Development
3699413072,HCPR,Healthcare
3699413087,OTHR,Other
3699413152,MRKT,Marketing
3699413152,PR,Public Relations
3699413152,WRT,Writing
3699413207,HR,Human Resources
3699413233,SALE,Sales
3699413233,BD,Business Development
3699413238,MGMT,Management
3699413238,MNFC,Manufacturing
3699413262,HCPR,Healthcare
3699413263,HCPR,Healthcare
3699413326,RSCH,Research
3699413326,ANLS,Analytics
3699413326,IT,Information Technology
3699413328,ADM,Administration
3699413351,MGMT,Management
3699413351,MNFC,Manufacturing
3699413480,HCPR,Healthcare
3699413526,IT,Information Technology
3699413565,HCPR,Healthcare
3699413611,ENG,Engineering
3699413611,IT,Information Technology
3699413636,ENG,Engineering
3699413636,IT,Information Technology
3699413647,IT,Information Technology
3699413680,OTHR,Other
3699413681,HCPR,Healthcare
3699413820,MGMT,Management
3699413820,MNFC,Manufacturing
3699413821,MGMT,Management
3699413821,MNFC,Manufacturing
3699413823,HR,Human Resources
3699413877,PRCH,Procurement
3699413877,SUPL,Supply Chain
3699413878,BD,Business Development
3699413878,SALE,Sales
3699413936,MGMT,Management
3699413936,MNFC,Manufacturing
3699413937,HCPR,Healthcare
3699413939,SALE,Sales
3699413939,BD,Business Development
3699413942,HCPR,Healthcare
3699414012,SALE,Sales
3699414047,HR,Human Resources
3699414185,MGMT,Management
3699414185,MNFC,Manufacturing
3694119684,SALE,Sales
3694119684,BD,Business Development
3694146908,HR,Human Resources
3694148606,IT,Information Technology
3694148606,ANLS,Analytics
3694148606,CUST,Customer Service
3694150553,CUST,Customer Service
3694150553,STRA,Strategy
3699414187,OTHR,Other
3699414195,HCPR,Healthcare
3699414232,HCPR,Healthcare
3699414261,HCPR,Healthcare
3699414299,MGMT,Management
3699414299,MNFC,Manufacturing
3699414360,HCPR,Healthcare
3699414362,GENB,General Business
3699414362,OTHR,Other
3699414362,HCPR,Healthcare
3699414370,GENB,General Business
3699414370,OTHR,Other
3699414370,HCPR,Healthcare
3699414512,ACCT,Accounting
3699414512,FIN,Finance
3699414647,HCPR,Healthcare
3699414668,OTHR,Other
3699414669,FIN,Finance
3699414669,SALE,Sales
3699414672,OTHR,Other
3699414672,IT,Information Technology
3699414672,MGMT,Management
3699414673,HCPR,Healthcare
3699414676,MGMT,Management
3699414676,MNFC,Manufacturing
3699414693,MRKT,Marketing
3699414693,SALE,Sales
3699414732,SALE,Sales
3699414734,SALE,Sales
3699414858,MGMT,Management
3699414858,MNFC,Manufacturing
3699414957,HCPR,Healthcare
3699415002,HCPR,Healthcare
3699415008,BD,Business Development
3699415008,SALE,Sales
3699415027,BD,Business Development
3699415027,SALE,Sales
3699415113,HCPR,Healthcare
3699415124,HCPR,Healthcare
3699415127,HCPR,Healthcare
3699415136,ADM,Administration
3699415137,MGMT,Management
3699415137,MNFC,Manufacturing
3699415139,MGMT,Management
3699415139,MNFC,Manufacturing
3699415143,OTHR,Other
3699415188,ENG,Engineering
3699415188,IT,Information Technology
3699415207,OTHR,Other
3699415236,HCPR,Healthcare
3699415268,MGMT,Management
3699415317,GENB,General Business
3699415317,OTHR,Other
3699415317,HCPR,Healthcare
3699415319,GENB,General Business
3699415319,OTHR,Other
3699415319,HCPR,Healthcare
3699415320,GENB,General Business
3699415320,OTHR,Other
3699415320,HCPR,Healthcare
3699415345,OTHR,Other
3699415350,OTHR,Other
3699415378,FIN,Finance
3699415378,SALE,Sales
3699415387,MGMT,Management
3699415387,MNFC,Manufacturing
3699415564,MGMT,Management
3699415564,MNFC,Manufacturing
3699415572,SALE,Sales
3699415572,BD,Business Development
3699415575,HCPR,Healthcare
3699415576,MGMT,Management
3699415576,MNFC,Manufacturing
3699415583,BD,Business Development
3699415583,SALE,Sales
3699415587,MGMT,Management
3699415587,MNFC,Manufacturing
3699415645,OTHR,Other
3699415649,SALE,Sales
3699415653,MRKT,Marketing
3699415654,OTHR,Other
3699415656,SALE,Sales
3699415658,HCPR,Healthcare
3699415758,CUST,Customer Service
3699415992,QA,Quality Assurance
3699415992,IT,Information Technology
3699415992,ENG,Engineering
3699416125,HCPR,Healthcare
3699416130,RSCH,Research
3699416130,ANLS,Analytics
3699416130,IT,Information Technology
3699416131,MGMT,Management
3699416131,MNFC,Manufacturing
3699416141,HCPR,Healthcare
3699416160,HCPR,Healthcare
3699416176,MGMT,Management
3699416176,MNFC,Manufacturing
3699416195,OTHR,Other
3699416206,MGMT,Management
3699416206,MNFC,Manufacturing
3699416211,HCPR,Healthcare
3699416225,MGMT,Management
3699416225,MNFC,Manufacturing
3699416230,ENG,Engineering
3699416230,IT,Information Technology
3699416241,ENG,Engineering
3699416252,OTHR,Other
3699416267,GENB,General Business
3699416267,OTHR,Other
3699416267,HCPR,Healthcare
3699416268,GENB,General Business
3699416268,OTHR,Other
3699416268,HCPR,Healthcare
3699416271,HCPR,Healthcare
3699416276,SALE,Sales
3699416276,BD,Business Development
3699416293,HCPR,Healthcare
3699416320,HCPR,Healthcare
3699416347,OTHR,Other
3699416436,MGMT,Management
3699416436,MNFC,Manufacturing
3699416482,ENG,Engineering
3699416482,IT,Information Technology
3699416529,MGMT,Management
3699416529,MNFC,Manufacturing
3699416553,HCPR,Healthcare
3699416555,MGMT,Management
3699416555,MNFC,Manufacturing
3699416557,MGMT,Management
3699416557,MNFC,Manufacturing
3699416609,ACCT,Accounting
3699416611,SALE,Sales
3699416661,MRKT,Marketing
3699416661,SALE,Sales
3699416723,CUST,Customer Service
3699416724,CUST,Customer Service
3699416747,MGMT,Management
3699416747,MNFC,Manufacturing
3699416750,MRKT,Marketing
3699416750,SALE,Sales
3699417040,OTHR,Other
3699417053,ENG,Engineering
3699417053,IT,Information Technology
3699417116,ENG,Engineering
3699417131,ENG,Engineering
3699417133,ENG,Engineering
3699417133,IT,Information Technology
3699417136,MGMT,Management
3699417136,MNFC,Manufacturing
3699417151,OTHR,Other
3699417151,IT,Information Technology
3699417151,MGMT,Management
3699417160,GENB,General Business
3699417160,OTHR,Other
3699417160,HCPR,Healthcare
3699417165,GENB,General Business
3699417165,OTHR,Other
3699417165,HCPR,Healthcare
3699417167,DSGN,Design
3699417167,CNSL,Consulting
3699417167,ENG,Engineering
3699417176,OTHR,Other
3699417195,SALE,Sales
3699417195,BD,Business Development
3699417213,SALE,Sales
3699417213,BD,Business Development
3699417305,EDU,Education
3699417305,TRNG,Training
3699417313,OTHR,Other
3699417441,OTHR,Other
3699417441,IT,Information Technology
3699417441,MGMT,Management
3694147694,ENG,Engineering
3694147694,IT,Information Technology
3694147762,PRJM,Project Management
3694147762,IT,Information Technology
3694149590,IT,Information Technology
3694149590,ENG,Engineering
3694150557,BD,Business Development
3694150557,SALE,Sales
3694153062,ENG,Engineering
3694153062,IT,Information Technology
3699417451,MGMT,Management
3699417451,MNFC,Manufacturing
3699417452,MGMT,Management
3699417452,MNFC,Manufacturing
3699417453,MGMT,Management
3699417453,MNFC,Manufacturing
3699417454,MGMT,Management
3699417454,MNFC,Manufacturing
3699417515,IT,Information Technology
3699417519,SALE,Sales
3699417520,OTHR,Other
3699417521,SALE,Sales
3699417602,MGMT,Management
3699417602,MNFC,Manufacturing
3699417661,ENG,Engineering
3699417661,IT,Information Technology
3699417731,IT,Information Technology
3699417929,PRJM,Project Management
3699417929,STRA,Strategy
3699417929,OTHR,Other
3699417937,MGMT,Management
3699417937,MNFC,Manufacturing
3699417972,OTHR,Other
3699417980,MGMT,Management
3699417980,MNFC,Manufacturing
3699417996,HCPR,Healthcare
3699418007,PRJM,Project Management
3699418007,IT,Information Technology
3699418008,HCPR,Healthcare
3699418012,HCPR,Healthcare
3699418016,MGMT,Management
3699418016,MNFC,Manufacturing
3699418053,HCPR,Healthcare
3699418123,FIN,Finance
3699418123,SALE,Sales
3699418200,EDU,Education
3699418200,TRNG,Training
3699418205,RSCH,Research
3699418205,ANLS,Analytics
3699418205,IT,Information Technology
3699418215,MGMT,Management
3699418215,MNFC,Manufacturing
3699418328,SALE,Sales
3699418328,MGMT,Management
3699418338,HCPR,Healthcare
3699418343,ENG,Engineering
3699418343,IT,Information Technology
3699418395,SALE,Sales
3699418396,SALE,Sales
3699418399,HCPR,Healthcare
3699418497,RSCH,Research
3699418497,ANLS,Analytics
3699418497,IT,Information Technology
3699418525,IT,Information Technology
3699418733,MGMT,Management
3699418733,MNFC,Manufacturing
3699418793,MGMT,Management
3699418793,MNFC,Manufacturing
3699418797,OTHR,Other
3699418797,IT,Information Technology
3699418797,MGMT,Management
3699418806,MGMT,Management
3699418806,MNFC,Manufacturing
3699418812,RSCH,Research
3699418812,ANLS,Analytics
3699418812,IT,Information Technology
3699418857,MGMT,Management
3699418857,MNFC,Manufacturing
3699418866,ADM,Administration
3699418866,HCPR,Healthcare
3699418971,HCPR,Healthcare
3699418972,HCPR,Healthcare
3699418981,SALE,Sales
3699418981,GENB,General Business
3699418981,CUST,Customer Service
3699418983,SALE,Sales
3699419008,HCPR,Healthcare
3699419009,OTHR,Other
3699419105,MGMT,Management
3699419105,MNFC,Manufacturing
3699419219,MGMT,Management
3699419219,MNFC,Manufacturing
3699419265,ADM,Administration
3699419268,OTHR,Other
3699419270,MGMT,Management
3699419270,MNFC,Manufacturing
3699419272,OTHR,Other
3699419276,HCPR,Healthcare
3699419277,HCPR,Healthcare
3699419282,MGMT,Management
3699419282,MNFC,Manufacturing
3699419293,MGMT,Management
3699419293,MNFC,Manufacturing
3699419294,MGMT,Management
3699419294,MNFC,Manufacturing
3699419305,HCPR,Healthcare
3699419320,HR,Human Resources
3699419344,ACCT,Accounting
3699419345,OTHR,Other
3699419346,HCPR,Healthcare
3699419348,MRKT,Marketing
3699419348,PR,Public Relations
3699419348,WRT,Writing
3699419349,SALE,Sales
3699419352,ACCT,Accounting
3699419428,SALE,Sales
3699419444,ACCT,Accounting
3699419444,FIN,Finance
3699419752,PRJM,Project Management
3699419752,STRA,Strategy
3699419752,OTHR,Other
3699419804,MGMT,Management
3699419804,MNFC,Manufacturing
3699419809,RSCH,Research
3699419809,ANLS,Analytics
3699419809,IT,Information Technology
3699419861,SALE,Sales
3699419861,BD,Business Development
3699419869,HCPR,Healthcare
3699419899,HCPR,Healthcare
3699419940,ENG,Engineering
3699419940,IT,Information Technology
3699419947,IT,Information Technology
3699419969,ADM,Administration
3699419977,OTHR,Other
3699419978,OTHR,Other
3699419978,IT,Information Technology
3699419978,MGMT,Management
3699419984,MGMT,Management
3699419984,MNFC,Manufacturing
3699420014,OTHR,Other
3699420030,MGMT,Management
3699420030,MNFC,Manufacturing
3699420117,HCPR,Healthcare
3699420155,MGMT,Management
3699420155,MNFC,Manufacturing
3699420244,SALE,Sales
3699420244,BD,Business Development
3699420256,MGMT,Management
3699420256,MNFC,Manufacturing
3699420272,MGMT,Management
3699420272,MNFC,Manufacturing
3699420320,ACCT,Accounting
3699420433,SALE,Sales
3699420433,FIN,Finance
3699420433,CUST,Customer Service
3699420438,CUST,Customer Service
3699420734,IT,Information Technology
3699420734,ENG,Engineering
3699420789,MGMT,Management
3699420789,MNFC,Manufacturing
3694119670,MGMT,Management
3694119670,MNFC,Manufacturing
3694149647,IT,Information Technology
3699420827,MGMT,Management
3699420827,MNFC,Manufacturing
3699420944,HCPR,Healthcare
3699421003,PRJM,Project Management
3699421003,IT,Information Technology
3699421009,SALE,Sales
3699421086,MGMT,Management
3699421086,MNFC,Manufacturing
3699421087,ENG,Engineering
3699421087,IT,Information Technology
3699421101,MGMT,Management
3699421101,MNFC,Manufacturing
3699421162,MGMT,Management
3699421162,MNFC,Manufacturing
3699421413,ART,Arts
3699421413,DSGN,Design
3699421413,ENG,Engineering
3699421547,IT,Information Technology
3699421563,ADM,Administration
3699421563,HCPR,Healthcare
3699421576,SALE,Sales
3699421576,MGMT,Management
3699421599,BD,Business Development
3699421599,SALE,Sales
3699421606,HCPR,Healthcare
3699421613,OTHR,Other
3699421613,IT,Information Technology
3699421613,ENG,Engineering
3699421615,SALE,Sales
3699421615,BD,Business Development
3699421616,MGMT,Management
3699421616,MNFC,Manufacturing
3699421651,HCPR,Healthcare
3699421684,SALE,Sales
3699421753,ENG,Engineering
3699421753,IT,Information Technology
3699421797,HCPR,Healthcare
3699422109,PRJM,Project Management
3699422109,STRA,Strategy
3699422109,OTHR,Other
3699422130,MGMT,Management
3699422130,MNFC,Manufacturing
3699422165,IT,Information Technology
3699422165,ENG,Engineering
3699422166,IT,Information Technology
3699422166,ENG,Engineering
3699422202,MGMT,Management
3699422202,MNFC,Manufacturing
3699422214,ADM,Administration
3699422214,HCPR,Healthcare
3699422275,MNFC,Manufacturing
3699422279,FIN,Finance
3699422279,SALE,Sales
3699422316,SALE,Sales
3699422316,GENB,General Business
3699422316,CUST,Customer Service
3699422329,SALE,Sales
3699422331,MGMT,Management
3699422331,MNFC,Manufacturing
3699422356,HR,Human Resources
3699422363,MGMT,Management
3699422363,MNFC,Manufacturing
3699422402,IT,Information Technology
3699422441,GENB,General Business
3699422441,STRA,Strategy
3699422441,CNSL,Consulting
3699422467,OTHR,Other
3699422485,BD,Business Development
3699422485,SALE,Sales
3699422494,MGMT,Management
3699422494,MNFC,Manufacturing
3699422508,SALE,Sales
3699422508,BD,Business Development
3699422523,MGMT,Management
3699422523,MNFC,Manufacturing
3699422524,OTHR,Other
3699422724,RSCH,Research
3699422724,IT,Information Technology
3699422724,ENG,Engineering
3699422757,IT,Information Technology
3699422816,IT,Information Technology
3699422888,OTHR,Other
3699423055,MRKT,Marketing
3699423059,PRJM,Project Management
3699423059,STRA,Strategy
3699423059,OTHR,Other
3699423115,MGMT,Management
3699423115,MNFC,Manufacturing
3699423120,RSCH,Research
3699423120,ANLS,Analytics
3699423120,IT,Information Technology
3699423127,IT,Information Technology
3699423165,MGMT,Management
3699423165,HCPR,Healthcare
3699423203,HCPR,Healthcare
3699423213,MGMT,Management
3699423213,MNFC,Manufacturing
3699423224,SALE,Sales
3699423224,GENB,General Business
3699423224,CUST,Customer Service
3699423245,MGMT,Management
3699423245,MNFC,Manufacturing
3699423248,HCPR,Healthcare
3699423249,MGMT,Management
3699423249,MNFC,Manufacturing
3699423252,OTHR,Other
3699423252,IT,Information Technology
3699423252,MGMT,Management
3699423256,MGMT,Management
3699423256,MNFC,Manufacturing
3699423270,FIN,Finance
3699423270,SALE,Sales
3699423302,SALE,Sales
3699423302,GENB,General Business
3699423302,CUST,Customer Service
3699423327,HCPR,Healthcare
3699423345,SALE,Sales
3699423365,MGMT,Management
3699423365,MNFC,Manufacturing
3699423372,SALE,Sales
3699423372,GENB,General Business
3699423372,CUST,Customer Service
3699423468,MRKT,Marketing
3699423468,IT,Information Technology
3699423554,ENG,Engineering
3699423554,IT,Information Technology
3699423704,SALE,Sales
3699423704,BD,Business Development
3699423749,IT,Information Technology
3699423755,IT,Information Technology
3699423757,IT,Information Technology
3699423758,IT,Information Technology
3699423761,IT,Information Technology
3699423909,PRCH,Procurement
3699423909,SUPL,Supply Chain
3699423910,MGMT,Management
3699423910,MNFC,Manufacturing
3699423917,OTHR,Other
3699423931,ACCT,Accounting
3699423931,FIN,Finance
3699423991,MGMT,Management
3699423991,MNFC,Manufacturing
3699424014,MGMT,Management
3699424014,MNFC,Manufacturing
3699424032,ADM,Administration
3699424032,HCPR,Healthcare
3699424056,HCPR,Healthcare
3699424072,HCPR,Healthcare
3699424141,MGMT,Management
3699424141,MNFC,Manufacturing
3699424156,IT,Information Technology
3699424172,SALE,Sales
3699424172,BD,Business Development
3699424219,SALE,Sales
3699424249,SALE,Sales
3699424271,HCPR,Healthcare
3699424429,MGMT,Management
3699424429,MNFC,Manufacturing
3699424457,OTHR,Other
3699424696,SALE,Sales
3699424696,BD,Business Development
3699424737,IT,Information Technology
3699424740,IT,Information Technology
3699424895,MGMT,Management
3699424895,MNFC,Manufacturing
3699424955,SALE,Sales
3699424955,BD,Business Development
3699424965,OTHR,Other
3699425016,IT,Information Technology
3699425036,HCPR,Healthcare
3699425044,MGMT,Management
3699425044,MNFC,Manufacturing
3699425139,SALE,Sales
3699425139,BD,Business Development
3699425140,SALE,Sales
3699425140,BD,Business Development
3699425177,HCPR,Healthcare
3699425179,OTHR,Other
3699425185,SALE,Sales
3699425185,BD,Business Development
3699425307,GENB,General Business
3699425307,STRA,Strategy
3699425307,CNSL,Consulting
3699425327,OTHR,Other
3699425334,MRKT,Marketing
3699425334,IT,Information Technology
3699425394,OTHR,Other
3699425619,IT,Information Technology
3694122334,IT,Information Technology
3694151210,ENG,Engineering
3694151210,IT,Information Technology
3699425620,IT,Information Technology
3699425621,IT,Information Technology
3699425739,OTHR,Other
3699425835,MGMT,Management
3699425835,MNFC,Manufacturing
3699425895,GENB,General Business
3699425935,CNSL,Consulting
3699425935,IT,Information Technology
3699425935,SALE,Sales
3699425953,SALE,Sales
3699425953,BD,Business Development
3699426031,SALE,Sales
3699426031,GENB,General Business
3699426031,CUST,Customer Service
3699426035,SALE,Sales
3699426035,GENB,General Business
3699426035,CUST,Customer Service
3699426118,GENB,General Business
3699426118,STRA,Strategy
3699426118,CNSL,Consulting
3699426142,OTHR,Other
3699426151,MRKT,Marketing
3699426151,IT,Information Technology
3699426167,BD,Business Development
3699426167,SALE,Sales
3699426187,PRDM,Product Management
3699426187,MRKT,Marketing
3699426446,HCPR,Healthcare
3699426449,IT,Information Technology
3699426451,IT,Information Technology
3699426452,IT,Information Technology
3699426457,RSCH,Research
3699426457,IT,Information Technology
3699426457,ENG,Engineering
3699426562,OTHR,Other
3699426631,IT,Information Technology
3699426759,GENB,General Business
3699426763,HCPR,Healthcare
3699426941,OTHR,Other
3699427059,GENB,General Business
3699427059,STRA,Strategy
3699427059,CNSL,Consulting
3699427060,GENB,General Business
3699427060,STRA,Strategy
3699427060,CNSL,Consulting
3699427108,SALE,Sales
3699427108,BD,Business Development
3699427127,ADM,Administration
3699427129,OTHR,Other
3699427378,LGL,Legal
3699427547,ACCT,Accounting
3699427547,FIN,Finance
3699427588,SALE,Sales
3699427588,BD,Business Development
3699427609,MRKT,Marketing
3699427609,SALE,Sales
3699427614,GENB,General Business
3699427629,ENG,Engineering
3699427629,IT,Information Technology
3699427648,GENB,General Business
3699427693,HCPR,Healthcare
3699427694,HCPR,Healthcare
3699427885,DSGN,Design
3699427885,ART,Arts
3699427885,IT,Information Technology
3699428036,SALE,Sales
3699428036,BD,Business Development
3699428079,IT,Information Technology
3699428083,IT,Information Technology
3699428084,IT,Information Technology
3699428085,IT,Information Technology
3699428278,IT,Information Technology
3699428318,MGMT,Management
3699428318,MNFC,Manufacturing
3699428349,GENB,General Business
3699428416,MGMT,Management
3699428416,MNFC,Manufacturing
3699428433,HCPR,Healthcare
3699428589,OTHR,Other
3699428742,CNSL,Consulting
3699428742,ENG,Engineering
3699428754,CNSL,Consulting
3699428754,ENG,Engineering
3699429023,GENB,General Business
3699429088,HCPR,Healthcare
3699429089,HCPR,Healthcare
3699429245,DSGN,Design
3699429245,ART,Arts
3699429245,IT,Information Technology
3699429261,OTHR,Other
3699429277,MGMT,Management
3699429277,MNFC,Manufacturing
3699429379,MGMT,Management
3699429379,MNFC,Manufacturing
3699429382,MGMT,Management
3699429382,MNFC,Manufacturing
3699429395,HR,Human Resources
3699429396,HR,Human Resources
3699430005,GENB,General Business
3699430009,GENB,General Business
3699430025,GENB,General Business
3699430033,SALE,Sales
3699430033,BD,Business Development
3699430053,GENB,General Business
3699430093,GENB,General Business
3699430100,HCPR,Healthcare
3699430101,HCPR,Healthcare
3699430119,SALE,Sales
3699430119,BD,Business Development
3699430269,ADM,Administration
3699430285,SALE,Sales
3699430285,BD,Business Development
3699430301,MGMT,Management
3699430301,MNFC,Manufacturing
3699430435,HCPR,Healthcare
3699430438,MGMT,Management
3699430438,MNFC,Manufacturing
3699430440,MGMT,Management
3699430440,MNFC,Manufacturing
3699430443,SALE,Sales
3699430443,BD,Business Development
3699430444,IT,Information Technology
3699430456,CNSL,Consulting
3699430456,ENG,Engineering
3699430457,CNSL,Consulting
3699430457,ENG,Engineering
3699431059,GENB,General Business
3699431229,MGMT,Management
3699431229,MNFC,Manufacturing
3699431347,HCPR,Healthcare
3699431350,PRJM,Project Management
3699431350,IT,Information Technology
3699431359,HCPR,Healthcare
3699432141,HCPR,Healthcare
3699432291,MGMT,Management
3699432291,MNFC,Manufacturing
3699432292,SALE,Sales
3699432292,BD,Business Development
3699433059,MGMT,Management
3699433059,MNFC,Manufacturing
3699433062,EDU,Education
3699433062,TRNG,Training
3699433067,OTHR,Other
3699433067,IT,Information Technology
3699433067,MGMT,Management
3699433068,MRKT,Marketing
3699433068,SALE,Sales
3694147792,SALE,Sales
3694147792,BD,Business Development
3699433073,CNSL,Consulting
3699433073,ENG,Engineering
3699433074,CNSL,Consulting
3699433074,ENG,Engineering
3699433075,CNSL,Consulting
3699433075,ENG,Engineering
3699434035,MGMT,Management
3699434035,MNFC,Manufacturing
3699434038,HCPR,Healthcare
3699434043,HR,Human Resources
3699434055,CNSL,Consulting
3699434055,ENG,Engineering
3699434057,CNSL,Consulting
3699434057,ENG,Engineering
3699435011,OTHR,Other
3699435014,MGMT,Management
3699435014,MNFC,Manufacturing
3699435019,HR,Human Resources
3699435020,HCPR,Healthcare
3699435047,CNSL,Consulting
3699435047,ENG,Engineering
3700517653,PRJM,Project Management
3700517653,IT,Information Technology
3700546442,RSCH,Research
3700546442,ANLS,Analytics
3700546442,IT,Information Technology
3700546773,ENG,Engineering
3700546773,IT,Information Technology
3700546775,ENG,Engineering
3700546775,IT,Information Technology
3700546783,ENG,Engineering
3700546783,IT,Information Technology
3700547817,ENG,Engineering
3700547817,IT,Information Technology
3700547818,ENG,Engineering
3700547818,IT,Information Technology
3700547819,ENG,Engineering
3700547819,IT,Information Technology
3700548425,ENG,Engineering
3700548425,IT,Information Technology
3700548431,ENG,Engineering
3700548431,IT,Information Technology
3700549293,ENG,Engineering
3700549293,IT,Information Technology
3700549294,ENG,Engineering
3700549294,IT,Information Technology
3700549295,ENG,Engineering
3700549295,IT,Information Technology
3700549296,ENG,Engineering
3700549296,IT,Information Technology
3700549297,ENG,Engineering
3700549297,IT,Information Technology
3700549302,ENG,Engineering
3700549302,IT,Information Technology
3700550209,ENG,Engineering
3700550209,IT,Information Technology
3700551191,ENG,Engineering
3700551191,IT,Information Technology
3700552150,ENG,Engineering
3700552150,IT,Information Technology
3700553031,ENG,Engineering
3700553031,IT,Information Technology
3700553032,ENG,Engineering
3700553032,IT,Information Technology
3700553033,ENG,Engineering
3700553033,IT,Information Technology
3700555690,BD,Business Development
3700555690,SCI,Science
3700555690,MRKT,Marketing
3701020233,LGL,Legal
3701068524,HCPR,Healthcare
3701072905,ACCT,Accounting
3701072905,FIN,Finance
3701084999,HCPR,Healthcare
3701086688,SALE,Sales
3701086688,BD,Business Development
3701088745,PRCH,Procurement
3701088745,SUPL,Supply Chain
3701090291,MGMT,Management
3701090291,MNFC,Manufacturing
3701091903,ACCT,Accounting
3701091903,FIN,Finance
3701097854,HCPR,Healthcare
3701109408,FIN,Finance
3701109408,SALE,Sales
3701112538,MGMT,Management
3701112538,MNFC,Manufacturing
3701113268,IT,Information Technology
3701113268,DSGN,Design
3701113268,SALE,Sales
3701131991,OTHR,Other
3701131991,IT,Information Technology
3701131991,MGMT,Management
3701132802,MGMT,Management
3701132802,MNFC,Manufacturing
3701135605,LGL,Legal
3701137234,HCPR,Healthcare
3701142251,MGMT,Management
3701142251,MNFC,Manufacturing
3701142370,FIN,Finance
3701142370,SALE,Sales
3701142908,MGMT,Management
3701142908,MNFC,Manufacturing
3701143721,ACCT,Accounting
3701143721,FIN,Finance
3701145102,MGMT,Management
3701145102,MNFC,Manufacturing
3701145459,ACCT,Accounting
3701145459,FIN,Finance
3701146948,HCPR,Healthcare
3701147528,DSGN,Design
3701147528,ART,Arts
3701147528,IT,Information Technology
3701147647,SALE,Sales
3701147647,BD,Business Development
3701147666,HCPR,Healthcare
3701148134,SALE,Sales
3701148134,BD,Business Development
3701148264,ENG,Engineering
3701148363,ANLS,Analytics
3701148363,MRKT,Marketing
3701148406,MRKT,Marketing
3701148406,SALE,Sales
3701148406,ADVR,Advertising
3701148574,HCPR,Healthcare
3701148901,SALE,Sales
3701148901,IT,Information Technology
3701149624,ACCT,Accounting
3701149624,FIN,Finance
3701149870,LGL,Legal
3701149896,SALE,Sales
3701149896,BD,Business Development
3701150873,MGMT,Management
3701150873,MNFC,Manufacturing
3701150877,EDU,Education
3701150877,TRNG,Training
3701151035,SALE,Sales
3701151035,BD,Business Development
3701151750,BD,Business Development
3701151750,SALE,Sales
3701151907,MGMT,Management
3701151907,MNFC,Manufacturing
3701151911,BD,Business Development
3701151911,SALE,Sales
3701152088,ENG,Engineering
3701152421,SALE,Sales
3701152421,BD,Business Development
3701152516,MRKT,Marketing
3701152516,SALE,Sales
3701152523,SALE,Sales
3701152523,BD,Business Development
3701152698,HCPR,Healthcare
3701152995,SALE,Sales
3701152995,BD,Business Development
3701153436,MGMT,Management
3701153436,MNFC,Manufacturing
3701153557,MGMT,Management
3701153557,MNFC,Manufacturing
3701153585,EDU,Education
3701153585,TRNG,Training
3701153591,MRKT,Marketing
3701153591,PR,Public Relations
3701153591,WRT,Writing
3701153631,IT,Information Technology
3701153652,MGMT,Management
3701153652,MNFC,Manufacturing
3701153682,MGMT,Management
3701153682,MNFC,Manufacturing
3701153697,ENG,Engineering
3701153697,IT,Information Technology
3701153769,ACCT,Accounting
3701153769,FIN,Finance
3694149520,FIN,Finance
3694150745,CNSL,Consulting
3694150745,QA,Quality Assurance
3694154122,ACCT,Accounting
3701153787,MGMT,Management
3701153787,MNFC,Manufacturing
3701153836,MGMT,Management
3701153836,MNFC,Manufacturing
3701153956,HCPR,Healthcare
3701154464,ADM,Administration
3701154496,MGMT,Management
3701154496,MNFC,Manufacturing
3701154498,MGMT,Management
3701154498,MNFC,Manufacturing
3701154526,IT,Information Technology
3701154588,IT,Information Technology
3701154675,PRJM,Project Management
3701154675,IT,Information Technology
3701154688,MGMT,Management
3701154688,MNFC,Manufacturing
3701154727,OTHR,Other
3701154758,DSGN,Design
3701154758,ART,Arts
3701154758,IT,Information Technology
3701154767,OTHR,Other
3701154958,MGMT,Management
3701154958,MNFC,Manufacturing
3701155279,MGMT,Management
3701155279,MNFC,Manufacturing
3701155378,OTHR,Other
3701155578,MGMT,Management
3701155578,MNFC,Manufacturing
3701155623,ADM,Administration
3701155654,BD,Business Development
3701155654,SALE,Sales
3701155717,PRJM,Project Management
3701155717,IT,Information Technology
3701155903,MRKT,Marketing
3701155903,SALE,Sales
3701155920,ENG,Engineering
3701155920,IT,Information Technology
3701156168,MGMT,Management
3701156168,MNFC,Manufacturing
3701156276,FIN,Finance
3701156276,SALE,Sales
3701156295,HCPR,Healthcare
3701156318,HCPR,Healthcare
3701156319,SALE,Sales
3701156319,BD,Business Development
3701156401,IT,Information Technology
3701156562,ACCT,Accounting
3701156562,FIN,Finance
3701156575,OTHR,Other
3701156600,OTHR,Other
3701156662,OTHR,Other
3701156765,MGMT,Management
3701156765,MNFC,Manufacturing
3701156766,MGMT,Management
3701156766,MNFC,Manufacturing
3701156766,QA,Quality Assurance
3701157168,MRKT,Marketing
3701157168,PR,Public Relations
3701157168,WRT,Writing
3701157216,MGMT,Management
3701157216,MNFC,Manufacturing
3701157285,MGMT,Management
3701157285,MNFC,Manufacturing
3701157291,QA,Quality Assurance
3701157297,SALE,Sales
3701157297,BD,Business Development
3701157340,MGMT,Management
3701157340,MNFC,Manufacturing
3701157419,MGMT,Management
3701157419,MNFC,Manufacturing
3701157441,SALE,Sales
3701157441,BD,Business Development
3701157505,MGMT,Management
3701157505,MNFC,Manufacturing
3701157506,ENG,Engineering
3701157506,IT,Information Technology
3701157620,HCPR,Healthcare
3701157764,DSGN,Design
3701157764,ART,Arts
3701157764,IT,Information Technology
3701157902,ACCT,Accounting
3701157902,ADM,Administration
3701158045,MRKT,Marketing
3701158045,PR,Public Relations
3701158045,WRT,Writing
3701158059,MGMT,Management
3701158059,MNFC,Manufacturing
3701158118,MRKT,Marketing
3701158118,SALE,Sales
3701158169,PRJM,Project Management
3701158169,IT,Information Technology
3701158205,SALE,Sales
3701158294,PRJM,Project Management
3701158294,IT,Information Technology
3701158299,ENG,Engineering
3701158299,IT,Information Technology
3701158344,HCPR,Healthcare
3701158367,MGMT,Management
3701158367,MNFC,Manufacturing
3701158401,SALE,Sales
3701158401,BD,Business Development
3701158492,OTHR,Other
3701158605,MGMT,Management
3701158605,MNFC,Manufacturing
3701158832,BD,Business Development
3701158832,SALE,Sales
3701159014,ENG,Engineering
3701159014,IT,Information Technology
3701159084,OTHR,Other
3701159256,LGL,Legal
3701159283,MGMT,Management
3701159283,MNFC,Manufacturing
3701159341,SUPL,Supply Chain
3701159341,ACCT,Accounting
3701159341,BD,Business Development
3701159392,OTHR,Other
3701159970,MRKT,Marketing
3701159970,PR,Public Relations
3701159970,WRT,Writing
3701160090,MGMT,Management
3701160090,MNFC,Manufacturing
3701160111,MRKT,Marketing
3701160111,SALE,Sales
3701160122,SALE,Sales
3701160122,BD,Business Development
3701160138,HCPR,Healthcare
3701160253,EDU,Education
3701160253,TRNG,Training
3701160356,RSCH,Research
3701160356,ANLS,Analytics
3701160356,IT,Information Technology
3701160465,MGMT,Management
3701160465,MNFC,Manufacturing
3701160547,HCPR,Healthcare
3701160671,MGMT,Management
3701160671,MNFC,Manufacturing
3701161109,OTHR,Other
3701161199,HCPR,Healthcare
3701161268,MRKT,Marketing
3701161268,SALE,Sales
3701161683,SALE,Sales
3701161683,BD,Business Development
3701161764,FIN,Finance
3701161764,SALE,Sales
3701161847,ENG,Engineering
3701161847,PRJM,Project Management
3701162011,OTHR,Other
3694124274,MGMT,Management
3694124274,MNFC,Manufacturing
3701162362,SALE,Sales
3701162362,BD,Business Development
3701163066,MGMT,Management
3701163066,MNFC,Manufacturing
3701164045,FIN,Finance
3701164045,SALE,Sales
3701164194,MGMT,Management
3701164540,MRKT,Marketing
3701164540,PR,Public Relations
3701164540,SALE,Sales
3701165988,ENG,Engineering
3701165988,IT,Information Technology
3701166406,HR,Human Resources
3701168388,IT,Information Technology
3701168522,HCPR,Healthcare
3701168522,LGL,Legal
3701170022,HR,Human Resources
3701170334,EDU,Education
3701170334,TRNG,Training
3701170958,EDU,Education
3701170958,TRNG,Training
3701173707,ENG,Engineering
3701173707,IT,Information Technology
3701175341,MRKT,Marketing
3701175341,PR,Public Relations
3701175341,WRT,Writing
3701175717,MGMT,Management
3701175717,MNFC,Manufacturing
3701175896,MGMT,Management
3701175896,MNFC,Manufacturing
3701180028,MGMT,Management
3701180028,MNFC,Manufacturing
3701183824,MGMT,Management
3701183824,MNFC,Manufacturing
3701183919,MRKT,Marketing
3701183919,SALE,Sales
3701183922,OTHR,Other
3701183926,OTHR,Other
3701183930,SALE,Sales
3701183930,MGMT,Management
3701183976,MGMT,Management
3701183976,PRJM,Project Management
3701183976,MNFC,Manufacturing
3701184819,MGMT,Management
3701184819,MNFC,Manufacturing
3701184832,ADM,Administration
3701184956,MGMT,Management
3701184956,MNFC,Manufacturing
3701184957,SALE,Sales
3701184957,MGMT,Management
3701184964,OTHR,Other
3701184986,QA,Quality Assurance
3701185531,EDU,Education
3701185531,TRNG,Training
3701185575,ACCT,Accounting
3701185575,FIN,Finance
3701185591,ADM,Administration
3701185626,FIN,Finance
3701185626,SALE,Sales
3701185627,SALE,Sales
3701185627,MGMT,Management
3701185628,MGMT,Management
3701185628,MNFC,Manufacturing
3701185635,MGMT,Management
3701185635,MNFC,Manufacturing
3701185638,MGMT,Management
3701185638,MNFC,Manufacturing
3701185639,IT,Information Technology
3701185669,HCPR,Healthcare
3701185704,SALE,Sales
3701185718,MGMT,Management
3701185718,MNFC,Manufacturing
3701185919,MRKT,Marketing
3701185919,SALE,Sales
3701185919,PR,Public Relations
3701186375,EDU,Education
3701186375,TRNG,Training
3701186489,IT,Information Technology
3701186491,OTHR,Other
3701186502,IT,Information Technology
3701186504,MRKT,Marketing
3701186504,SALE,Sales
3701186950,SALE,Sales
3701186950,BD,Business Development
3701187313,ADM,Administration
3701187449,SALE,Sales
3701187449,MGMT,Management
3701187453,DSGN,Design
3701187453,ENG,Engineering
3701187459,MGMT,Management
3701187459,MNFC,Manufacturing
3701187462,ENG,Engineering
3701187462,IT,Information Technology
3701187463,OTHR,Other
3701187566,MRKT,Marketing
3701188125,ADM,Administration
3701188239,DSGN,Design
3701188239,ART,Arts
3701188239,IT,Information Technology
3701189036,EDU,Education
3701189036,TRNG,Training
3701189058,CUST,Customer Service
3701189071,BD,Business Development
3701189071,SALE,Sales
3701189173,PRJM,Project Management
3701190007,ADM,Administration
3701190043,MGMT,Management
3701190043,MNFC,Manufacturing
3701190047,MRKT,Marketing
3701190047,SALE,Sales
3701190054,MRKT,Marketing
3701190054,SALE,Sales
3701190745,ACCT,Accounting
3701190745,FIN,Finance
3701192011,SALE,Sales
3701192011,BD,Business Development
3701192564,ENG,Engineering
3701192564,IT,Information Technology
3701192828,IT,Information Technology
3701193101,DSGN,Design
3701193101,ART,Arts
3701193101,IT,Information Technology
3701193158,SALE,Sales
3701193158,BD,Business Development
3701193566,MRKT,Marketing
3701193566,SALE,Sales
3701193844,RSCH,Research
3701193844,ANLS,Analytics
3701193844,IT,Information Technology
3701193870,MNFC,Manufacturing
3701193870,PROD,Product Management
3701193870,PRDM,Product Management
3701193874,IT,Information Technology
3701193874,ENG,Engineering
3701193874,FIN,Finance
3701193877,ENG,Engineering
3701193886,SALE,Sales
3701193886,BD,Business Development
3701194236,IT,Information Technology
3701194811,SALE,Sales
3701194811,BD,Business Development
3701194827,HCPR,Healthcare
3701194879,ENG,Engineering
3701194879,IT,Information Technology
3701194879,ANLS,Analytics
3701194907,DSGN,Design
3701194907,ART,Arts
3701194907,IT,Information Technology
3701194943,SALE,Sales
3701194968,MGMT,Management
3701194968,MNFC,Manufacturing
3701195453,IT,Information Technology
3701195579,ACCT,Accounting
3701195579,FIN,Finance
3701195611,SALE,Sales
3701195611,ADVR,Advertising
3701195611,BD,Business Development
3701195666,MGMT,Management
3701195666,MNFC,Manufacturing
3701195768,ENG,Engineering
3701195768,IT,Information Technology
3701195789,IT,Information Technology
3701195789,ADM,Administration
3701195818,ENG,Engineering
3701195818,IT,Information Technology
3701195875,MGMT,Management
3701195875,MNFC,Manufacturing
3701195955,ACCT,Accounting
3701195955,FIN,Finance
3694151387,LGL,Legal
3699429466,HCPR,Healthcare
3699429467,OTHR,Other
3699432359,HCPR,Healthcare
3699432400,ADM,Administration
3701195958,MRKT,Marketing
3701195961,MGMT,Management
3701195961,MNFC,Manufacturing
3701195988,SALE,Sales
3701195988,MGMT,Management
3701195991,MGMT,Management
3701195991,MNFC,Manufacturing
3701195995,ADM,Administration
3701195998,IT,Information Technology
3701195999,ACCT,Accounting
3701195999,MNFC,Manufacturing
3701195999,ANLS,Analytics
3701196373,MGMT,Management
3701196373,MNFC,Manufacturing
3701196501,SALE,Sales
3701196501,ADVR,Advertising
3701196501,BD,Business Development
3701196515,SALE,Sales
3701196515,BD,Business Development
3701196532,ADM,Administration
3701196532,PRJM,Project Management
3701196532,RSCH,Research
3701196571,SALE,Sales
3701196571,ADVR,Advertising
3701196571,BD,Business Development
3701196610,SALE,Sales
3701196610,ADVR,Advertising
3701196610,BD,Business Development
3701196646,SALE,Sales
3701196646,ADVR,Advertising
3701196646,BD,Business Development
3701196742,IT,Information Technology
3701196742,PRJM,Project Management
3701196750,CUST,Customer Service
3701196750,SALE,Sales
3701196750,BD,Business Development
3701196760,MGMT,Management
3701196760,MNFC,Manufacturing
3701196762,IT,Information Technology
3701196762,ENG,Engineering
3701196783,SALE,Sales
3701196783,ADVR,Advertising
3701196783,BD,Business Development
3701196784,FIN,Finance
3701196784,SALE,Sales
3701196798,BD,Business Development
3701196798,SALE,Sales
3701196801,IT,Information Technology
3701196805,MRKT,Marketing
3701196805,SALE,Sales
3701196806,IT,Information Technology
3701196806,STRA,Strategy
3701196806,SUPL,Supply Chain
3701196809,PRJM,Project Management
3701196822,FIN,Finance
3701196822,ACCT,Accounting
3701196826,ENG,Engineering
3701196826,IT,Information Technology
3701196834,ENG,Engineering
3701196847,CUST,Customer Service
3701196847,FIN,Finance
3701196847,GENB,General Business
3701196856,ACCT,Accounting
3701196856,FIN,Finance
3701196860,EDU,Education
3701196860,FIN,Finance
3701196860,PRJM,Project Management
3701196862,PRCH,Procurement
3701196862,SUPL,Supply Chain
3701196867,SALE,Sales
3701196867,ADVR,Advertising
3701196867,BD,Business Development
3701196870,SALE,Sales
3701196870,ADVR,Advertising
3701196870,BD,Business Development
3701196881,SALE,Sales
3701196882,MRKT,Marketing
3701196882,PR,Public Relations
3701196882,WRT,Writing
3701196884,QA,Quality Assurance
3701196886,SALE,Sales
3701196886,ADVR,Advertising
3701196886,BD,Business Development
3701196887,IT,Information Technology
3701196889,IT,Information Technology
3701196889,GENB,General Business
3701196891,BD,Business Development
3701196891,SALE,Sales
3701196893,BD,Business Development
3701196893,SALE,Sales
3701196896,SALE,Sales
3701196896,ADVR,Advertising
3701196896,BD,Business Development
3701196915,IT,Information Technology
3701196916,PRJM,Project Management
3701196916,IT,Information Technology
3701196916,ENG,Engineering
3701196921,ACCT,Accounting
3701196921,FIN,Finance
3701196921,GENB,General Business
3701196922,ENG,Engineering
3701196922,MNFC,Manufacturing
3701196922,CUST,Customer Service
3701196929,IT,Information Technology
3701196939,ACCT,Accounting
3701196939,FIN,Finance
3701196939,IT,Information Technology
3701196940,HCPR,Healthcare
3701196941,ENG,Engineering
3701196941,IT,Information Technology
3701196957,HCPR,Healthcare
3701196958,HCPR,Healthcare
3701196959,HCPR,Healthcare
3701196963,SALE,Sales
3701196963,BD,Business Development
3701196965,ENG,Engineering
3701196965,IT,Information Technology
3701196967,IT,Information Technology
3701197416,MRKT,Marketing
3701197416,SALE,Sales
3701197427,OTHR,Other
3701197445,ACCT,Accounting
3701197445,FIN,Finance
3701197461,SALE,Sales
3701197461,ADVR,Advertising
3701197461,BD,Business Development
3701197569,SALE,Sales
3701197603,ENG,Engineering
3701197603,IT,Information Technology
3701197604,SALE,Sales
3701197604,ADVR,Advertising
3701197604,BD,Business Development
3701197647,ACCT,Accounting
3701197647,FIN,Finance
3701197654,SALE,Sales
3701197654,ADVR,Advertising
3701197654,BD,Business Development
3701197676,MGMT,Management
3701197676,MNFC,Manufacturing
3701197689,HR,Human Resources
3701197689,GENB,General Business
3701197689,OTHR,Other
3701197703,DSGN,Design
3701197703,ART,Arts
3701197703,IT,Information Technology
3701197706,HCPR,Healthcare
3701197707,IT,Information Technology
3701197708,SALE,Sales
3701197708,ADVR,Advertising
3701197708,BD,Business Development
3701197714,IT,Information Technology
3701197714,ENG,Engineering
3701197725,HCPR,Healthcare
3701197735,GENB,General Business
3701197735,MGMT,Management
3701197735,STRA,Strategy
3701197736,SALE,Sales
3701197736,ADVR,Advertising
3701197736,BD,Business Development
3701197737,ENG,Engineering
3701197737,IT,Information Technology
3701197739,PRJM,Project Management
3701197739,IT,Information Technology
3701197747,IT,Information Technology
3701197756,ACCT,Accounting
3701197759,ENG,Engineering
3701197764,SALE,Sales
3701197764,ADVR,Advertising
3701197764,BD,Business Development
3701197770,ANLS,Analytics
3701197770,OTHR,Other
3694151393,MGMT,Management
3694151393,MNFC,Manufacturing
3694153334,ACCT,Accounting
3694154178,SALE,Sales
3694154178,BD,Business Development
3701197782,IT,Information Technology
3701197783,IT,Information Technology
3701197784,ADM,Administration
3701197784,CUST,Customer Service
3701197797,SALE,Sales
3701197797,BD,Business Development
3701197800,ENG,Engineering
3701197802,MGMT,Management
3701197802,MNFC,Manufacturing
3701197812,MRKT,Marketing
3701197812,SALE,Sales
3701197813,ENG,Engineering
3701197813,MNFC,Manufacturing
3701197827,SALE,Sales
3701197827,BD,Business Development
3701197831,ENG,Engineering
3701197831,IT,Information Technology
3701197838,ACCT,Accounting
3701197838,FIN,Finance
3701197841,OTHR,Other
3701197845,ENG,Engineering
3701197855,LGL,Legal
3701197855,ACCT,Accounting
3701197860,ACCT,Accounting
3701197860,FIN,Finance
3701197876,ACCT,Accounting
3701197876,ANLS,Analytics
3701197876,FIN,Finance
3701197918,ENG,Engineering
3701197918,IT,Information Technology
3701197921,SALE,Sales
3701197921,BD,Business Development
3701197921,MRKT,Marketing
3701197926,IT,Information Technology
3701197934,PRJM,Project Management
3701197942,SALE,Sales
3701197942,ADVR,Advertising
3701197942,BD,Business Development
3701197948,MNFC,Manufacturing
3701197949,SALE,Sales
3701197949,ADVR,Advertising
3701197949,BD,Business Development
3701197961,FIN,Finance
3701197961,SALE,Sales
3701197962,HCPR,Healthcare
3701197969,ACCT,Accounting
3701197969,FIN,Finance
3701197970,OTHR,Other
3701197970,ENG,Engineering
3701197970,PRJM,Project Management
3701197971,LGL,Legal
3701197975,IT,Information Technology
3701197975,HCPR,Healthcare
3701197990,IT,Information Technology
3701197990,CUST,Customer Service
3701197995,FIN,Finance
3701197995,ACCT,Accounting
3701197996,HCPR,Healthcare
3701198322,MGMT,Management
3701198322,MNFC,Manufacturing
3701198363,IT,Information Technology
3701198392,SCI,Science
3701198392,OTHR,Other
3701198406,SALE,Sales
3701198406,CUST,Customer Service
3701198542,MGMT,Management
3701198542,MNFC,Manufacturing
3701198595,BD,Business Development
3701198595,SALE,Sales
3701198625,MGMT,Management
3701198625,MNFC,Manufacturing
3701198654,FIN,Finance
3701198654,ANLS,Analytics
3701198654,BD,Business Development
3701198666,SALE,Sales
3701198666,ADVR,Advertising
3701198666,BD,Business Development
3701198683,BD,Business Development
3701198686,ADM,Administration
3701198686,GENB,General Business
3701198686,HR,Human Resources
3701198706,MRKT,Marketing
3701198709,SALE,Sales
3701198709,PRJM,Project Management
3701198709,OTHR,Other
3701198711,IT,Information Technology
3701198711,ENG,Engineering
3701198711,EDU,Education
3701198715,SALE,Sales
3701198715,ADVR,Advertising
3701198715,BD,Business Development
3701198718,CUST,Customer Service
3701198718,STRA,Strategy
3701198718,GENB,General Business
3701198722,OTHR,Other
3701198722,HCPR,Healthcare
3701198734,BD,Business Development
3701198734,SALE,Sales
3701198739,HR,Human Resources
3701198739,FIN,Finance
3701198739,BD,Business Development
3701198745,WRT,Writing
3701198750,SUPL,Supply Chain
3701198750,ADM,Administration
3701198751,LGL,Legal
3701198751,ADM,Administration
3701198751,HR,Human Resources
3701198752,DSGN,Design
3701198753,DSGN,Design
3701198753,MNFC,Manufacturing
3701198753,ENG,Engineering
3701198763,SALE,Sales
3701198763,ADVR,Advertising
3701198763,BD,Business Development
3701198778,MGMT,Management
3701198778,MNFC,Manufacturing
3701198778,ENG,Engineering
3701198791,DSGN,Design
3701198791,ENG,Engineering
3701198791,IT,Information Technology
3701198795,CUST,Customer Service
3701198795,OTHR,Other
3701198836,LGL,Legal
3701198836,ACCT,Accounting
3701198846,QA,Quality Assurance
3701198847,PRJM,Project Management
3701198847,IT,Information Technology
3701198847,MGMT,Management
3701198864,SALE,Sales
3701198864,BD,Business Development
3701198879,MGMT,Management
3701198879,IT,Information Technology
3701198879,RSCH,Research
3701198896,ACCT,Accounting
3701198896,FIN,Finance
3701198906,ACCT,Accounting
3701198906,FIN,Finance
3701198908,BD,Business Development
3701198908,SALE,Sales
3701198908,IT,Information Technology
3701198909,ENG,Engineering
3701198911,HCPR,Healthcare
3701198911,PRJM,Project Management
3701198911,BD,Business Development
3701198913,PRJM,Project Management
3701198913,OTHR,Other
3701198915,ENG,Engineering
3701198915,PRJM,Project Management
3701198915,MGMT,Management
3701198925,CUST,Customer Service
3701198925,SALE,Sales
3701198927,MGMT,Management
3701198927,MNFC,Manufacturing
3701198937,HCPR,Healthcare
3701198940,ENG,Engineering
3701198950,ENG,Engineering
3701198950,IT,Information Technology
3701198952,ACCT,Accounting
3701199212,OTHR,Other
3701199255,ENG,Engineering
3701199255,IT,Information Technology
3701199275,MGMT,Management
3701199275,MNFC,Manufacturing
3701199278,IT,Information Technology
3701199278,ENG,Engineering
3701199297,MNFC,Manufacturing
3701199297,ACCT,Accounting
3701199297,FIN,Finance
3701199307,OTHR,Other
3701199333,DSGN,Design
3701199333,ART,Arts
3701199377,RSCH,Research
3701199377,ADM,Administration
3701199377,LGL,Legal
3701199402,HCPR,Healthcare
3701199421,MGMT,Management
3701199421,MNFC,Manufacturing
3701199425,MGMT,Management
3701199425,MNFC,Manufacturing
3701199444,IT,Information Technology
3701199497,SALE,Sales
3701199502,SALE,Sales
3701199523,SALE,Sales
3701199541,MRKT,Marketing
3701199551,ACCT,Accounting
3701199578,MGMT,Management
3701199578,MNFC,Manufacturing
3701199582,ACCT,Accounting
3701199582,CNSL,Consulting
3694149802,ADM,Administration
3694150804,MRKT,Marketing
3694150804,SALE,Sales
3694150804,STRA,Strategy
3694151415,SALE,Sales
3694151415,BD,Business Development
3701199593,HCPR,Healthcare
3701199593,ADM,Administration
3701199593,MGMT,Management
3701199596,ENG,Engineering
3701199596,IT,Information Technology
3701199598,IT,Information Technology
3701199599,SALE,Sales
3701199599,ADVR,Advertising
3701199599,BD,Business Development
3701199611,CNSL,Consulting
3701199611,ADM,Administration
3701199611,GENB,General Business
3701199617,SALE,Sales
3701199617,MGMT,Management
3701199634,RSCH,Research
3701199634,ANLS,Analytics
3701199634,PRJM,Project Management
3701199643,SALE,Sales
3701199643,ADVR,Advertising
3701199643,BD,Business Development
3701199646,PR,Public Relations
3701199646,MRKT,Marketing
3701199647,FIN,Finance
3701199647,SALE,Sales
3701199649,ENG,Engineering
3701199654,IT,Information Technology
3701199656,SALE,Sales
3701199656,ADVR,Advertising
3701199656,BD,Business Development
3701199663,ENG,Engineering
3701199663,MNFC,Manufacturing
3701199664,ACCT,Accounting
3701199664,FIN,Finance
3701199667,ACCT,Accounting
3701199667,FIN,Finance
3701199667,ADM,Administration
3701199673,IT,Information Technology
3701199675,PRJM,Project Management
3701199675,IT,Information Technology
3701199681,HCPR,Healthcare
3701199686,MGMT,Management
3701199686,MNFC,Manufacturing
3701199692,IT,Information Technology
3701199693,FIN,Finance
3701199693,SALE,Sales
3701199694,SALE,Sales
3701199694,BD,Business Development
3701199707,HR,Human Resources
3701199710,PRDM,Product Management
3701199710,MRKT,Marketing
3701199712,IT,Information Technology
3701199716,LGL,Legal
3701199717,BD,Business Development
3701199717,SALE,Sales
3701199719,OTHR,Other
3701199723,HCPR,Healthcare
3701199733,MRKT,Marketing
3701199733,SALE,Sales
3701199736,SALE,Sales
3701199736,BD,Business Development
3701199736,FIN,Finance
3701199737,ENG,Engineering
3701199737,PROD,Product Management
3701199737,MNFC,Manufacturing
3701199744,PRJM,Project Management
3701199744,IT,Information Technology
3701199744,PRDM,Product Management
3701199792,CNSL,Consulting
3701199792,SCI,Science
3701199799,ACCT,Accounting
3701199799,FIN,Finance
3701199807,ENG,Engineering
3701199807,IT,Information Technology
3701199818,HCPR,Healthcare
3701199820,SALE,Sales
3701199820,ADVR,Advertising
3701199820,BD,Business Development
3701199823,ACCT,Accounting
3701199829,IT,Information Technology
3701199833,RSCH,Research
3701199833,ANLS,Analytics
3701199833,IT,Information Technology
3701199844,ENG,Engineering
3701199844,IT,Information Technology
3701199847,ACCT,Accounting
3701199847,FIN,Finance
3701199847,MGMT,Management
3701199849,IT,Information Technology
3701199850,FIN,Finance
3701199850,LGL,Legal
3701199851,SALE,Sales
3701199851,BD,Business Development
3701199855,HCPR,Healthcare
3701199856,STRA,Strategy
3701199875,ENG,Engineering
3701199875,OTHR,Other
3701199875,QA,Quality Assurance
3701199876,DSGN,Design
3701199877,IT,Information Technology
3701199962,MGMT,Management
3701199962,MNFC,Manufacturing
3701199991,RSCH,Research
3701199991,ANLS,Analytics
3701199991,IT,Information Technology
3701199997,HCPR,Healthcare
3701300098,PRDM,Product Management
3701300194,IT,Information Technology
3701300264,IT,Information Technology
3701300289,SALE,Sales
3701300289,BD,Business Development
3701300310,DSGN,Design
3701300310,STRA,Strategy
3701300310,PRJM,Project Management
3701300376,MGMT,Management
3701300376,MNFC,Manufacturing
3701300439,ENG,Engineering
3701300439,PRJM,Project Management
3701300439,STRA,Strategy
3701300442,BD,Business Development
3701300442,SALE,Sales
3701300470,SALE,Sales
3701300470,BD,Business Development
3701300487,MRKT,Marketing
3701300487,SALE,Sales
3701300487,ADM,Administration
3701300495,ADM,Administration
3701300514,PR,Public Relations
3701300514,MRKT,Marketing
3701300519,SALE,Sales
3701300519,ADVR,Advertising
3701300519,BD,Business Development
3701300523,SALE,Sales
3701300525,ENG,Engineering
3701300525,IT,Information Technology
3701300528,MGMT,Management
3701300528,MNFC,Manufacturing
3701300529,OTHR,Other
3701300549,IT,Information Technology
3701300550,SALE,Sales
3701300550,ADVR,Advertising
3701300550,BD,Business Development
3701300552,FIN,Finance
3701300552,SALE,Sales
3701300555,IT,Information Technology
3701300556,HR,Human Resources
3701300562,SALE,Sales
3701300562,ADVR,Advertising
3701300562,BD,Business Development
3701300573,SALE,Sales
3701300573,ADVR,Advertising
3701300573,BD,Business Development
3701300574,OTHR,Other
3701300574,HR,Human Resources
3701300579,MRKT,Marketing
3701300581,IT,Information Technology
3701300587,ANLS,Analytics
3701300587,CNSL,Consulting
3701300587,PRJM,Project Management
3701300605,MGMT,Management
3701300605,MNFC,Manufacturing
3701300606,SALE,Sales
3701300606,GENB,General Business
3701300611,IT,Information Technology
3701300611,ENG,Engineering
3701300616,MNFC,Manufacturing
3701300616,PROD,Product Management
3701300631,MGMT,Management
3701300631,MNFC,Manufacturing
3701300631,PRJM,Project Management
3701300635,ENG,Engineering
3701300635,IT,Information Technology
3701300649,OTHR,Other
3701300649,IT,Information Technology
3701300649,MGMT,Management
3701300654,MGMT,Management
3701300654,MNFC,Manufacturing
3701300677,ENG,Engineering
3701300686,IT,Information Technology
3701300687,SALE,Sales
3701300687,BD,Business Development
3701300699,SALE,Sales
3701300699,BD,Business Development
3701300731,SALE,Sales
3701300731,BD,Business Development
3701300738,ACCT,Accounting
3701300738,ADM,Administration
3701300738,FIN,Finance
3701300741,IT,Information Technology
3701300744,OTHR,Other
3701300745,SALE,Sales
3701300745,ADVR,Advertising
3701300745,BD,Business Development
3701300751,ENG,Engineering
3701300751,IT,Information Technology
3701300752,MGMT,Management
3701300752,SALE,Sales
3701300752,TRNG,Training
3701300753,ENG,Engineering
3701300753,IT,Information Technology
3701300755,OTHR,Other
3701300757,IT,Information Technology
3701300763,IT,Information Technology
3701300764,ADM,Administration
3701300764,CUST,Customer Service
3701300764,ENG,Engineering
3701300777,ENG,Engineering
3701300777,IT,Information Technology
3701300778,ACCT,Accounting
3701300778,FIN,Finance
3701300778,ADM,Administration
3701300783,PR,Public Relations
3701300783,RSCH,Research
3701300783,STRA,Strategy
3701300785,GENB,General Business
3701300785,MGMT,Management
3701300785,BD,Business Development
3701300788,ACCT,Accounting
3701300788,FIN,Finance
3701300795,IT,Information Technology
3701300810,OTHR,Other
3701300813,HCPR,Healthcare
3701300814,ENG,Engineering
3701300814,IT,Information Technology
3701300816,HR,Human Resources
3701300816,OTHR,Other
3701300816,ADM,Administration
3701300819,ANLS,Analytics
3701300819,MRKT,Marketing
3701300835,HCPR,Healthcare
3701300918,HCPR,Healthcare
3701300921,HCPR,Healthcare
3701300931,HCPR,Healthcare
3701300933,HCPR,Healthcare
3701300963,IT,Information Technology
3701301007,ENG,Engineering
3701301133,DSGN,Design
3701301133,ART,Arts
3701301133,IT,Information Technology
3701301146,SALE,Sales
3701301146,ADVR,Advertising
3701301146,BD,Business Development
3701301154,MNFC,Manufacturing
3701301155,FIN,Finance
3701301155,SALE,Sales
3701301158,MGMT,Management
3701301158,MNFC,Manufacturing
3701301174,CUST,Customer Service
3701301174,OTHR,Other
3701301176,OTHR,Other
3701301177,CNSL,Consulting
3701301177,MGMT,Management
3701301177,PRJM,Project Management
3701301191,ENG,Engineering
3701301207,ADM,Administration
3701301214,MNFC,Manufacturing
3701301214,MRKT,Marketing
3701301218,ADM,Administration
3701301218,CUST,Customer Service
3701301227,ENG,Engineering
3701301230,PRJM,Project Management
3701301230,ADM,Administration
3701301230,OTHR,Other
3701301236,DSGN,Design
3701301236,ART,Arts
3701301237,SALE,Sales
3701301237,ADVR,Advertising
3701301237,BD,Business Development
3701301239,ADM,Administration
3701301239,CUST,Customer Service
3701301247,ENG,Engineering
3701301251,SALE,Sales
3701301251,BD,Business Development
3701301261,IT,Information Technology
3701301261,ENG,Engineering
3701301261,CNSL,Consulting
3701301266,SALE,Sales
3701301266,ADVR,Advertising
3701301266,BD,Business Development
3701301273,MGMT,Management
3701301273,MNFC,Manufacturing
3701301278,IT,Information Technology
3701301278,STRA,Strategy
3701301278,ENG,Engineering
3701301282,PRJM,Project Management
3701301282,FIN,Finance
3701301284,CUST,Customer Service
3701301284,ADM,Administration
3701301296,MGMT,Management
3701301296,MNFC,Manufacturing
3701301302,SALE,Sales
3701301303,MRKT,Marketing
3701301303,PR,Public Relations
3701301303,WRT,Writing
3701301311,OTHR,Other
3701301313,SALE,Sales
3701301313,BD,Business Development
3701301313,DIST,Distribution
3701301314,SALE,Sales
3701301324,SALE,Sales
3701301324,ADVR,Advertising
3701301324,BD,Business Development
3701301329,IT,Information Technology
3701301329,ANLS,Analytics
3701301329,DSGN,Design
3701301331,IT,Information Technology
3701301335,ACCT,Accounting
3701301335,ANLS,Analytics
3701301335,FIN,Finance
3701301339,MNFC,Manufacturing
3701301339,PRJM,Project Management
3701301339,IT,Information Technology
3701301343,IT,Information Technology
3701301366,DSGN,Design
3701301366,ART,Arts
3701301366,IT,Information Technology
3701301373,FIN,Finance
3701301373,SALE,Sales
3701301391,PRCH,Procurement
3701301391,SUPL,Supply Chain
3701301393,MNFC,Manufacturing
3701301393,ENG,Engineering
3701301393,OTHR,Other
3701301450,DSGN,Design
3701301450,IT,Information Technology
3701301456,PRJM,Project Management
3701301462,ENG,Engineering
3701301462,IT,Information Technology
3701301471,FIN,Finance
3701301477,ENG,Engineering
3701301477,MNFC,Manufacturing
3701301477,PRJM,Project Management
3701301478,ADM,Administration
3701301478,LGL,Legal
3701301484,HCPR,Healthcare
3701301490,SALE,Sales
3701301490,ADVR,Advertising
3701301490,BD,Business Development
3701301491,IT,Information Technology
3701301494,QA,Quality Assurance
3701301501,SALE,Sales
3701301501,ADVR,Advertising
3701301501,BD,Business Development
3701301507,SALE,Sales
3701301507,ADVR,Advertising
3701301507,BD,Business Development
3701301508,RSCH,Research
3701301508,SCI,Science
3701301508,STRA,Strategy
3701301516,HCPR,Healthcare
3701301517,PRJM,Project Management
3701301517,OTHR,Other
3701301524,MGMT,Management
3701301540,IT,Information Technology
3694147997,MGMT,Management
3694147997,MNFC,Manufacturing
3694148899,MGMT,Management
3694148899,MNFC,Manufacturing
3694148909,IT,Information Technology
3694149821,HR,Human Resources
3694149824,MGMT,Management
3694149824,MNFC,Manufacturing
3694149825,MGMT,Management
3694149825,MNFC,Manufacturing
3694149832,MGMT,Management
3694149832,MNFC,Manufacturing
3694150824,MGMT,Management
3694150824,MNFC,Manufacturing
3694150832,ADM,Administration
3694150835,MGMT,Management
3694150835,MNFC,Manufacturing
3694151453,MGMT,Management
3694151453,MNFC,Manufacturing
3694151457,MGMT,Management
3694151457,MNFC,Manufacturing
3694152269,MGMT,Management
3694152269,MNFC,Manufacturing
3694152272,SALE,Sales
3694152272,BD,Business Development
3694152285,MGMT,Management
3694152285,MNFC,Manufacturing
3694153312,MGMT,Management
3694153312,MNFC,Manufacturing
3694153313,MGMT,Management
3694153313,MNFC,Manufacturing
3694153513,ADVR,Advertising
3694154176,MGMT,Management
3694154176,MNFC,Manufacturing
3694154180,MGMT,Management
3694154180,MNFC,Manufacturing
3694154184,MGMT,Management
3694154184,MNFC,Manufacturing
3694154196,MGMT,Management
3694154196,MNFC,Manufacturing
3694155000,MGMT,Management
3694155000,MNFC,Manufacturing
3694155003,MGMT,Management
3694155003,MNFC,Manufacturing
3694155005,MGMT,Management
3694155005,MNFC,Manufacturing
3694155008,MGMT,Management
3694155008,MNFC,Manufacturing
3694155009,MGMT,Management
3694155009,MNFC,Manufacturing
3701301655,HCPR,Healthcare
3701301660,HCPR,Healthcare
3701301665,CUST,Customer Service
3701301674,HCPR,Healthcare
3701301676,HCPR,Healthcare
3701301780,HR,Human Resources
3701301780,PRJM,Project Management
3701301780,STRA,Strategy
3701301806,IT,Information Technology
3701301806,SCI,Science
3701301806,ENG,Engineering
3701301814,ANLS,Analytics
3701301814,MRKT,Marketing
3701301814,IT,Information Technology
3701301816,ENG,Engineering
3701301820,ADM,Administration
3701301831,OTHR,Other
3701301837,ENG,Engineering
3701301837,IT,Information Technology
3701301852,ACCT,Accounting
3701301855,IT,Information Technology
3701301928,ADM,Administration
3701301928,RSCH,Research
3701301930,SALE,Sales
3701301930,ADVR,Advertising
3701301930,BD,Business Development
3701301954,SALE,Sales
3701301954,ADVR,Advertising
3701301954,BD,Business Development
3701301955,RSCH,Research
3701301955,ANLS,Analytics
3701301955,IT,Information Technology
3701301958,PRJM,Project Management
3701301958,IT,Information Technology
3701301975,IT,Information Technology
3701301977,EDU,Education
3701301977,TRNG,Training
3701301983,PRDM,Product Management
3701301983,DSGN,Design
3701301983,ENG,Engineering
3701301985,SALE,Sales
3701301985,BD,Business Development
3701302046,SALE,Sales
3701302046,ADVR,Advertising
3701302046,BD,Business Development
3701302059,PRJM,Project Management
3701302059,IT,Information Technology
3701302061,SALE,Sales
3701302061,BD,Business Development
3701302061,MRKT,Marketing
3701302062,SALE,Sales
3701302062,ADVR,Advertising
3701302062,BD,Business Development
3701302063,FIN,Finance
3701302081,MRKT,Marketing
3701302081,PR,Public Relations
3701302081,WRT,Writing
3701302092,SALE,Sales
3701302092,MGMT,Management
3701302103,HR,Human Resources
3701302109,MRKT,Marketing
3701302109,PR,Public Relations
3701302109,WRT,Writing
3701302111,IT,Information Technology
3701302117,ENG,Engineering
3701302117,IT,Information Technology
3701302130,SALE,Sales
3701302136,ADM,Administration
3701302138,OTHR,Other
3701302147,CNSL,Consulting
3701302147,IT,Information Technology
3701302147,SALE,Sales
3701302151,ENG,Engineering
3701302151,PRDM,Product Management
3701302151,MNFC,Manufacturing
3701302152,ACCT,Accounting
3701302152,FIN,Finance
3701302153,ENG,Engineering
3701302153,IT,Information Technology
3701302154,MGMT,Management
3701302154,MNFC,Manufacturing
3701302163,RSCH,Research
3701302163,STRA,Strategy
3701302163,SCI,Science
3701302166,BD,Business Development
3701302166,IT,Information Technology
3701302166,STRA,Strategy
3701302168,IT,Information Technology
3701302168,BD,Business Development
3701302168,MRKT,Marketing
3701302173,SALE,Sales
3701302173,BD,Business Development
3701302182,SALE,Sales
3701302182,ADVR,Advertising
3701302182,BD,Business Development
3701302204,OTHR,Other
3701302207,GENB,General Business
3701302208,SALE,Sales
3701302208,MGMT,Management
3701302210,IT,Information Technology
3701302210,BD,Business Development
3701302210,MRKT,Marketing
3701302223,SALE,Sales
3701302223,ADVR,Advertising
3701302223,BD,Business Development
3701302242,ACCT,Accounting
3701302242,FIN,Finance
3701302246,ACCT,Accounting
3701302248,HCPR,Healthcare
3701302250,ACCT,Accounting
3701302250,FIN,Finance
3701302262,HR,Human Resources
3701302263,FIN,Finance
3701302279,MGMT,Management
3701302279,MNFC,Manufacturing
3701302301,LGL,Legal
3701302301,GENB,General Business
3701302301,OTHR,Other
3701302307,SALE,Sales
3701302307,BD,Business Development
3701302328,ANLS,Analytics
3701302328,FIN,Finance
3701302328,ACCT,Accounting
3701302339,SALE,Sales
3701302339,ADVR,Advertising
3701302339,BD,Business Development
3701302341,IT,Information Technology
3694151679,EDU,Education
3694151679,SCI,Science
3694151679,RSCH,Research
3694153542,SALE,Sales
3694158009,SALE,Sales
3694158009,BD,Business Development
3694158009,OTHR,Other
3694158039,EDU,Education
3694158039,SCI,Science
3694158039,RSCH,Research
3701302343,LGL,Legal
3701302343,BD,Business Development
3701302343,MRKT,Marketing
3701302345,SALE,Sales
3701302353,MGMT,Management
3701302353,MNFC,Manufacturing
3701302358,ACCT,Accounting
3701302358,FIN,Finance
3701302367,SALE,Sales
3701302367,BD,Business Development
3701302367,IT,Information Technology
3701302369,OTHR,Other
3701302370,FIN,Finance
3701302370,SALE,Sales
3701302374,MGMT,Management
3701302374,MNFC,Manufacturing
3701302381,ENG,Engineering
3701302381,IT,Information Technology
3701302395,IT,Information Technology
3701302395,ACCT,Accounting
3701302395,OTHR,Other
3701302396,HCPR,Healthcare
3701302398,LGL,Legal
3701302398,GENB,General Business
3701302398,OTHR,Other
3701302400,HCPR,Healthcare
3701302406,MGMT,Management
3701302406,MNFC,Manufacturing
3701302517,HCPR,Healthcare
3701302521,HCPR,Healthcare
3701302660,PRCH,Procurement
3701302662,PRJM,Project Management
3701302664,IT,Information Technology
3701302667,PRJM,Project Management
3701302667,IT,Information Technology
3701302695,CUST,Customer Service
3701302695,GENB,General Business
3701302695,ADM,Administration
3701302699,MGMT,Management
3701302699,MNFC,Manufacturing
3701302716,GENB,General Business
3701302716,ADM,Administration
3701302754,FIN,Finance
3701302758,MGMT,Management
3701302759,IT,Information Technology
3701302759,ENG,Engineering
3701302760,BD,Business Development
3701302760,MRKT,Marketing
3701302760,PRDM,Product Management
3701302762,ENG,Engineering
3701302763,CUST,Customer Service
3701302763,BD,Business Development
3701302763,OTHR,Other
3701302764,RSCH,Research
3701302764,ANLS,Analytics
3701302764,IT,Information Technology
3701302770,IT,Information Technology
3701302783,ACCT,Accounting
3701302783,FIN,Finance
3701302785,MRKT,Marketing
3701302785,SALE,Sales
3701302791,BD,Business Development
3701302791,STRA,Strategy
3701302791,ADM,Administration
3701302792,FIN,Finance
3701302792,ACCT,Accounting
3701302809,LGL,Legal
3701302813,SALE,Sales
3701302813,BD,Business Development
3701302814,HR,Human Resources
3701302814,IT,Information Technology
3701302814,ADM,Administration
3701302818,SALE,Sales
3701302820,IT,Information Technology
3701302827,PRCH,Procurement
3701302827,SUPL,Supply Chain
3701302828,ENG,Engineering
3701302828,IT,Information Technology
3701302837,EDU,Education
3701302837,MRKT,Marketing
3701302837,OTHR,Other
3701302838,SALE,Sales
3701302838,ADVR,Advertising
3701302838,BD,Business Development
3701302846,SALE,Sales
3701302846,ADVR,Advertising
3701302846,BD,Business Development
3701302849,ENG,Engineering
3701302849,IT,Information Technology
3701302850,PRJM,Project Management
3701302850,IT,Information Technology
3701302976,LGL,Legal
3701303005,ADM,Administration
3701303005,HR,Human Resources
3701303005,SALE,Sales
3701303007,PRCH,Procurement
3701303007,SUPL,Supply Chain
3701303009,SALE,Sales
3701303011,MNFC,Manufacturing
3701303011,PROD,Product Management
3701303011,PRDM,Product Management
3701303016,SALE,Sales
3701303016,ADVR,Advertising
3701303016,BD,Business Development
3701303018,ENG,Engineering
3701303025,IT,Information Technology
3701303025,ANLS,Analytics
3701303025,ADM,Administration
3701303028,SALE,Sales
3701303028,ADVR,Advertising
3701303028,BD,Business Development
3701303029,ENG,Engineering
3701303031,HR,Human Resources
3701303037,HCPR,Healthcare
3701303042,HCPR,Healthcare
3701303043,ENG,Engineering
3701303043,IT,Information Technology
3701303046,HR,Human Resources
3701303046,OTHR,Other
3701303046,CUST,Customer Service
3701303048,DSGN,Design
3701303048,ART,Arts
3701303048,IT,Information Technology
3701303049,PRJM,Project Management
3701303049,CNSL,Consulting
3701303049,OTHR,Other
3701303053,RSCH,Research
3701303053,ANLS,Analytics
3701303053,IT,Information Technology
3701303055,MNFC,Manufacturing
3701303055,PROD,Product Management
3701303057,ENG,Engineering
3701303057,MNFC,Manufacturing
3701303066,IT,Information Technology
3701303071,IT,Information Technology
3701303077,FIN,Finance
3701303077,ANLS,Analytics
3701303077,BD,Business Development
3701303078,PRJM,Project Management
3701303080,IT,Information Technology
3701303080,ANLS,Analytics
3701303080,STRA,Strategy
3701303082,STRA,Strategy
3701303082,PRJM,Project Management
3701303083,HCPR,Healthcare
3701303091,ACCT,Accounting
3701303091,FIN,Finance
3701303092,SALE,Sales
3701303092,ADVR,Advertising
3701303092,BD,Business Development
3701303097,OTHR,Other
3701303098,BD,Business Development
3701303098,MRKT,Marketing
3701303098,PRDM,Product Management
3701303102,ACCT,Accounting
3701303102,FIN,Finance
3701303104,IT,Information Technology
3701303110,SALE,Sales
3701303110,CUST,Customer Service
3701303110,MGMT,Management
3701303115,SALE,Sales
3701303115,ADVR,Advertising
3701303115,BD,Business Development
3701303126,ACCT,Accounting
3701303126,MGMT,Management
3701303132,ACCT,Accounting
3701303132,FIN,Finance
3701303149,IT,Information Technology
3701303169,FIN,Finance
3701303169,SALE,Sales
3701303193,HCPR,Healthcare
3701303193,ADM,Administration
3701303193,OTHR,Other
3701303213,HCPR,Healthcare
3701303221,PRJM,Project Management
3701303229,MGMT,Management
3701303229,MNFC,Manufacturing
3701303235,ACCT,Accounting
3701303238,SALE,Sales
3701303238,ADVR,Advertising
3701303238,BD,Business Development
3701303241,PRJM,Project Management
3701303241,ENG,Engineering
3701303244,SALE,Sales
3701303248,MGMT,Management
3701303248,MNFC,Manufacturing
3701303250,ACCT,Accounting
3701303250,FIN,Finance
3701303253,LGL,Legal
3701303262,IT,Information Technology
3701303269,RSCH,Research
3701303269,ENG,Engineering
3701303450,ACCT,Accounting
3694133211,IT,Information Technology
3701303532,MGMT,Management
3701303532,STRA,Strategy
3701303532,MNFC,Manufacturing
3701303554,HCPR,Healthcare
3701303563,SALE,Sales
3701303563,BD,Business Development
3701303608,FIN,Finance
3701303608,ADM,Administration
3701303639,IT,Information Technology
3701303639,CNSL,Consulting
3701303661,ENG,Engineering
3701303663,MNFC,Manufacturing
3701303663,PROD,Product Management
3701303665,BD,Business Development
3701303665,SALE,Sales
3701303665,CNSL,Consulting
3701303666,HCPR,Healthcare
3701303668,SALE,Sales
3701303668,BD,Business Development
3701303674,IT,Information Technology
3701303676,SALE,Sales
3701303676,ADVR,Advertising
3701303676,BD,Business Development
3701303689,SALE,Sales
3701303689,BD,Business Development
3701303689,MNFC,Manufacturing
3701303710,IT,Information Technology
3701303715,DSGN,Design
3701303715,ART,Arts
3701303725,ENG,Engineering
3701303725,MNFC,Manufacturing
3701303729,ACCT,Accounting
3701303730,IT,Information Technology
3701303730,STRA,Strategy
3701303730,ENG,Engineering
3701303749,ACCT,Accounting
3701303754,ENG,Engineering
3701303754,MNFC,Manufacturing
3701303755,ACCT,Accounting
3701303755,MGMT,Management
3701303962,SALE,Sales
3701303962,CUST,Customer Service
3701303962,BD,Business Development
3701303988,IT,Information Technology
3701304011,PRJM,Project Management
3701304024,QA,Quality Assurance
3701304030,IT,Information Technology
3701304034,IT,Information Technology
3701304036,IT,Information Technology
3701304036,SUPL,Supply Chain
3701304037,OTHR,Other
3701304040,LGL,Legal
3701304047,ENG,Engineering
3701304047,QA,Quality Assurance
3701304050,SALE,Sales
3701304050,ADVR,Advertising
3701304050,BD,Business Development
3701304053,IT,Information Technology
3701304058,HCPR,Healthcare
3701304061,ENG,Engineering
3701304066,FIN,Finance
3701304068,ACCT,Accounting
3701304068,FIN,Finance
3701304076,LGL,Legal
3701304076,ADM,Administration
3701304087,MNFC,Manufacturing
3701304087,SUPL,Supply Chain
3701304087,PRDM,Product Management
3701304323,IT,Information Technology
3701304329,ANLS,Analytics
3701304329,HCPR,Healthcare
3701304331,OTHR,Other
3701304336,CUST,Customer Service
3701304336,GENB,General Business
3701304336,ADM,Administration
3701304360,SALE,Sales
3701304360,ADVR,Advertising
3701304360,BD,Business Development
3701304375,HR,Human Resources
3701304425,ENG,Engineering
3701304425,FIN,Finance
3701304425,IT,Information Technology
3701304427,BD,Business Development
3701304434,LGL,Legal
3701304441,ACCT,Accounting
3701304450,SALE,Sales
3701304450,ADVR,Advertising
3701304450,BD,Business Development
3701304463,SALE,Sales
3701304463,ADVR,Advertising
3701304463,BD,Business Development
3701304474,IT,Information Technology
3701304474,ANLS,Analytics
3701304474,TRNG,Training
3701304475,ACCT,Accounting
3701304475,FIN,Finance
3701304475,ANLS,Analytics
3701304484,HR,Human Resources
3701304484,ACCT,Accounting
3701304489,ENG,Engineering
3701304489,IT,Information Technology
3701304492,ADM,Administration
3701304493,PRJM,Project Management
3701304493,CUST,Customer Service
3701304495,HR,Human Resources
3701304501,IT,Information Technology
3701304502,SALE,Sales
3701304502,BD,Business Development
3701304502,CNSL,Consulting
3701304516,ENG,Engineering
3701304516,IT,Information Technology
3701304529,MGMT,Management
3701304529,MNFC,Manufacturing
3701304531,IT,Information Technology
3701304831,QA,Quality Assurance
3701304831,MNFC,Manufacturing
3701304851,PRJM,Project Management
3701304851,PRCH,Procurement
3701304851,STRA,Strategy
3701304902,OTHR,Other
3701304906,QA,Quality Assurance
3701304908,IT,Information Technology
3701304913,PRJM,Project Management
3701304913,IT,Information Technology
3701304920,IT,Information Technology
3701304920,CUST,Customer Service
3701304924,ENG,Engineering
3701304924,IT,Information Technology
3701304933,SALE,Sales
3701304933,ADVR,Advertising
3701304933,BD,Business Development
3701304934,EDU,Education
3701304934,ADM,Administration
3701304934,CUST,Customer Service
3701304956,ACCT,Accounting
3701304956,FIN,Finance
3701304968,SALE,Sales
3701304968,BD,Business Development
3701304968,CUST,Customer Service
3701304971,OTHR,Other
3701304973,ENG,Engineering
3701304973,IT,Information Technology
3701305067,HCPR,Healthcare
3701305100,HCPR,Healthcare
3701305101,HCPR,Healthcare
3701305188,MNFC,Manufacturing
3701305188,ENG,Engineering
3701305188,PROD,Product Management
3701305242,PRCH,Procurement
3701305242,SUPL,Supply Chain
3701305249,FIN,Finance
3701305249,SALE,Sales
3701305251,MGMT,Management
3701305251,MNFC,Manufacturing
3701305340,ACCT,Accounting
3701305340,FIN,Finance
3701305341,PRJM,Project Management
3701305341,IT,Information Technology
3701305345,QA,Quality Assurance
3701305352,FIN,Finance
3694151722,IT,Information Technology
3694154345,HR,Human Resources
3694154345,MRKT,Marketing
3694154345,ADM,Administration
3694155249,ENG,Engineering
3694155249,IT,Information Technology
3694155255,ADM,Administration
3694155272,WRT,Writing
3694155272,EDU,Education
3694155279,EDU,Education
3694155279,SCI,Science
3694155279,RSCH,Research
3694158084,QA,Quality Assurance
3694158084,FIN,Finance
3694158105,PRJM,Project Management
3694158105,ENG,Engineering
3701305376,MGMT,Management
3701305378,TRNG,Training
3701305378,MGMT,Management
3701305378,CUST,Customer Service
3701305386,SALE,Sales
3701305386,ADVR,Advertising
3701305386,BD,Business Development
3701305387,SALE,Sales
3701305387,BD,Business Development
3701305392,IT,Information Technology
3701305410,IT,Information Technology
3701305411,ACCT,Accounting
3701305411,FIN,Finance
3701305414,IT,Information Technology
3701305424,OTHR,Other
3701305424,HCPR,Healthcare
3701305427,CUST,Customer Service
3701305427,QA,Quality Assurance
3701305427,PRDM,Product Management
3701305510,IT,Information Technology
3701305802,SALE,Sales
3701305802,ADVR,Advertising
3701305802,BD,Business Development
3701305814,HCPR,Healthcare
3701305815,SALE,Sales
3701305815,ADVR,Advertising
3701305815,BD,Business Development
3701305817,PRJM,Project Management
3701305817,IT,Information Technology
3701305835,SALE,Sales
3701305835,ADVR,Advertising
3701305835,BD,Business Development
3701305839,ENG,Engineering
3701305851,BD,Business Development
3701305851,SALE,Sales
3701305851,IT,Information Technology
3701305855,ENG,Engineering
3701305855,CNSL,Consulting
3701305856,ENG,Engineering
3701305867,HR,Human Resources
3701305868,MGMT,Management
3701305868,MNFC,Manufacturing
3701305891,IT,Information Technology
3701305895,IT,Information Technology
3701305896,SALE,Sales
3701305896,BD,Business Development
3701305896,MGMT,Management
3701305899,PRJM,Project Management
3701305899,IT,Information Technology
3701305900,PRJM,Project Management
3701305900,IT,Information Technology
3701305901,ENG,Engineering
3701305901,IT,Information Technology
3701305901,OTHR,Other
3701305934,SALE,Sales
3701305934,ADVR,Advertising
3701305934,BD,Business Development
3701305938,OTHR,Other
3701305939,SALE,Sales
3701305939,ADVR,Advertising
3701305939,BD,Business Development
3701305940,MRKT,Marketing
3701305947,IT,Information Technology
3701305951,MGMT,Management
3701305967,IT,Information Technology
3701305967,ANLS,Analytics
3701305968,PRJM,Project Management
3701305968,IT,Information Technology
3701305982,HR,Human Resources
3701305991,BD,Business Development
3701305991,SALE,Sales
3701305995,FIN,Finance
3701305995,ADM,Administration
3701305995,CUST,Customer Service
3701305997,MRKT,Marketing
3701305997,SALE,Sales
3701305997,STRA,Strategy
3701306205,IT,Information Technology
3701306231,CUST,Customer Service
3701306231,ADM,Administration
3701306252,MGMT,Management
3701306252,MNFC,Manufacturing
3701306268,MRKT,Marketing
3701306268,SALE,Sales
3701306270,SUPL,Supply Chain
3701306319,SALE,Sales
3701306319,BD,Business Development
3701306322,ENG,Engineering
3701306322,SALE,Sales
3701306322,MRKT,Marketing
3701306325,CUST,Customer Service
3701306331,SALE,Sales
3701306331,ADVR,Advertising
3701306331,BD,Business Development
3701306336,RSCH,Research
3701306336,ANLS,Analytics
3701306336,IT,Information Technology
3701306342,ADM,Administration
3701306342,RSCH,Research
3701306355,DSGN,Design
3701306355,ART,Arts
3701306355,IT,Information Technology
3701306362,MGMT,Management
3701306362,MNFC,Manufacturing
3701306362,PROD,Product Management
3701306373,HCPR,Healthcare
3701306373,OTHR,Other
3701306375,OTHR,Other
3701306377,SALE,Sales
3701306377,BD,Business Development
3701306387,SALE,Sales
3701306387,ADVR,Advertising
3701306387,BD,Business Development
3701306388,ACCT,Accounting
3701306388,FIN,Finance
3701306392,ENG,Engineering
3701306392,IT,Information Technology
3701306399,MGMT,Management
3701306399,MNFC,Manufacturing
3701306406,IT,Information Technology
3701306412,MGMT,Management
3701306412,MNFC,Manufacturing
3701306417,ADM,Administration
3701306420,MNFC,Manufacturing
3701306421,SALE,Sales
3701306421,ADVR,Advertising
3701306421,BD,Business Development
3701306745,ADM,Administration
3701306827,SALE,Sales
3701306827,MRKT,Marketing
3701306830,MNFC,Manufacturing
3701306830,SUPL,Supply Chain
3701306830,MGMT,Management
3701306832,SALE,Sales
3701306832,ADVR,Advertising
3701306832,BD,Business Development
3701306834,FIN,Finance
3701306834,SALE,Sales
3701306834,CNSL,Consulting
3701306840,MRKT,Marketing
3701306840,STRA,Strategy
3701306840,CUST,Customer Service
3701306844,IT,Information Technology
3701306845,ADM,Administration
3701306850,IT,Information Technology
3701306856,DSGN,Design
3701306856,ART,Arts
3701306856,PRJM,Project Management
3701306867,SALE,Sales
3701306867,BD,Business Development
3701306889,PRJM,Project Management
3701306889,IT,Information Technology
3701306903,IT,Information Technology
3701306922,IT,Information Technology
3701306923,PRJM,Project Management
3701306923,IT,Information Technology
3701306925,OTHR,Other
3701306943,SALE,Sales
3701306943,ADVR,Advertising
3701306943,BD,Business Development
3701306945,ACCT,Accounting
3701306945,FIN,Finance
3701306957,ACCT,Accounting
3701306959,SALE,Sales
3701306959,ADVR,Advertising
3701306959,BD,Business Development
3701306960,ENG,Engineering
3701306966,FIN,Finance
3701306966,SALE,Sales
3701306991,IT,Information Technology
3701306993,ENG,Engineering
3701306993,PRJM,Project Management
3694135656,ACCT,Accounting
3694135656,FIN,Finance
3694137459,ACCT,Accounting
3694137459,FIN,Finance
3694138388,ACCT,Accounting
3694138388,FIN,Finance
3694139185,ACCT,Accounting
3694139185,FIN,Finance
3694155334,BD,Business Development
3694155334,SALE,Sales
3694155341,HCPR,Healthcare
3701306999,ENG,Engineering
3701306999,IT,Information Technology
3701307005,HCPR,Healthcare
3701307130,FIN,Finance
3701307130,SALE,Sales
3701307149,SALE,Sales
3701307149,ADVR,Advertising
3701307149,BD,Business Development
3701307153,HCPR,Healthcare
3701307158,SALE,Sales
3701307186,MRKT,Marketing
3701307186,SALE,Sales
3701307186,BD,Business Development
3701307241,SALE,Sales
3701307241,HCPR,Healthcare
3701307241,BD,Business Development
3701307250,IT,Information Technology
3701307267,ENG,Engineering
3701307267,IT,Information Technology
3701307269,SALE,Sales
3701307269,ADVR,Advertising
3701307269,BD,Business Development
3701307271,ACCT,Accounting
3701307275,FIN,Finance
3701307275,ACCT,Accounting
3701307275,CNSL,Consulting
3701307291,FIN,Finance
3701307291,BD,Business Development
3701307291,CNSL,Consulting
3701307292,SUPL,Supply Chain
3701307292,MGMT,Management
3701307305,SALE,Sales
3701307305,ADVR,Advertising
3701307305,BD,Business Development
3701307307,IT,Information Technology
3701307310,DSGN,Design
3701307310,ENG,Engineering
3701307311,ENG,Engineering
3701307311,IT,Information Technology
3701307313,SALE,Sales
3701307313,ADVR,Advertising
3701307313,BD,Business Development
3701307314,IT,Information Technology
3701307314,CUST,Customer Service
3701307314,PRJM,Project Management
3701307319,SALE,Sales
3701307319,ADVR,Advertising
3701307319,BD,Business Development
3701307320,IT,Information Technology
3701307322,SALE,Sales
3701307322,BD,Business Development
3701307322,CNSL,Consulting
3701307678,BD,Business Development
3701307678,MRKT,Marketing
3701307678,PRDM,Product Management
3701307682,OTHR,Other
3701307697,OTHR,Other
3701307710,SUPL,Supply Chain
3701307719,SALE,Sales
3701307719,BD,Business Development
3701307719,CUST,Customer Service
3701307723,IT,Information Technology
3701307724,ENG,Engineering
3701307724,MNFC,Manufacturing
3701307724,STRA,Strategy
3701307736,IT,Information Technology
3701307736,ANLS,Analytics
3701307739,ENG,Engineering
3701307748,IT,Information Technology
3701307754,HR,Human Resources
3701307790,OTHR,Other
3701307794,OTHR,Other
3701307795,OTHR,Other
3701307796,OTHR,Other
3701307798,FIN,Finance
3701307802,OTHR,Other
3701307803,IT,Information Technology
3701307803,MNFC,Manufacturing
3701307803,OTHR,Other
3701307818,CUST,Customer Service
3701307818,HCPR,Healthcare
3701307818,MRKT,Marketing
3701307824,MGMT,Management
3701307824,MNFC,Manufacturing
3701307824,PROD,Product Management
3701307837,DSGN,Design
3701307837,ART,Arts
3701307837,IT,Information Technology
3701307842,ACCT,Accounting
3701307844,SALE,Sales
3701307844,MGMT,Management
3701307848,HR,Human Resources
3701307852,SALE,Sales
3701307852,MRKT,Marketing
3701307873,ENG,Engineering
3701307873,IT,Information Technology
3701307887,ENG,Engineering
3701307887,IT,Information Technology
3701307888,ENG,Engineering
3701307888,IT,Information Technology
3701307892,IT,Information Technology
3701307900,ENG,Engineering
3701307900,IT,Information Technology
3701307914,MGMT,Management
3701307914,MNFC,Manufacturing
3701307919,MGMT,Management
3701307919,MNFC,Manufacturing
3701307951,PRDM,Product Management
3701307951,MRKT,Marketing
3701307982,LGL,Legal
3701307982,ADM,Administration
3701308043,OTHR,Other
3701308059,HR,Human Resources
3701308059,SALE,Sales
3701308059,BD,Business Development
3701308083,IT,Information Technology
3701308110,MGMT,Management
3701308126,ENG,Engineering
3701308126,IT,Information Technology
3701308158,SALE,Sales
3701308158,BD,Business Development
3701308159,ACCT,Accounting
3701308159,MGMT,Management
3701308172,MRKT,Marketing
3701308174,MRKT,Marketing
3701308174,BD,Business Development
3701308174,ADM,Administration
3701308182,BD,Business Development
3701308182,SALE,Sales
3701308183,IT,Information Technology
3701308193,HCPR,Healthcare
3701308193,OTHR,Other
3701308204,IT,Information Technology
3701308207,OTHR,Other
3701308209,IT,Information Technology
3701308216,SALE,Sales
3701308216,BD,Business Development
3701308219,ADM,Administration
3701308224,QA,Quality Assurance
3701308226,PRJM,Project Management
3701308226,IT,Information Technology
3701308229,SALE,Sales
3701308229,BD,Business Development
3701308229,CNSL,Consulting
3701308230,IT,Information Technology
3701308231,HCPR,Healthcare
3701308231,SCI,Science
3701308248,IT,Information Technology
3701308248,ENG,Engineering
3701308249,ADM,Administration
3701308250,SALE,Sales
3701308250,ADVR,Advertising
3701308250,BD,Business Development
3694152621,ENG,Engineering
3694152621,MNFC,Manufacturing
3694152621,PRJM,Project Management
3694153626,MGMT,Management
3694153626,MNFC,Manufacturing
3694155384,CNSL,Consulting
3694155384,QA,Quality Assurance
3694156195,ACCT,Accounting
3694156250,ENG,Engineering
3694156250,IT,Information Technology
3701308251,MGMT,Management
3701308256,MGMT,Management
3701308256,MNFC,Manufacturing
3701308393,SALE,Sales
3701308393,ADVR,Advertising
3701308393,BD,Business Development
3701308599,SALE,Sales
3701308599,HCPR,Healthcare
3701308599,BD,Business Development
3701308630,IT,Information Technology
3701308689,SALE,Sales
3701308689,BD,Business Development
3701308691,SALE,Sales
3701308691,MGMT,Management
3701308696,IT,Information Technology
3701308696,CNSL,Consulting
3701308696,ENG,Engineering
3701308709,FIN,Finance
3701308713,FIN,Finance
3701308713,SALE,Sales
3701308719,SALE,Sales
3701308719,ADVR,Advertising
3701308719,BD,Business Development
3701308722,FIN,Finance
3701308722,ANLS,Analytics
3701308722,ADM,Administration
3701308741,HR,Human Resources
3701308742,ENG,Engineering
3701308748,SALE,Sales
3701308748,BD,Business Development
3701308750,PRJM,Project Management
3701308750,IT,Information Technology
3701308754,FIN,Finance
3701308754,OTHR,Other
3701308755,MGMT,Management
3701308755,MNFC,Manufacturing
3701308756,SALE,Sales
3701308756,ADM,Administration
3701308756,HCPR,Healthcare
3701308757,PRJM,Project Management
3701308757,IT,Information Technology
3701308793,OTHR,Other
3701308794,BD,Business Development
3701308794,SALE,Sales
3701308799,OTHR,Other
3701308803,ENG,Engineering
3701308804,SALE,Sales
3701308804,IT,Information Technology
3701308804,BD,Business Development
3701308805,SALE,Sales
3701308805,ADVR,Advertising
3701308805,BD,Business Development
3701308824,FIN,Finance
3701308824,SALE,Sales
3701308826,MGMT,Management
3701308826,MNFC,Manufacturing
3701308830,LGL,Legal
3701308838,ADM,Administration
3701308838,MNFC,Manufacturing
3701308840,SALE,Sales
3701308840,ADVR,Advertising
3701308840,BD,Business Development
3701308843,MGMT,Management
3701308843,MNFC,Manufacturing
3701308848,ACCT,Accounting
3701308848,FIN,Finance
3701308857,MGMT,Management
3701308857,MNFC,Manufacturing
3701308859,LGL,Legal
3701308864,PRDM,Product Management
3701308864,MRKT,Marketing
3701308868,EDU,Education
3701308868,TRNG,Training
3701308870,MGMT,Management
3701308870,STRA,Strategy
3701308870,OTHR,Other
3701308872,OTHR,Other
3701308901,TRNG,Training
3701308901,CUST,Customer Service
3701308901,MGMT,Management
3701308920,ENG,Engineering
3701308920,IT,Information Technology
3701308973,DSGN,Design
3701308973,ART,Arts
3701309003,FIN,Finance
3701309003,ACCT,Accounting
3701309007,ACCT,Accounting
3701309010,ADM,Administration
3701309012,SALE,Sales
3701309012,ADVR,Advertising
3701309012,BD,Business Development
3701309017,SALE,Sales
3701309017,BD,Business Development
3701309017,CNSL,Consulting
3701309026,HCPR,Healthcare
3701309026,CUST,Customer Service
3701309034,MGMT,Management
3701309255,HR,Human Resources
3701309413,ANLS,Analytics
3701309417,MGMT,Management
3701309417,MNFC,Manufacturing
3701309419,SALE,Sales
3701309419,ADVR,Advertising
3701309419,BD,Business Development
3701309428,MRKT,Marketing
3701309428,PR,Public Relations
3701309428,WRT,Writing
3701309435,IT,Information Technology
3701309443,PRJM,Project Management
3701309445,IT,Information Technology
3701309446,PRJM,Project Management
3701309447,IT,Information Technology
3701309450,ENG,Engineering
3701309450,IT,Information Technology
3701309476,SALE,Sales
3701309476,ADVR,Advertising
3701309476,BD,Business Development
3701309477,PRJM,Project Management
3701309477,IT,Information Technology
3701309501,WRT,Writing
3701309507,OTHR,Other
3701309509,FIN,Finance
3701309509,SALE,Sales
3701309512,OTHR,Other
3701309515,MNFC,Manufacturing
3701309515,PROD,Product Management
3701309515,ENG,Engineering
3701309534,ENG,Engineering
3701309534,IT,Information Technology
3701309542,BD,Business Development
3701309542,SALE,Sales
3701309565,ACCT,Accounting
3701309565,FIN,Finance
3701309572,MRKT,Marketing
3701309572,SALE,Sales
3701309575,IT,Information Technology
3701309576,IT,Information Technology
3701309582,SALE,Sales
3701309582,BD,Business Development
3701309588,MGMT,Management
3701309588,MNFC,Manufacturing
3701309607,IT,Information Technology
3701309610,SALE,Sales
3701309610,BD,Business Development
3701309626,SALE,Sales
3701309626,BD,Business Development
3701309738,MGMT,Management
3701309738,MNFC,Manufacturing
3701309756,IT,Information Technology
3701309774,MGMT,Management
3701309774,MNFC,Manufacturing
3701309791,MRKT,Marketing
3701309795,HR,Human Resources
3701309795,ACCT,Accounting
3701309795,ADM,Administration
3701309803,IT,Information Technology
3701309843,ADM,Administration
3701309843,CUST,Customer Service
3701309843,ENG,Engineering
3701309861,OTHR,Other
3701309872,HCPR,Healthcare
3701309913,ART,Arts
3701309913,MRKT,Marketing
3701309914,ENG,Engineering
3701309914,IT,Information Technology
3701309933,ADM,Administration
3701309933,BD,Business Development
3701309933,STRA,Strategy
3701309964,IT,Information Technology
3701309969,MGMT,Management
3701309969,ADM,Administration
3701309969,HR,Human Resources
3701309971,HR,Human Resources
3701309983,PRCH,Procurement
3701309983,SUPL,Supply Chain
3701309983,PROD,Product Management
3701309987,SALE,Sales
3701309987,ADVR,Advertising
3701309987,BD,Business Development
3701309992,MRKT,Marketing
3701309992,ADVR,Advertising
3694153713,FIN,Finance
3699432419,MGMT,Management
3699432419,MNFC,Manufacturing
3699433208,MGMT,Management
3699433208,MNFC,Manufacturing
3699435150,MGMT,Management
3699435150,MNFC,Manufacturing
3701310125,MRKT,Marketing
3701310125,PR,Public Relations
3701310125,WRT,Writing
3701310197,ENG,Engineering
3701310201,SUPL,Supply Chain
3701310201,PRCH,Procurement
3701310201,STRA,Strategy
3701310204,ENG,Engineering
3701310204,DSGN,Design
3701310204,OTHR,Other
3701310207,MRKT,Marketing
3701310220,OTHR,Other
3701310224,SALE,Sales
3701310224,ADVR,Advertising
3701310224,BD,Business Development
3701310226,BD,Business Development
3701310226,SALE,Sales
3701310237,IT,Information Technology
3701310254,BD,Business Development
3701310254,SALE,Sales
3701310256,IT,Information Technology
3701310275,MGMT,Management
3701310277,SALE,Sales
3701310277,ADVR,Advertising
3701310277,BD,Business Development
3701310280,OTHR,Other
3701310286,HCPR,Healthcare
3701310292,SALE,Sales
3701310292,ADVR,Advertising
3701310292,BD,Business Development
3701310321,ACCT,Accounting
3701310323,OTHR,Other
3701310325,BD,Business Development
3701310325,SALE,Sales
3701310334,ENG,Engineering
3701310346,IT,Information Technology
3701310353,ACCT,Accounting
3701310353,FIN,Finance
3701310354,CUST,Customer Service
3701310354,SALE,Sales
3701310358,ENG,Engineering
3701310360,SALE,Sales
3701310360,ADVR,Advertising
3701310360,BD,Business Development
3701310368,SALE,Sales
3701310375,ACCT,Accounting
3701310375,FIN,Finance
3701310376,MGMT,Management
3701310376,MNFC,Manufacturing
3701310387,MGMT,Management
3701310387,MNFC,Manufacturing
3701310390,SALE,Sales
3701310390,ADVR,Advertising
3701310390,BD,Business Development
3701310406,MRKT,Marketing
3701310406,SALE,Sales
3701310414,MGMT,Management
3701310414,MNFC,Manufacturing
3701310416,MGMT,Management
3701310416,MNFC,Manufacturing
3701310433,LGL,Legal
3701310433,MGMT,Management
3701310433,CNSL,Consulting
3701310438,MGMT,Management
3701310438,MNFC,Manufacturing
3701310440,PRJM,Project Management
3701310440,IT,Information Technology
3701310450,MGMT,Management
3701310450,MNFC,Manufacturing
3701310459,SALE,Sales
3701310459,ADVR,Advertising
3701310459,BD,Business Development
3701310462,OTHR,Other
3701310491,SALE,Sales
3701310491,BD,Business Development
3701310499,OTHR,Other
3701310537,SALE,Sales
3701310537,BD,Business Development
3701310553,SALE,Sales
3701310553,BD,Business Development
3701310575,OTHR,Other
3701310593,MGMT,Management
3701310593,MNFC,Manufacturing
3701310634,ADM,Administration
3701310637,OTHR,Other
3701310641,SALE,Sales
3701310641,ADVR,Advertising
3701310641,BD,Business Development
3701310667,SALE,Sales
3701310667,BD,Business Development
3701310667,MNFC,Manufacturing
3701310693,PRJM,Project Management
3701310699,ADM,Administration
3701310699,FIN,Finance
3701310699,PRJM,Project Management
3701310710,ACCT,Accounting
3701310710,FIN,Finance
3701310714,LGL,Legal
3701310714,SCI,Science
3701310717,FIN,Finance
3701310717,SALE,Sales
3701310733,SALE,Sales
3701310733,MRKT,Marketing
3701310733,ADM,Administration
3701310738,QA,Quality Assurance
3701310770,MGMT,Management
3701310770,MNFC,Manufacturing
3701310772,RSCH,Research
3701310772,ANLS,Analytics
3701310772,IT,Information Technology
3701310776,ACCT,Accounting
3701310820,HR,Human Resources
3701310820,PRJM,Project Management
3701310820,ADM,Administration
3701310859,ENG,Engineering
3701310859,IT,Information Technology
3701310889,TRNG,Training
3701310889,CUST,Customer Service
3701310889,MGMT,Management
3701310911,MGMT,Management
3701310911,MNFC,Manufacturing
3701310912,SALE,Sales
3701310912,ADVR,Advertising
3701310912,BD,Business Development
3701310922,MGMT,Management
3701310922,MNFC,Manufacturing
3701310927,MGMT,Management
3701310927,IT,Information Technology
3701310944,MGMT,Management
3701310944,MNFC,Manufacturing
3701310952,SCI,Science
3701310953,IT,Information Technology
3701310988,IT,Information Technology
3701310988,ENG,Engineering
3701311082,ACCT,Accounting
3701311082,FIN,Finance
3701311133,PRJM,Project Management
3701311133,IT,Information Technology
3701311174,ADM,Administration
3701311176,PRJM,Project Management
3701311176,IT,Information Technology
3701311177,OTHR,Other
3701311182,HR,Human Resources
3701311186,ADM,Administration
3701311194,IT,Information Technology
3701311194,ACCT,Accounting
3701311194,LGL,Legal
3701311196,DSGN,Design
3701311196,ART,Arts
3701311196,IT,Information Technology
3701311199,HCPR,Healthcare
3701311203,SALE,Sales
3699432420,MGMT,Management
3699432420,MNFC,Manufacturing
3701311219,SALE,Sales
3701311219,ADVR,Advertising
3701311219,BD,Business Development
3701311227,MGMT,Management
3701311227,MNFC,Manufacturing
3701311247,ENG,Engineering
3701311257,OTHR,Other
3701311269,SALE,Sales
3701311269,ADVR,Advertising
3701311269,BD,Business Development
3701311283,IT,Information Technology
3701311289,ENG,Engineering
3701311289,IT,Information Technology
3701311309,SALE,Sales
3701311309,BD,Business Development
3701311361,MNFC,Manufacturing
3701311384,SALE,Sales
3701311384,BD,Business Development
3701311395,FIN,Finance
3701311395,SALE,Sales
3701311415,ENG,Engineering
3701311415,IT,Information Technology
3701311431,MGMT,Management
3701311431,MNFC,Manufacturing
3701311448,FIN,Finance
3701311449,FIN,Finance
3701311449,SALE,Sales
3701311449,CNSL,Consulting
3701311462,FIN,Finance
3701311567,IT,Information Technology
3701311567,ENG,Engineering
3701311584,PRJM,Project Management
3701311584,IT,Information Technology
3701311607,OTHR,Other
3701311632,SALE,Sales
3701311632,ADVR,Advertising
3701311632,BD,Business Development
3701311658,GENB,General Business
3701311658,MGMT,Management
3701311658,ADM,Administration
3701311663,MRKT,Marketing
3701311663,PR,Public Relations
3701311663,WRT,Writing
3701311668,GENB,General Business
3701311668,MGMT,Management
3701311668,ADM,Administration
3701311689,ACCT,Accounting
3701311689,FIN,Finance
3701311700,SALE,Sales
3701311700,ADVR,Advertising
3701311700,BD,Business Development
3701311716,OTHR,Other
3701311723,ANLS,Analytics
3701311740,SALE,Sales
3701311752,RSCH,Research
3701311752,SCI,Science
3701311762,IT,Information Technology
3701311777,MGMT,Management
3701311777,MNFC,Manufacturing
3701311779,IT,Information Technology
3701311788,PRJM,Project Management
3701311788,IT,Information Technology
3701311788,BD,Business Development
3701311795,ADM,Administration
3701311807,ADM,Administration
3701311819,ENG,Engineering
3701311819,FIN,Finance
3701311823,SALE,Sales
3701311823,ADVR,Advertising
3701311823,BD,Business Development
3701311847,IT,Information Technology
3701311880,FIN,Finance
3701311903,MGMT,Management
3701311903,MNFC,Manufacturing
3701311904,MGMT,Management
3701311904,MNFC,Manufacturing
3701311904,CUST,Customer Service
3701311918,HR,Human Resources
3701311918,ADM,Administration
3701311933,MGMT,Management
3701311933,MNFC,Manufacturing
3701311937,ADM,Administration
3701311994,ACCT,Accounting
3701311994,FIN,Finance
3701312001,IT,Information Technology
3701312005,OTHR,Other
3701312006,OTHR,Other
3701312007,OTHR,Other
3701312012,OTHR,Other
3701312029,ENG,Engineering
3701312029,IT,Information Technology
3701312029,GENB,General Business
3701312032,SALE,Sales
3701312032,BD,Business Development
3701312032,IT,Information Technology
3701312035,PRJM,Project Management
3701312035,ENG,Engineering
3701312038,MGMT,Management
3701312039,FIN,Finance
3701312039,SALE,Sales
3701312043,SALE,Sales
3701312043,ADVR,Advertising
3701312043,BD,Business Development
3701312050,HR,Human Resources
3701312053,SALE,Sales
3701312053,ADVR,Advertising
3701312053,BD,Business Development
3701312056,OTHR,Other
3701312059,SALE,Sales
3701312059,MGMT,Management
3701312065,MGMT,Management
3701312065,MNFC,Manufacturing
3701312070,PR,Public Relations
3701312070,OTHR,Other
3701312070,MGMT,Management
3701312076,MGMT,Management
3701312076,MNFC,Manufacturing
3701312077,BD,Business Development
3701312077,ADVR,Advertising
3701312085,ACCT,Accounting
3701312085,FIN,Finance
3701312091,ENG,Engineering
3701312091,IT,Information Technology
3701312094,SALE,Sales
3701312094,ADVR,Advertising
3701312094,BD,Business Development
3701312095,DSGN,Design
3701312095,ART,Arts
3701312095,IT,Information Technology
3701312100,LGL,Legal
3701312102,MGMT,Management
3701312102,MNFC,Manufacturing
3701312112,PRJM,Project Management
3701312112,IT,Information Technology
3701312194,MRKT,Marketing
3701312194,SALE,Sales
3701312205,HR,Human Resources
3701312205,PRJM,Project Management
3701312205,ADM,Administration
3701312210,SALE,Sales
3701312210,ADVR,Advertising
3701312210,BD,Business Development
3701312262,IT,Information Technology
3701312268,MGMT,Management
3701312268,MNFC,Manufacturing
3701312287,ENG,Engineering
3701312287,MNFC,Manufacturing
3701312287,DSGN,Design
3701312303,ADM,Administration
3701312327,IT,Information Technology
3701312381,SALE,Sales
3701312381,ADVR,Advertising
3701312381,BD,Business Development
3701312382,SALE,Sales
3701312382,BD,Business Development
3701312456,GENB,General Business
3701312456,MGMT,Management
3701312456,ADM,Administration
3701312518,OTHR,Other
3701312518,ACCT,Accounting
3701312533,ENG,Engineering
3701312533,PRCH,Procurement
3701312533,PRJM,Project Management
3701312535,SUPL,Supply Chain
3701312535,PRCH,Procurement
3701312543,OTHR,Other
3701312543,IT,Information Technology
3701312549,CUST,Customer Service
3701312549,OTHR,Other
3701312549,BD,Business Development
3701312573,HCPR,Healthcare
3701312591,SALE,Sales
3701312609,HCPR,Healthcare
3701312620,ART,Arts
3701312620,GENB,General Business
3701312620,MGMT,Management
3701312624,GENB,General Business
3701312624,MGMT,Management
3701312624,ADM,Administration
3701312625,FIN,Finance
3701312625,ACCT,Accounting
3701312679,IT,Information Technology
3701312703,BD,Business Development
3701312703,ENG,Engineering
3701312703,MRKT,Marketing
3701312705,IT,Information Technology
3701312705,BD,Business Development
3701312705,MRKT,Marketing
3701312711,SALE,Sales
3701312711,ADVR,Advertising
3701312711,BD,Business Development
3701312713,IT,Information Technology
3701312718,BD,Business Development
3701312718,SALE,Sales
3701312721,PRDM,Product Management
3701312721,MRKT,Marketing
3701312739,MGMT,Management
3701312739,MNFC,Manufacturing
3701312788,MGMT,Management
3701312788,MNFC,Manufacturing
3701312798,IT,Information Technology
3694152760,ENG,Engineering
3694152760,IT,Information Technology
3694156357,FIN,Finance
3701312799,MGMT,Management
3701312799,MNFC,Manufacturing
3701312817,SALE,Sales
3701312817,BD,Business Development
3701312862,PRJM,Project Management
3701312862,IT,Information Technology
3701312886,ENG,Engineering
3701312886,IT,Information Technology
3701312888,DSGN,Design
3701312888,ART,Arts
3701312888,IT,Information Technology
3701312897,ENG,Engineering
3701312897,IT,Information Technology
3701312920,MGMT,Management
3701312920,MNFC,Manufacturing
3701312921,MGMT,Management
3701312921,MNFC,Manufacturing
3701312944,HCPR,Healthcare
3701312953,HR,Human Resources
3701312954,HR,Human Resources
3701312955,ADM,Administration
3701312961,ENG,Engineering
3701312961,IT,Information Technology
3701312962,PRDM,Product Management
3701312962,MRKT,Marketing
3701312971,PRCH,Procurement
3701312971,SUPL,Supply Chain
3701312973,LGL,Legal
3701312973,PRJM,Project Management
3701312973,STRA,Strategy
3701312984,BD,Business Development
3701312984,SALE,Sales
3701313006,HCPR,Healthcare
3701313012,IT,Information Technology
3701313025,MRKT,Marketing
3701313025,WRT,Writing
3701313027,SALE,Sales
3701313027,BD,Business Development
3701313028,HR,Human Resources
3701313036,MGMT,Management
3701313036,MNFC,Manufacturing
3701313037,MGMT,Management
3701313037,MNFC,Manufacturing
3701313038,MGMT,Management
3701313038,MNFC,Manufacturing
3701313075,LGL,Legal
3701313094,SALE,Sales
3701313094,BD,Business Development
3701313098,SALE,Sales
3701313098,ADVR,Advertising
3701313098,BD,Business Development
3701313101,IT,Information Technology
3701313225,MGMT,Management
3701313225,MNFC,Manufacturing
3701313242,MGMT,Management
3701313242,MNFC,Manufacturing
3701313246,LGL,Legal
3701313253,IT,Information Technology
3701313263,MGMT,Management
3701313263,MNFC,Manufacturing
3701313281,IT,Information Technology
3701313295,DSGN,Design
3701313295,ART,Arts
3701313295,IT,Information Technology
3701313345,IT,Information Technology
3701313393,IT,Information Technology
3701313461,PRDM,Product Management
3701313461,MNFC,Manufacturing
3701313461,ENG,Engineering
3701313521,IT,Information Technology
3701313527,FIN,Finance
3701313538,MGMT,Management
3701313538,MNFC,Manufacturing
3701313546,GENB,General Business
3701313546,MGMT,Management
3701313546,ADM,Administration
3701313554,GENB,General Business
3701313554,MGMT,Management
3701313554,ADM,Administration
3701313555,QA,Quality Assurance
3701313588,ADM,Administration
3701313599,ADM,Administration
3701313620,RSCH,Research
3701313620,ANLS,Analytics
3701313620,IT,Information Technology
3701313623,SALE,Sales
3701313623,ADVR,Advertising
3701313623,BD,Business Development
3701313654,ACCT,Accounting
3701313682,IT,Information Technology
3701313692,HR,Human Resources
3701313702,MGMT,Management
3701313702,MNFC,Manufacturing
3701313707,ENG,Engineering
3701313707,IT,Information Technology
3701313731,IT,Information Technology
3701313753,SALE,Sales
3701313753,BD,Business Development
3701313760,MGMT,Management
3701313760,MNFC,Manufacturing
3701313830,FIN,Finance
3701313830,SALE,Sales
3701313835,ENG,Engineering
3701313835,IT,Information Technology
3701313842,ADM,Administration
3701313860,QA,Quality Assurance
3701313866,MGMT,Management
3701313866,MNFC,Manufacturing
3701313867,MGMT,Management
3701313867,MNFC,Manufacturing
3701313893,HCPR,Healthcare
3701313897,HCPR,Healthcare
3701313899,ENG,Engineering
3701313899,IT,Information Technology
3701313901,PRDM,Product Management
3701313901,MRKT,Marketing
3701313904,MGMT,Management
3701313904,MNFC,Manufacturing
3701313916,MGMT,Management
3701313916,MNFC,Manufacturing
3701313923,RSCH,Research
3701313923,MRKT,Marketing
3701313924,HCPR,Healthcare
3701313926,MRKT,Marketing
3701313926,PR,Public Relations
3701313926,WRT,Writing
3701313927,HCPR,Healthcare
3701313930,SALE,Sales
3701313930,ADVR,Advertising
3701313930,BD,Business Development
3701313931,MGMT,Management
3701313931,MNFC,Manufacturing
3701313944,PRJM,Project Management
3701313944,IT,Information Technology
3701313947,SALE,Sales
3701313947,ADVR,Advertising
3701313947,BD,Business Development
3701313948,MGMT,Management
3701313948,STRA,Strategy
3701313958,SALE,Sales
3701313958,BD,Business Development
3701313975,HCPR,Healthcare
3701313980,PRJM,Project Management
3701313980,IT,Information Technology
3701313985,HR,Human Resources
3701313985,CUST,Customer Service
3701313985,OTHR,Other
3701314001,ADM,Administration
3701314004,IT,Information Technology
3701314004,ENG,Engineering
3701314006,SALE,Sales
3701314006,ADVR,Advertising
3701314006,BD,Business Development
3701314013,BD,Business Development
3701314013,SALE,Sales
3701314026,OTHR,Other
3701314027,OTHR,Other
3701314029,MGMT,Management
3701314029,MNFC,Manufacturing
3701314039,RSCH,Research
3701314039,ANLS,Analytics
3701314039,IT,Information Technology
3701314060,ENG,Engineering
3701314060,IT,Information Technology
3701314061,SALE,Sales
3701314061,BD,Business Development
3701314197,PRCH,Procurement
3701314209,HCPR,Healthcare
3701314222,HCPR,Healthcare
3701314225,ENG,Engineering
3701314225,IT,Information Technology
3701314241,HR,Human Resources
3701314241,ADM,Administration
3701314252,ACCT,Accounting
3701314252,FIN,Finance
3701314303,CUST,Customer Service
3701314303,OTHR,Other
3701314303,BD,Business Development
3701314304,ENG,Engineering
3701314304,IT,Information Technology
3701314312,SALE,Sales
3701314312,BD,Business Development
3701314317,MNFC,Manufacturing
3694151911,SALE,Sales
3694151928,OTHR,Other
3694154683,BD,Business Development
3694156400,OTHR,Other
3694158310,SALE,Sales
3694158310,BD,Business Development
3694158311,HCPR,Healthcare
3701314322,FIN,Finance
3701314322,SALE,Sales
3701314330,SALE,Sales
3701314330,MGMT,Management
3701314332,MNFC,Manufacturing
3701314332,PROD,Product Management
3701314342,IT,Information Technology
3701314345,OTHR,Other
3701314365,SALE,Sales
3701314365,ADVR,Advertising
3701314365,BD,Business Development
3701314380,SALE,Sales
3701314380,BD,Business Development
3701314394,ART,Arts
3701314394,GENB,General Business
3701314394,MGMT,Management
3701314404,SALE,Sales
3701314404,ADVR,Advertising
3701314404,BD,Business Development
3701314425,ENG,Engineering
3701314425,IT,Information Technology
3701314432,DIST,Distribution
3701314442,SUPL,Supply Chain
3701314442,DIST,Distribution
3701314442,GENB,General Business
3701314485,ACCT,Accounting
3701314502,ENG,Engineering
3701314502,IT,Information Technology
3701314507,OTHR,Other
3701314523,QA,Quality Assurance
3701314524,GENB,General Business
3701314524,MGMT,Management
3701314524,ADM,Administration
3701314526,GENB,General Business
3701314526,MGMT,Management
3701314526,ADM,Administration
3701314531,MRKT,Marketing
3701314531,PR,Public Relations
3701314531,WRT,Writing
3701314546,ADM,Administration
3701314621,MRKT,Marketing
3701314646,ENG,Engineering
3701314646,IT,Information Technology
3701314658,ENG,Engineering
3701314658,IT,Information Technology
3701314664,IT,Information Technology
3701314666,BD,Business Development
3701314666,SALE,Sales
3701314684,LGL,Legal
3701314684,ADM,Administration
3701314685,MGMT,Management
3701314685,MNFC,Manufacturing
3701314726,IT,Information Technology
3701314751,MGMT,Management
3701314751,MNFC,Manufacturing
3701314753,ENG,Engineering
3701314753,IT,Information Technology
3701314754,MGMT,Management
3701314754,MNFC,Manufacturing
3701314755,IT,Information Technology
3701314756,OTHR,Other
3701314769,MRKT,Marketing
3701314769,PR,Public Relations
3701314769,WRT,Writing
3701314805,FIN,Finance
3701314805,SALE,Sales
3701314806,FIN,Finance
3701314806,SALE,Sales
3701314811,OTHR,Other
3701314812,ENG,Engineering
3701314812,IT,Information Technology
3701314827,BD,Business Development
3701314827,SALE,Sales
3701314839,HR,Human Resources
3701314849,ENG,Engineering
3701314861,MGMT,Management
3701314861,MNFC,Manufacturing
3701314864,MGMT,Management
3701314864,MNFC,Manufacturing
3701314883,PRDM,Product Management
3701314883,MRKT,Marketing
3701314889,PRJM,Project Management
3701314889,IT,Information Technology
3701314892,IT,Information Technology
3701314896,IT,Information Technology
3701314906,FIN,Finance
3701314906,SALE,Sales
3701314908,IT,Information Technology
3701314916,MGMT,Management
3701314916,MNFC,Manufacturing
3701314918,MGMT,Management
3701314918,MNFC,Manufacturing
3701314932,QA,Quality Assurance
3701314936,MGMT,Management
3701314965,SALE,Sales
3701314965,ADVR,Advertising
3701314965,BD,Business Development
3701314968,MGMT,Management
3701314968,MNFC,Manufacturing
3701314970,MGMT,Management
3701314970,MNFC,Manufacturing
3701314973,IT,Information Technology
3701314977,SALE,Sales
3701314977,CNSL,Consulting
3701314977,CUST,Customer Service
3701315028,ART,Arts
3701315028,PROD,Product Management
3701315028,MRKT,Marketing
3701315090,ADM,Administration
3701315090,ACCT,Accounting
3701315099,SALE,Sales
3701315099,ADVR,Advertising
3701315099,BD,Business Development
3701315110,ENG,Engineering
3701315110,IT,Information Technology
3701315122,MGMT,Management
3701315122,MNFC,Manufacturing
3701315128,MGMT,Management
3701315128,MNFC,Manufacturing
3701315135,CNSL,Consulting
3701315135,TRNG,Training
3701315138,FIN,Finance
3701315138,SALE,Sales
3701315141,MGMT,Management
3701315141,MNFC,Manufacturing
3701315142,OTHR,Other
3701315148,SALE,Sales
3701315194,MGMT,Management
3701315194,MNFC,Manufacturing
3701315205,LGL,Legal
3701315205,BD,Business Development
3701315205,MRKT,Marketing
3701315286,OTHR,Other
3701315294,PRJM,Project Management
3701315294,IT,Information Technology
3701315349,ENG,Engineering
3701315349,IT,Information Technology
3701315349,QA,Quality Assurance
3701315355,ANLS,Analytics
3701315355,SCI,Science
3701315355,MNFC,Manufacturing
3701315379,SALE,Sales
3701315379,BD,Business Development
3701315393,GENB,General Business
3701315393,OTHR,Other
3701315399,IT,Information Technology
3694152808,SALE,Sales
3694152808,BD,Business Development
3694152808,OTHR,Other
3694155513,SALE,Sales
3694155532,BD,Business Development
3694155532,MGMT,Management
3694156410,ENG,Engineering
3694156410,IT,Information Technology
3701315401,SALE,Sales
3701315401,BD,Business Development
3701315406,LGL,Legal
3701315408,RSCH,Research
3701315408,ANLS,Analytics
3701315408,IT,Information Technology
3701315412,ACCT,Accounting
3701315412,FIN,Finance
3701315417,QA,Quality Assurance
3701315417,ENG,Engineering
3701315417,PRDM,Product Management
3701315430,ENG,Engineering
3701315430,IT,Information Technology
3701315446,MNFC,Manufacturing
3701315446,MGMT,Management
3701315446,PROD,Product Management
3701315471,ENG,Engineering
3701315471,IT,Information Technology
3701315482,LGL,Legal
3701315502,ENG,Engineering
3701315502,IT,Information Technology
3701315508,ACCT,Accounting
3701315508,FIN,Finance
3701315512,SALE,Sales
3701315512,ADVR,Advertising
3701315512,BD,Business Development
3701315536,SALE,Sales
3701315536,ADVR,Advertising
3701315536,BD,Business Development
3701315548,SALE,Sales
3701315548,ADVR,Advertising
3701315548,BD,Business Development
3701315556,IT,Information Technology
3701315560,ENG,Engineering
3701315560,IT,Information Technology
3701315586,MGMT,Management
3701315609,MGMT,Management
3701315609,MNFC,Manufacturing
3701315610,OTHR,Other
3701315612,HCPR,Healthcare
3701315646,SALE,Sales
3701315646,ADVR,Advertising
3701315646,BD,Business Development
3701315690,FIN,Finance
3701315690,SALE,Sales
3701315691,FIN,Finance
3701315691,SALE,Sales
3701315701,HCPR,Healthcare
3701315706,SALE,Sales
3701315706,BD,Business Development
3701315732,ANLS,Analytics
3701315732,SUPL,Supply Chain
3701315732,STRA,Strategy
3701315733,ACCT,Accounting
3701315733,FIN,Finance
3701315750,EDU,Education
3701315750,TRNG,Training
3701315753,ENG,Engineering
3701315753,IT,Information Technology
3701315754,HCPR,Healthcare
3701315760,HR,Human Resources
3701315763,EDU,Education
3701315763,TRNG,Training
3701315764,ADM,Administration
3701315765,SALE,Sales
3701315765,BD,Business Development
3701315772,ART,Arts
3701315772,MRKT,Marketing
3701315772,ADVR,Advertising
3701315773,QA,Quality Assurance
3701315785,ENG,Engineering
3701315786,SALE,Sales
3701315786,BD,Business Development
3701315787,HCPR,Healthcare
3701315788,SALE,Sales
3701315794,MGMT,Management
3701315794,MNFC,Manufacturing
3701315798,ENG,Engineering
3701315798,MNFC,Manufacturing
3701315798,MGMT,Management
3701315803,PRCH,Procurement
3701315803,SUPL,Supply Chain
3701315816,QA,Quality Assurance
3701315824,SALE,Sales
3701315824,BD,Business Development
3701315826,MGMT,Management
3701315826,MNFC,Manufacturing
3701315830,OTHR,Other
3701315837,SALE,Sales
3701315837,BD,Business Development
3701315856,IT,Information Technology
3701315873,IT,Information Technology
3701315902,ADM,Administration
3701315907,ENG,Engineering
3701315907,IT,Information Technology
3701315909,PRJM,Project Management
3701315909,IT,Information Technology
3701315910,RSCH,Research
3701315910,ANLS,Analytics
3701315910,IT,Information Technology
3701315931,ENG,Engineering
3701315931,IT,Information Technology
3701315932,QA,Quality Assurance
3701315973,HCPR,Healthcare
3701315990,ENG,Engineering
3701315990,IT,Information Technology
3701316020,MGMT,Management
3701316020,MNFC,Manufacturing
3701316024,OTHR,Other
3701316039,MGMT,Management
3701316039,MNFC,Manufacturing
3701316070,HCPR,Healthcare
3701316102,SALE,Sales
3701316102,BD,Business Development
3701316107,ACCT,Accounting
3701316107,FIN,Finance
3701316127,SALE,Sales
3701316127,ADVR,Advertising
3701316127,BD,Business Development
3701316158,ENG,Engineering
3701316158,IT,Information Technology
3701316162,IT,Information Technology
3701316170,HCPR,Healthcare
3701316230,MRKT,Marketing
3701316230,PR,Public Relations
3701316230,WRT,Writing
3701316267,SALE,Sales
3701316267,BD,Business Development
3701316270,CUST,Customer Service
3701316270,BD,Business Development
3701316270,MGMT,Management
3701316276,MRKT,Marketing
3701316276,PR,Public Relations
3701316276,WRT,Writing
3701316285,TRNG,Training
3701316285,MGMT,Management
3701316297,IT,Information Technology
3701316306,SUPL,Supply Chain
3701316307,SALE,Sales
3701316307,ADVR,Advertising
3701316307,BD,Business Development
3701316315,SALE,Sales
3701316318,MGMT,Management
3701316318,STRA,Strategy
3701316318,BD,Business Development
3701316325,OTHR,Other
3701316325,CUST,Customer Service
3701316334,ACCT,Accounting
3701316334,FIN,Finance
3701316339,MRKT,Marketing
3701316356,ENG,Engineering
3701316356,IT,Information Technology
3701316363,IT,Information Technology
3701316371,MRKT,Marketing
3701316380,ENG,Engineering
3701316380,IT,Information Technology
3701316435,BD,Business Development
3701316435,SALE,Sales
3701316441,IT,Information Technology
3701316483,IT,Information Technology
3701316486,IT,Information Technology
3701316491,BD,Business Development
3701316491,SALE,Sales
3701316506,OTHR,Other
3701316516,MGMT,Management
3701316516,MNFC,Manufacturing
3701316520,ADM,Administration
3701316554,ANLS,Analytics
3701316554,DSGN,Design
3701316554,IT,Information Technology
3694154742,DSGN,Design
3694154742,ART,Arts
3694154742,IT,Information Technology
3699428884,SALE,Sales
3699428884,BD,Business Development
3699429561,MGMT,Management
3699429561,MNFC,Manufacturing
3699430619,MGMT,Management
3699430619,MNFC,Manufacturing
3699430620,MGMT,Management
3699430620,MNFC,Manufacturing
3699432445,MGMT,Management
3699432445,MNFC,Manufacturing
3699434191,ENG,Engineering
3699434191,IT,Information Technology
3701316564,MGMT,Management
3701316564,MNFC,Manufacturing
3701316579,SALE,Sales
3701316579,ADVR,Advertising
3701316579,BD,Business Development
3701316584,OTHR,Other
3701316585,OTHR,Other
3701316586,FIN,Finance
3701316586,SALE,Sales
3701316600,SALE,Sales
3701316600,CUST,Customer Service
3701316602,ENG,Engineering
3701316602,IT,Information Technology
3701316646,FIN,Finance
3701316646,SALE,Sales
3701316651,FIN,Finance
3701316651,SALE,Sales
3701316657,ENG,Engineering
3701316657,IT,Information Technology
3701316659,HCPR,Healthcare
3701316662,ENG,Engineering
3701316662,IT,Information Technology
3701316669,RSCH,Research
3701316669,ANLS,Analytics
3701316669,IT,Information Technology
3701316690,MGMT,Management
3701316690,MNFC,Manufacturing
3701316699,MGMT,Management
3701316699,MNFC,Manufacturing
3701316703,SALE,Sales
3701316703,ADVR,Advertising
3701316703,BD,Business Development
3701316706,ADM,Administration
3701316708,OTHR,Other
3701316713,SALE,Sales
3701316713,BD,Business Development
3701316714,RSCH,Research
3701316714,ANLS,Analytics
3701316714,IT,Information Technology
3701316719,BD,Business Development
3701316719,SALE,Sales
3701316720,ENG,Engineering
3701316720,IT,Information Technology
3701316721,DSGN,Design
3701316723,ENG,Engineering
3701316723,IT,Information Technology
3701316729,PRDM,Product Management
3701316729,MRKT,Marketing
3701316735,DSGN,Design
3701316735,ENG,Engineering
3701316736,IT,Information Technology
3701316738,MGMT,Management
3701316738,MNFC,Manufacturing
3701316739,PROD,Product Management
3701316739,DIST,Distribution
3701316761,IT,Information Technology
3701316765,ADM,Administration
3701316778,IT,Information Technology
3701316792,ENG,Engineering
3701316792,PROD,Product Management
3701316792,ADM,Administration
3701316797,MGMT,Management
3701316797,MNFC,Manufacturing
3701316799,SUPL,Supply Chain
3701316799,DIST,Distribution
3701316799,GENB,General Business
3701316802,MGMT,Management
3701316802,MNFC,Manufacturing
3701316811,SALE,Sales
3701316811,ADVR,Advertising
3701316811,BD,Business Development
3701316815,LGL,Legal
3701316822,RSCH,Research
3701316822,ANLS,Analytics
3701316822,IT,Information Technology
3701316826,HR,Human Resources
3701316831,IT,Information Technology
3701316835,ENG,Engineering
3701316835,DSGN,Design
3701316883,ENG,Engineering
3701316883,IT,Information Technology
3701316895,ENG,Engineering
3701316895,IT,Information Technology
3701316900,HCPR,Healthcare
3701316902,IT,Information Technology
3701316943,HCPR,Healthcare
3701316944,OTHR,Other
3701316946,OTHR,Other
3701316953,OTHR,Other
3701316954,FIN,Finance
3701316954,SALE,Sales
3701316956,MGMT,Management
3701316956,MNFC,Manufacturing
3701316965,SALE,Sales
3701316965,BD,Business Development
3701316970,MGMT,Management
3701316970,MNFC,Manufacturing
3701316972,ENG,Engineering
3701316972,IT,Information Technology
3701316975,BD,Business Development
3701316975,CNSL,Consulting
3701316975,CUST,Customer Service
3701317001,ENG,Engineering
3701317001,IT,Information Technology
3701317001,CUST,Customer Service
3701317055,EDU,Education
3701317055,TRNG,Training
3701317060,IT,Information Technology
3701317068,SALE,Sales
3701317068,ADVR,Advertising
3701317068,BD,Business Development
3701317071,SALE,Sales
3701317075,FIN,Finance
3701317091,ENG,Engineering
3701317091,IT,Information Technology
3701317116,HR,Human Resources
3701317120,GENB,General Business
3701317120,MGMT,Management
3701317120,ADM,Administration
3701317122,SALE,Sales
3701317122,ADVR,Advertising
3701317122,BD,Business Development
3701317133,CUST,Customer Service
3701317133,OTHR,Other
3701317133,DIST,Distribution
3701317144,ENG,Engineering
3701317144,IT,Information Technology
3701317150,SALE,Sales
3701317150,ADVR,Advertising
3701317150,BD,Business Development
3701317153,IT,Information Technology
3701317158,BD,Business Development
3701317158,ENG,Engineering
3701317158,MRKT,Marketing
3701317207,ADM,Administration
3701317208,ENG,Engineering
3701317208,IT,Information Technology
3701317218,OTHR,Other
3701317218,SALE,Sales
3694153900,ACCT,Accounting
3699428886,ENG,Engineering
3699428886,IT,Information Technology
3699432491,MRKT,Marketing
3699432491,PR,Public Relations
3699432491,WRT,Writing
3699433244,OTHR,Other
3699434193,RSCH,Research
3699434193,ANLS,Analytics
3699434193,IT,Information Technology
3699434194,ENG,Engineering
3699434194,IT,Information Technology
3699435188,MGMT,Management
3699435188,MNFC,Manufacturing
3701317225,IT,Information Technology
3701317226,SALE,Sales
3701317226,BD,Business Development
3701317228,MNFC,Manufacturing
3701317256,MGMT,Management
3701317256,MNFC,Manufacturing
3701317282,MGMT,Management
3701317282,GENB,General Business
3701317283,IT,Information Technology
3701317285,SALE,Sales
3701317285,MGMT,Management
3701317290,RSCH,Research
3701317290,ANLS,Analytics
3701317290,IT,Information Technology
3701317293,IT,Information Technology
3701317295,MGMT,Management
3701317295,MNFC,Manufacturing
3701317307,FIN,Finance
3701317307,SALE,Sales
3701317309,OTHR,Other
3701317310,FIN,Finance
3701317310,SALE,Sales
3701317311,MGMT,Management
3701317311,MNFC,Manufacturing
3701317313,MGMT,Management
3701317313,MNFC,Manufacturing
3701317315,ENG,Engineering
3701317315,IT,Information Technology
3701317315,PROD,Product Management
3701317323,ENG,Engineering
3701317323,IT,Information Technology
3701317331,ENG,Engineering
3701317331,IT,Information Technology
3701317345,IT,Information Technology
3701317370,FIN,Finance
3701317384,ENG,Engineering
3701317384,IT,Information Technology
3701317386,HCPR,Healthcare
3701317387,ENG,Engineering
3701317387,IT,Information Technology
3701317395,ENG,Engineering
3701317395,IT,Information Technology
3701317396,ACCT,Accounting
3701317396,FIN,Finance
3701317407,BD,Business Development
3701317407,ENG,Engineering
3701317407,MRKT,Marketing
3701317440,BD,Business Development
3701317440,SALE,Sales
3701317443,DSGN,Design
3701317443,ENG,Engineering
3701317447,IT,Information Technology
3701317455,MGMT,Management
3701317455,MNFC,Manufacturing
3701317462,SALE,Sales
3701317462,BD,Business Development
3701317462,IT,Information Technology
3701317472,HCPR,Healthcare
3701317474,ADM,Administration
3701317475,MGMT,Management
3701317475,MNFC,Manufacturing
3701317478,IT,Information Technology
3701317479,ACCT,Accounting
3701317479,FIN,Finance
3701317482,ENG,Engineering
3701317482,PRJM,Project Management
3701317484,ENG,Engineering
3701317484,IT,Information Technology
3701317494,SALE,Sales
3701317494,GENB,General Business
3701317499,MGMT,Management
3701317499,MNFC,Manufacturing
3701317506,SALE,Sales
3701317506,ADVR,Advertising
3701317506,BD,Business Development
3701317510,ENG,Engineering
3701317510,IT,Information Technology
3701317514,IT,Information Technology
3701317514,OTHR,Other
3701317514,ANLS,Analytics
3701317528,ENG,Engineering
3701317528,IT,Information Technology
3701317538,EDU,Education
3701317538,TRNG,Training
3701317542,MGMT,Management
3701317542,MNFC,Manufacturing
3701317544,ENG,Engineering
3701317544,IT,Information Technology
3701317546,ENG,Engineering
3701317546,PRCH,Procurement
3701317546,PRJM,Project Management
3701317572,SALE,Sales
3701317572,ADVR,Advertising
3701317572,BD,Business Development
3701317602,FIN,Finance
3701317602,ANLS,Analytics
3701317622,RSCH,Research
3701317622,ANLS,Analytics
3701317622,IT,Information Technology
3701317624,MGMT,Management
3701317624,MNFC,Manufacturing
3701317626,LGL,Legal
3701317635,HCPR,Healthcare
3701317656,OTHR,Other
3701317658,OTHR,Other
3701317663,SALE,Sales
3701317663,BD,Business Development
3701317668,FIN,Finance
3701317668,SALE,Sales
3701317675,MRKT,Marketing
3701317675,SALE,Sales
3701317679,CNSL,Consulting
3701317679,IT,Information Technology
3701317689,MRKT,Marketing
3701317689,PR,Public Relations
3701317689,WRT,Writing
3701317700,SALE,Sales
3701317700,BD,Business Development
3701317725,RSCH,Research
3701317725,ANLS,Analytics
3701317725,IT,Information Technology
3701317732,MGMT,Management
3701317732,MNFC,Manufacturing
3701317734,HCPR,Healthcare
3701317734,MRKT,Marketing
3701317734,SALE,Sales
3701317746,HR,Human Resources
3701317748,ADM,Administration
3701317756,SALE,Sales
3701317756,ADVR,Advertising
3701317756,BD,Business Development
3701317762,MGMT,Management
3701317762,MNFC,Manufacturing
3701317763,MGMT,Management
3701317763,MNFC,Manufacturing
3701317764,MGMT,Management
3701317764,MNFC,Manufacturing
3701317770,MGMT,Management
3701317770,MNFC,Manufacturing
3701317798,ENG,Engineering
3701317798,IT,Information Technology
3701317820,FIN,Finance
3701317820,SALE,Sales
3701317820,ACCT,Accounting
3701317867,DSGN,Design
3701317867,ART,Arts
3701317867,IT,Information Technology
3701317870,ACCT,Accounting
3701317870,FIN,Finance
3701317903,OTHR,Other
3701317904,MRKT,Marketing
3701317904,SALE,Sales
3701317905,SALE,Sales
3701317905,BD,Business Development
3701317906,OTHR,Other
3701317907,SALE,Sales
3701317907,ADVR,Advertising
3701317907,BD,Business Development
3701317911,MGMT,Management
3701317911,MNFC,Manufacturing
3701317912,BD,Business Development
3701317912,SALE,Sales
3701317913,SALE,Sales
3701317913,BD,Business Development
3701317916,MGMT,Management
3701317916,MNFC,Manufacturing
3701317923,OTHR,Other
3701317945,HCPR,Healthcare
3701317947,ENG,Engineering
3701317957,SALE,Sales
3701317957,BD,Business Development
3701317957,CNSL,Consulting
3701317968,FIN,Finance
3694158424,QA,Quality Assurance
3699429576,HCPR,Healthcare
3699433254,HCPR,Healthcare
3699434210,HCPR,Healthcare
3699435192,PRJM,Project Management
3699435192,IT,Information Technology
3701317986,OTHR,Other
3701317987,BD,Business Development
3701317987,SALE,Sales
3701318044,IT,Information Technology
3701318064,SALE,Sales
3701318064,BD,Business Development
3701318069,MGMT,Management
3701318069,MNFC,Manufacturing
3701318075,ACCT,Accounting
3701318081,RSCH,Research
3701318081,ANLS,Analytics
3701318081,IT,Information Technology
3701318091,ENG,Engineering
3701318091,IT,Information Technology
3701318092,BD,Business Development
3701318092,SALE,Sales
3701318093,BD,Business Development
3701318093,SALE,Sales
3701318095,BD,Business Development
3701318095,SALE,Sales
3701318168,ACCT,Accounting
3701318169,OTHR,Other
3701318183,SALE,Sales
3701318183,BD,Business Development
3701318184,MGMT,Management
3701318184,MNFC,Manufacturing
3701318243,ENG,Engineering
3701318243,IT,Information Technology
3701318246,MGMT,Management
3701318246,MNFC,Manufacturing
3701318250,ENG,Engineering
3701318250,IT,Information Technology
3701318251,MGMT,Management
3701318251,MNFC,Manufacturing
3701318262,PRJM,Project Management
3701318262,IT,Information Technology
3701318272,ADM,Administration
3701318274,CNSL,Consulting
3701318274,IT,Information Technology
3701318274,SALE,Sales
3701318282,MRKT,Marketing
3701318282,SALE,Sales
3701318283,QA,Quality Assurance
3701318284,MGMT,Management
3701318284,MNFC,Manufacturing
3701318285,FIN,Finance
3701318301,SALE,Sales
3701318301,BD,Business Development
3701318328,OTHR,Other
3701318335,ENG,Engineering
3701318335,IT,Information Technology
3701318337,MGMT,Management
3701318337,MNFC,Manufacturing
3701318351,MGMT,Management
3701318351,MNFC,Manufacturing
3701318351,DSGN,Design
3701318368,SALE,Sales
3701318368,BD,Business Development
3701318398,MGMT,Management
3701318398,MNFC,Manufacturing
3701318401,MRKT,Marketing
3701318403,HCPR,Healthcare
3701318406,DSGN,Design
3701318406,ART,Arts
3701318406,IT,Information Technology
3701318412,MGMT,Management
3701318412,MNFC,Manufacturing
3701318426,HR,Human Resources
3701318453,ENG,Engineering
3701318453,IT,Information Technology
3701318477,ENG,Engineering
3701318477,IT,Information Technology
3701318490,MGMT,Management
3701318490,MNFC,Manufacturing
3701318522,SALE,Sales
3701318522,ADVR,Advertising
3701318522,BD,Business Development
3701318539,OTHR,Other
3701318543,SALE,Sales
3701318543,BD,Business Development
3701318546,SALE,Sales
3701318546,BD,Business Development
3701318548,MGMT,Management
3701318548,MNFC,Manufacturing
3701318549,SALE,Sales
3701318549,BD,Business Development
3701318550,OTHR,Other
3701318571,BD,Business Development
3701318571,CNSL,Consulting
3701318571,CUST,Customer Service
3701318590,BD,Business Development
3701318590,SALE,Sales
3701318590,GENB,General Business
3701318591,HCPR,Healthcare
3701318593,FIN,Finance
3701318593,ADM,Administration
3701318605,MGMT,Management
3701318605,MNFC,Manufacturing
3701318630,SUPL,Supply Chain
3701318630,PRJM,Project Management
3701318630,ADM,Administration
3701318646,SALE,Sales
3701318646,MGMT,Management
3701318648,SALE,Sales
3701318648,BD,Business Development
3701318650,MGMT,Management
3701318650,MNFC,Manufacturing
3701318651,MGMT,Management
3701318651,MNFC,Manufacturing
3701318658,OTHR,Other
3701318661,SALE,Sales
3701318661,BD,Business Development
3701318667,MGMT,Management
3701318667,MNFC,Manufacturing
3701318668,FIN,Finance
3701318668,SALE,Sales
3701318671,MGMT,Management
3701318671,MNFC,Manufacturing
3701318676,MGMT,Management
3701318676,MNFC,Manufacturing
3701318699,ENG,Engineering
3701318715,ENG,Engineering
3701318715,IT,Information Technology
3701318770,BD,Business Development
3701318770,SALE,Sales
3701318793,ADM,Administration
3701318793,EDU,Education
3701318835,ENG,Engineering
3701318835,IT,Information Technology
3701318843,LGL,Legal
3701318844,OTHR,Other
3701318846,MGMT,Management
3701318846,MNFC,Manufacturing
3701318851,LGL,Legal
3701318851,RSCH,Research
3701318875,FIN,Finance
3701318875,SALE,Sales
3701318913,FIN,Finance
3701318913,SALE,Sales
3701318919,HCPR,Healthcare
3701318931,HCPR,Healthcare
3690869667,HCPR,Healthcare
3699428975,SALE,Sales
3699428975,BD,Business Development
3701318935,HCPR,Healthcare
3701318946,ENG,Engineering
3701318946,IT,Information Technology
3701318947,ENG,Engineering
3701318947,IT,Information Technology
3701318952,FIN,Finance
3701318952,SALE,Sales
3701318959,SCI,Science
3701318959,CNSL,Consulting
3701318959,ENG,Engineering
3701318976,IT,Information Technology
3701318981,ACCT,Accounting
3701318981,FIN,Finance
3701318985,FIN,Finance
3701318985,ANLS,Analytics
3701318985,CUST,Customer Service
3701319017,MGMT,Management
3701319017,MNFC,Manufacturing
3701319086,OTHR,Other
3701319093,RSCH,Research
3701319093,ANLS,Analytics
3701319093,IT,Information Technology
3701319097,LGL,Legal
3701319105,HCPR,Healthcare
3701319108,ADM,Administration
3701319140,HR,Human Resources
3701319150,HCPR,Healthcare
3701319157,OTHR,Other
3701319174,MGMT,Management
3701319174,MNFC,Manufacturing
3701319176,HCPR,Healthcare
3701319180,SALE,Sales
3701319180,BD,Business Development
3701319195,HCPR,Healthcare
3701319219,ACCT,Accounting
3701319219,FIN,Finance
3701319225,ADM,Administration
3694124020,ENG,Engineering
3694124020,IT,Information Technology
3701319229,OTHR,Other
3701319258,IT,Information Technology
3701319289,ENG,Engineering
3701319289,IT,Information Technology
3701319294,HCPR,Healthcare
3701319306,HCPR,Healthcare
3701319308,MGMT,Management
3701319308,MNFC,Manufacturing
3701319343,HCPR,Healthcare
3701319344,SALE,Sales
3701319344,BD,Business Development
3701319347,SALE,Sales
3701319347,BD,Business Development
3701319350,SALE,Sales
3701319350,BD,Business Development
3701319353,OTHR,Other
3701319356,QA,Quality Assurance
3701319389,SALE,Sales
3701319389,BD,Business Development
3701319393,SALE,Sales
3701319393,BD,Business Development
3701319423,MGMT,Management
3701319423,MNFC,Manufacturing
3701319441,SALE,Sales
3701319441,BD,Business Development
3701319446,PRJM,Project Management
3701319446,IT,Information Technology
3701319448,SALE,Sales
3701319448,BD,Business Development
3701319468,MGMT,Management
3701319468,MNFC,Manufacturing
3701319478,MGMT,Management
3701319478,MNFC,Manufacturing
3701319483,MGMT,Management
3701319483,MNFC,Manufacturing
3701319484,MGMT,Management
3701319484,MNFC,Manufacturing
3701319487,MGMT,Management
3701319487,MNFC,Manufacturing
3701319489,MGMT,Management
3701319489,MNFC,Manufacturing
3701319507,ENG,Engineering
3701319507,IT,Information Technology
3701319531,IT,Information Technology
3701319557,MGMT,Management
3701319557,MNFC,Manufacturing
3701319571,SALE,Sales
3701319571,GENB,General Business
3701319571,CUST,Customer Service
3701319577,ENG,Engineering
3701319577,IT,Information Technology
3701319581,CUST,Customer Service
3701319583,EDU,Education
3701319583,TRNG,Training
3701319592,OTHR,Other
3701319592,PRJM,Project Management
3701319592,ADM,Administration
3701319625,SALE,Sales
3701319625,ADVR,Advertising
3701319625,BD,Business Development
3701319648,OTHR,Other
3701319649,SALE,Sales
3701319649,BD,Business Development
3701319650,SALE,Sales
3701319650,BD,Business Development
3701319651,HCPR,Healthcare
3701319681,HR,Human Resources
3701319681,PRJM,Project Management
3701319681,ADM,Administration
3701319688,IT,Information Technology
3701319701,DSGN,Design
3701319714,ADM,Administration
3701319714,RSCH,Research
3701319715,PROD,Product Management
3701319715,MRKT,Marketing
3701319732,RSCH,Research
3701319732,ANLS,Analytics
3701319732,IT,Information Technology
3701319737,FIN,Finance
3701319745,OTHR,Other
3701319762,LGL,Legal
3701319762,BD,Business Development
3701319762,MRKT,Marketing
3701319778,ACCT,Accounting
3701319778,FIN,Finance
3701319793,HR,Human Resources
3701319793,PRJM,Project Management
3701319793,ADM,Administration
3701319801,MGMT,Management
3701319808,OTHR,Other
3701319829,HCPR,Healthcare
3701319834,IT,Information Technology
3701319840,RSCH,Research
3701319840,ADM,Administration
3701319855,ACCT,Accounting
3701319880,RSCH,Research
3701319880,ANLS,Analytics
3701319880,IT,Information Technology
3701319915,SALE,Sales
3701319915,BD,Business Development
3701319931,SALE,Sales
3701319931,BD,Business Development
3701319960,ENG,Engineering
3701319970,SALE,Sales
3701319970,ADVR,Advertising
3701319970,BD,Business Development
3701320004,ADM,Administration
3701320004,MGMT,Management
3701320004,CUST,Customer Service
3701320012,IT,Information Technology
3701320022,MGMT,Management
3701320022,MNFC,Manufacturing
3701320026,MGMT,Management
3701320026,MNFC,Manufacturing
3701320035,RSCH,Research
3701320035,ANLS,Analytics
3701320040,IT,Information Technology
3701320042,IT,Information Technology
3694152878,OTHR,Other
3694158444,LGL,Legal
3699428605,DSGN,Design
3699428605,ART,Arts
3699428605,IT,Information Technology
3699429619,MGMT,Management
3699429619,MNFC,Manufacturing
3699429654,OTHR,Other
3699430248,MGMT,Management
3699430248,MNFC,Manufacturing
3699430689,OTHR,Other
3699431546,ENG,Engineering
3699431546,IT,Information Technology
3699431555,ENG,Engineering
3699431555,IT,Information Technology
3699431557,MGMT,Management
3699431557,MNFC,Manufacturing
3699432481,SALE,Sales
3699432481,BD,Business Development
3699434262,OTHR,Other
3699435284,MGMT,Management
3699435284,MNFC,Manufacturing
3701320047,MGMT,Management
3701320047,MNFC,Manufacturing
3701320050,EDU,Education
3701320050,TRNG,Training
3701320085,FIN,Finance
3701320085,ANLS,Analytics
3701320085,IT,Information Technology
3701320098,ENG,Engineering
3701320098,IT,Information Technology
3701320100,ENG,Engineering
3701320100,IT,Information Technology
3701320105,CUST,Customer Service
3701320105,SUPL,Supply Chain
3701320110,IT,Information Technology
3701320111,ENG,Engineering
3701320111,IT,Information Technology
3701320123,ENG,Engineering
3701320123,IT,Information Technology
3701320127,HCPR,Healthcare
3701320130,ENG,Engineering
3701320130,IT,Information Technology
3701320140,ENG,Engineering
3701320140,IT,Information Technology
3701320179,SALE,Sales
3701320179,BD,Business Development
3701320184,SALE,Sales
3701320184,BD,Business Development
3701320186,OTHR,Other
3701320187,ACCT,Accounting
3701320187,FIN,Finance
3701320188,HCPR,Healthcare
3701320189,SALE,Sales
3701320189,BD,Business Development
3701320229,MGMT,Management
3701320229,MNFC,Manufacturing
3701320244,LGL,Legal
3701320250,LGL,Legal
3701320263,IT,Information Technology
3701320271,PRCH,Procurement
3701320271,SUPL,Supply Chain
3701320278,ENG,Engineering
3701320278,IT,Information Technology
3701320284,PRJM,Project Management
3701320284,ENG,Engineering
3701320292,FIN,Finance
3701320292,SALE,Sales
3701320297,MGMT,Management
3701320297,MNFC,Manufacturing
3701320298,MGMT,Management
3701320298,MNFC,Manufacturing
3701320306,MGMT,Management
3701320306,MNFC,Manufacturing
3701320307,MGMT,Management
3701320307,MNFC,Manufacturing
3701320335,ENG,Engineering
3701320335,IT,Information Technology
3701320337,SALE,Sales
3701320337,BD,Business Development
3701320347,LGL,Legal
3701320347,ADM,Administration
3701320352,MRKT,Marketing
3701320375,GENB,General Business
3701320375,MGMT,Management
3701320375,ADM,Administration
3701320396,MGMT,Management
3701320396,MNFC,Manufacturing
3701320410,SALE,Sales
3701320410,BD,Business Development
3701320424,ENG,Engineering
3701320424,IT,Information Technology
3701320425,IT,Information Technology
3701320448,ADM,Administration
3701320448,EDU,Education
3701320452,MGMT,Management
3701320452,MNFC,Manufacturing
3701320459,OTHR,Other
3701320463,HCPR,Healthcare
3701320467,MGMT,Management
3701320467,MNFC,Manufacturing
3701320472,SALE,Sales
3701320472,BD,Business Development
3701320476,PRJM,Project Management
3701320476,IT,Information Technology
3701320483,FIN,Finance
3701320483,ACCT,Accounting
3701320483,ANLS,Analytics
3701320498,FIN,Finance
3701320498,SALE,Sales
3701320505,SALE,Sales
3701320505,ADVR,Advertising
3701320505,BD,Business Development
3701320507,ADM,Administration
3701320533,OTHR,Other
3701320544,DIST,Distribution
3701320544,MNFC,Manufacturing
3701320544,SUPL,Supply Chain
3701320550,LGL,Legal
3701320550,RSCH,Research
3701320554,IT,Information Technology
3701320557,SALE,Sales
3701320557,BD,Business Development
3701320558,HCPR,Healthcare
3701320564,MGMT,Management
3701320564,MNFC,Manufacturing
3701320578,ENG,Engineering
3701320578,IT,Information Technology
3701320607,OTHR,Other
3701320610,GENB,General Business
3701320610,PRJM,Project Management
3701320616,IT,Information Technology
3701320624,MRKT,Marketing
3701320624,PR,Public Relations
3701320624,WRT,Writing
3701320631,FIN,Finance
3701320631,SALE,Sales
3701320641,ENG,Engineering
3701320641,IT,Information Technology
3701320653,MGMT,Management
3701320653,MNFC,Manufacturing
3701320655,HCPR,Healthcare
3701320717,ADM,Administration
3701320723,HCPR,Healthcare
3701320795,GENB,General Business
3701320795,OTHR,Other
3701320797,FIN,Finance
3701320797,SALE,Sales
3701320805,MGMT,Management
3701320805,MNFC,Manufacturing
3701320806,MGMT,Management
3701320806,MNFC,Manufacturing
3701320821,ENG,Engineering
3701320821,MNFC,Manufacturing
3701320821,PRJM,Project Management
3701320868,IT,Information Technology
3701320871,SALE,Sales
3701320871,ADVR,Advertising
3701320871,BD,Business Development
3701320891,BD,Business Development
3701320891,SALE,Sales
3701320912,ENG,Engineering
3701320915,OTHR,Other
3701321002,ENG,Engineering
3701321019,HR,Human Resources
3701321019,CUST,Customer Service
3701321019,OTHR,Other
3701321032,FIN,Finance
3701321032,ANLS,Analytics
3701321046,OTHR,Other
3701321089,HCPR,Healthcare
3701321091,DSGN,Design
3701321091,ART,Arts
3701321091,IT,Information Technology
3701321096,SALE,Sales
3701321096,BD,Business Development
3699433364,ADM,Administration
3701321098,SALE,Sales
3701321098,BD,Business Development
3701321101,OTHR,Other
3701321103,SALE,Sales
3701321103,BD,Business Development
3701321105,OTHR,Other
3701321107,HCPR,Healthcare
3701321111,HCPR,Healthcare
3701321128,MGMT,Management
3701321128,MNFC,Manufacturing
3701321135,ENG,Engineering
3701321135,IT,Information Technology
3701321147,EDU,Education
3701321147,TRNG,Training
3701321154,SALE,Sales
3701321154,ADVR,Advertising
3701321154,BD,Business Development
3701321155,ART,Arts
3701321155,DSGN,Design
3701321203,MGMT,Management
3701321203,MNFC,Manufacturing
3701321205,RSCH,Research
3701321205,ANLS,Analytics
3701321205,IT,Information Technology
3701321206,MGMT,Management
3701321206,MNFC,Manufacturing
3701321208,MGMT,Management
3701321208,SALE,Sales
3701321211,MGMT,Management
3701321211,MNFC,Manufacturing
3701321219,FIN,Finance
3701321219,SALE,Sales
3701321237,PRCH,Procurement
3701321237,DIST,Distribution
3701321243,MRKT,Marketing
3701321243,PR,Public Relations
3701321243,WRT,Writing
3701321244,MRKT,Marketing
3701321244,SALE,Sales
3701321249,MNFC,Manufacturing
3701321249,OTHR,Other
3701321256,MGMT,Management
3701321256,MNFC,Manufacturing
3701321260,MGMT,Management
3701321260,MNFC,Manufacturing
3701321282,QA,Quality Assurance
3701321310,SALE,Sales
3701321310,ADVR,Advertising
3701321310,BD,Business Development
3701321315,ADM,Administration
3701321315,EDU,Education
3701321316,PRJM,Project Management
3701321316,ANLS,Analytics
3701321316,FIN,Finance
3701321317,SALE,Sales
3701321317,BD,Business Development
3701321355,OTHR,Other
3701321373,OTHR,Other
3701321385,SALE,Sales
3701321385,BD,Business Development
3701321388,MGMT,Management
3701321388,MNFC,Manufacturing
3701321389,MGMT,Management
3701321389,MNFC,Manufacturing
3701321399,HCPR,Healthcare
3701321409,FIN,Finance
3701321409,SALE,Sales
3701321421,CNSL,Consulting
3701321421,IT,Information Technology
3701321429,SALE,Sales
3701321429,BD,Business Development
3701321432,LGL,Legal
3701321443,OTHR,Other
3701321444,OTHR,Other
3701321445,IT,Information Technology
3701321446,OTHR,Other
3701321459,ADVR,Advertising
3701321459,MRKT,Marketing
3701321465,ENG,Engineering
3701321465,IT,Information Technology
3701321467,IT,Information Technology
3701321486,SALE,Sales
3701321486,BD,Business Development
3701321499,OTHR,Other
3701321502,ACCT,Accounting
3701321529,OTHR,Other
3701321533,ACCT,Accounting
3701321533,FIN,Finance
3701321539,CNSL,Consulting
3701321539,IT,Information Technology
3701321539,OTHR,Other
3701321593,HCPR,Healthcare
3701321612,HCPR,Healthcare
3701321612,OTHR,Other
3701321612,EDU,Education
3701321653,FIN,Finance
3701321653,SALE,Sales
3701321679,HR,Human Resources
3701321679,PRJM,Project Management
3701321679,ADM,Administration
3701321684,OTHR,Other
3701321687,FIN,Finance
3701321687,SALE,Sales
3701321688,OTHR,Other
3701321708,SALE,Sales
3701321708,BD,Business Development
3701321714,SALE,Sales
3701321714,BD,Business Development
3701321728,MGMT,Management
3701321728,MNFC,Manufacturing
3701321744,ADM,Administration
3701321757,MGMT,Management
3701321757,MNFC,Manufacturing
3701321758,ACCT,Accounting
3701321758,FIN,Finance
3701321760,MGMT,Management
3701321760,MNFC,Manufacturing
3701321783,HCPR,Healthcare
3701321792,HCPR,Healthcare
3701321807,SALE,Sales
3701321807,ADVR,Advertising
3701321807,BD,Business Development
3701321823,HR,Human Resources
3701321842,OTHR,Other
3701321844,PROD,Product Management
3701321855,IT,Information Technology
3701321860,EDU,Education
3701321860,ART,Arts
3701321925,SALE,Sales
3701321925,BD,Business Development
3701321961,QA,Quality Assurance
3701321964,MNFC,Manufacturing
3701321964,ENG,Engineering
3701321976,PRJM,Project Management
3701321976,IT,Information Technology
3701322013,MGMT,Management
3701322013,MNFC,Manufacturing
3701322021,HCPR,Healthcare
3701322047,SALE,Sales
3701322047,BD,Business Development
3701322059,SALE,Sales
3701322059,BD,Business Development
3701322063,OTHR,Other
3701322067,SALE,Sales
3701322067,BD,Business Development
3694139272,IT,Information Technology
3694156520,IT,Information Technology
3694158430,ENG,Engineering
3694158430,IT,Information Technology
3694159069,SALE,Sales
3699434266,ACCT,Accounting
3699434266,FIN,Finance
3699434295,MGMT,Management
3699434295,MNFC,Manufacturing
3699435295,MGMT,Management
3699435295,MNFC,Manufacturing
3701322072,SALE,Sales
3701322072,BD,Business Development
3701322082,MGMT,Management
3701322082,MNFC,Manufacturing
3701322084,SCI,Science
3701322084,CNSL,Consulting
3701322107,ACCT,Accounting
3701322107,FIN,Finance
3701322130,LGL,Legal
3701322134,SALE,Sales
3701322134,BD,Business Development
3701322148,SALE,Sales
3701322148,ADVR,Advertising
3701322148,BD,Business Development
3701322155,QA,Quality Assurance
3701322166,IT,Information Technology
3701322171,MGMT,Management
3701322171,MNFC,Manufacturing
3701322174,ADM,Administration
3701322174,EDU,Education
3701322175,MGMT,Management
3701322175,MNFC,Manufacturing
3701322180,MGMT,Management
3701322180,MNFC,Manufacturing
3701322191,MGMT,Management
3701322191,MNFC,Manufacturing
3701322194,MGMT,Management
3701322194,MNFC,Manufacturing
3701322195,ENG,Engineering
3701322195,IT,Information Technology
3701322197,HR,Human Resources
3701322220,MGMT,Management
3701322220,MNFC,Manufacturing
3701322223,ENG,Engineering
3701322223,IT,Information Technology
3701322272,SALE,Sales
3701322272,BD,Business Development
3701322273,SALE,Sales
3701322273,GENB,General Business
3701322273,CUST,Customer Service
3701322283,MNFC,Manufacturing
3701322283,DIST,Distribution
3701322283,SUPL,Supply Chain
3701322288,MGMT,Management
3701322288,MNFC,Manufacturing
3701322289,MGMT,Management
3701322289,MNFC,Manufacturing
3701322306,DSGN,Design
3701322306,ART,Arts
3701322306,IT,Information Technology
3701322317,OTHR,Other
3701322319,OTHR,Other
3701322339,RSCH,Research
3701322339,ANLS,Analytics
3701322339,IT,Information Technology
3701322346,IT,Information Technology
3701322354,OTHR,Other
3701322355,BD,Business Development
3701322355,SALE,Sales
3701322356,DSGN,Design
3701322356,ART,Arts
3701322356,IT,Information Technology
3701322359,MGMT,Management
3701322359,MNFC,Manufacturing
3701322360,SALE,Sales
3701322360,BD,Business Development
3701322363,SALE,Sales
3701322363,BD,Business Development
3701322366,SALE,Sales
3701322366,BD,Business Development
3701322385,CNSL,Consulting
3701322385,IT,Information Technology
3701322390,ENG,Engineering
3701322390,IT,Information Technology
3701322395,ENG,Engineering
3701322395,IT,Information Technology
3701322414,MRKT,Marketing
3701322414,PR,Public Relations
3701322414,WRT,Writing
3701322420,PRJM,Project Management
3701322420,ENG,Engineering
3701322420,GENB,General Business
3701322430,FIN,Finance
3701322430,SALE,Sales
3701322438,OTHR,Other
3701322446,FIN,Finance
3701322446,ACCT,Accounting
3701322452,OTHR,Other
3701322453,BD,Business Development
3701322453,HCPR,Healthcare
3701322453,PRJM,Project Management
3701322458,HCPR,Healthcare
3701322467,SALE,Sales
3701322467,ADVR,Advertising
3701322467,BD,Business Development
3701322483,FIN,Finance
3701322483,STRA,Strategy
3701322483,CNSL,Consulting
3701322491,MRKT,Marketing
3701322491,PR,Public Relations
3701322491,WRT,Writing
3701322492,MRKT,Marketing
3701322492,SALE,Sales
3701322496,SALE,Sales
3701322496,BD,Business Development
3701322525,SALE,Sales
3701322525,ADVR,Advertising
3701322525,BD,Business Development
3701322530,OTHR,Other
3701322541,ACCT,Accounting
3701322541,FIN,Finance
3701322639,IT,Information Technology
3701322645,OTHR,Other
3701322663,SALE,Sales
3701322663,ENG,Engineering
3701322667,SALE,Sales
3701322667,BD,Business Development
3701322683,PRJM,Project Management
3701322683,ADM,Administration
3701322683,GENB,General Business
3701322692,ACCT,Accounting
3701322704,HCPR,Healthcare
3701322713,OTHR,Other
3701322714,HR,Human Resources
3701322714,IT,Information Technology
3701322737,ACCT,Accounting
3701322737,FIN,Finance
3701322754,HCPR,Healthcare
3701322790,MGMT,Management
3701322790,MNFC,Manufacturing
3701322803,RSCH,Research
3701322803,FIN,Finance
3701322803,ANLS,Analytics
3701322804,CUST,Customer Service
3701322815,PROD,Product Management
3701322816,IT,Information Technology
3701322826,ENG,Engineering
3701322841,ADM,Administration
3701322842,SALE,Sales
3701322842,ADVR,Advertising
3701322842,BD,Business Development
3701322845,ENG,Engineering
3701322845,IT,Information Technology
3701322860,HCPR,Healthcare
3701322908,HCPR,Healthcare
3701322913,MNFC,Manufacturing
3701322913,PROD,Product Management
3701322913,SCI,Science
3701322933,ACCT,Accounting
3701322933,FIN,Finance
3701322933,ANLS,Analytics
3701322941,SALE,Sales
3701322942,SALE,Sales
3701322963,FIN,Finance
3701322963,ACCT,Accounting
3701322984,IT,Information Technology
3701322994,PRCH,Procurement
3701322994,SUPL,Supply Chain
3701322999,FIN,Finance
3701322999,SALE,Sales
3701323000,SALE,Sales
3701323000,BD,Business Development
3701323002,SALE,Sales
3701323002,ADVR,Advertising
3701323002,BD,Business Development
3701323006,SCI,Science
3701323006,CNSL,Consulting
3701323056,SALE,Sales
3701323056,BD,Business Development
3701323067,SALE,Sales
3701323067,BD,Business Development
3701323074,SALE,Sales
3701323074,BD,Business Development
3699430767,HR,Human Resources
3699432553,OTHR,Other
3701323084,MGMT,Management
3701323084,MNFC,Manufacturing
3701323091,SALE,Sales
3701323091,BD,Business Development
3701323093,ENG,Engineering
3701323093,IT,Information Technology
3701323103,MGMT,Management
3701323103,MNFC,Manufacturing
3701323107,DSGN,Design
3701323107,ART,Arts
3701323107,IT,Information Technology
3701323114,MGMT,Management
3701323114,MNFC,Manufacturing
3701323115,MGMT,Management
3701323115,MNFC,Manufacturing
3701323116,MGMT,Management
3701323116,MNFC,Manufacturing
3701323137,SALE,Sales
3701323137,ADVR,Advertising
3701323137,BD,Business Development
3701323142,IT,Information Technology
3701323160,MGMT,Management
3701323160,MNFC,Manufacturing
3701323189,IT,Information Technology
3701323202,SALE,Sales
3701323202,GENB,General Business
3701323202,CUST,Customer Service
3701323221,OTHR,Other
3701323239,MNFC,Manufacturing
3701323239,CNSL,Consulting
3701323239,GENB,General Business
3701323258,HR,Human Resources
3701323274,ACCT,Accounting
3701323274,FIN,Finance
3701323283,OTHR,Other
3701323287,MGMT,Management
3701323287,MNFC,Manufacturing
3701323293,SALE,Sales
3701323293,BD,Business Development
3701323303,HCPR,Healthcare
3701323307,HCPR,Healthcare
3701323337,SALE,Sales
3701323337,ADVR,Advertising
3701323337,BD,Business Development
3701323341,IT,Information Technology
3701323342,DSGN,Design
3701323342,ART,Arts
3701323342,IT,Information Technology
3701323346,FIN,Finance
3701323346,SALE,Sales
3701323350,GENB,General Business
3701323367,SALE,Sales
3701323367,ADVR,Advertising
3701323367,BD,Business Development
3701323377,MGMT,Management
3701323377,MNFC,Manufacturing
3701323403,MGMT,Management
3701323403,MNFC,Manufacturing
3701323408,PROD,Product Management
3701323409,HCPR,Healthcare
3701323417,QA,Quality Assurance
3701323456,SALE,Sales
3701323456,BD,Business Development
3701323460,FIN,Finance
3701323460,SALE,Sales
3701323461,MGMT,Management
3701323461,MNFC,Manufacturing
3701323465,MRKT,Marketing
3701323465,PR,Public Relations
3701323465,WRT,Writing
3701323466,SALE,Sales
3701323466,BD,Business Development
3701323447,EDU,Education
3701323447,TRNG,Training
3701323476,HCPR,Healthcare
3701323524,MGMT,Management
3701323524,MNFC,Manufacturing
3701323549,MRKT,Marketing
3701323549,SALE,Sales
3701323563,SALE,Sales
3701323563,BD,Business Development
3701323567,SALE,Sales
3701323567,BD,Business Development
3701323577,LGL,Legal
3701323577,BD,Business Development
3701323577,MRKT,Marketing
3701323581,IT,Information Technology
3701323610,BD,Business Development
3701323610,SALE,Sales
3701323617,LGL,Legal
3701323644,OTHR,Other
3701323651,MGMT,Management
3701323651,MNFC,Manufacturing
3701323681,ENG,Engineering
3701323681,IT,Information Technology
3701323681,DSGN,Design
3701323693,MRKT,Marketing
3701323693,SALE,Sales
3701323703,OTHR,Other
3701323706,ENG,Engineering
3701323709,SALE,Sales
3701323709,BD,Business Development
3701323710,QA,Quality Assurance
3701323737,IT,Information Technology
3701323759,SALE,Sales
3701323759,ADVR,Advertising
3701323759,BD,Business Development
3701323814,MGMT,Management
3701323814,IT,Information Technology
3701323814,GENB,General Business
3701323844,IT,Information Technology
3701323845,SALE,Sales
3701323845,ADVR,Advertising
3701323845,BD,Business Development
3701323849,BD,Business Development
3701323849,SALE,Sales
3701323858,PRJM,Project Management
3701324000,BD,Business Development
3701324000,SALE,Sales
3701324006,MGMT,Management
3701324006,MNFC,Manufacturing
3701324042,FIN,Finance
3701324042,SALE,Sales
3701324054,SALE,Sales
3701324054,BD,Business Development
3701324056,QA,Quality Assurance
3701324068,IT,Information Technology
3701324074,MGMT,Management
3701324074,MNFC,Manufacturing
3701324078,IT,Information Technology
3701324101,ADM,Administration
3701324101,EDU,Education
3701324135,ACCT,Accounting
3701324135,FIN,Finance
3701324154,ADM,Administration
3701324165,OTHR,Other
3701324196,ENG,Engineering
3701324196,CNSL,Consulting
3701324196,DSGN,Design
3701324204,MGMT,Management
3701324204,MNFC,Manufacturing
3701324212,MGMT,Management
3701324212,SUPL,Supply Chain
3701324221,OTHR,Other
3701324225,HR,Human Resources
3701324225,ADM,Administration
3694159226,IT,Information Technology
3694159226,ENG,Engineering
3699434365,SALE,Sales
3699434365,BD,Business Development
3701324227,HCPR,Healthcare
3701324231,MGMT,Management
3701324231,MNFC,Manufacturing
3701324234,SALE,Sales
3701324234,BD,Business Development
3701324237,SALE,Sales
3701324237,BD,Business Development
3701324254,IT,Information Technology
3701324255,MRKT,Marketing
3701324255,SALE,Sales
3701324269,MRKT,Marketing
3701324269,SALE,Sales
3701324279,SALE,Sales
3701324279,ADVR,Advertising
3701324279,BD,Business Development
3701324290,FIN,Finance
3701324290,SALE,Sales
3701324301,HCPR,Healthcare
3701324320,HCPR,Healthcare
3701324325,IT,Information Technology
3701324334,SCI,Science
3701324334,RSCH,Research
3701324339,EDU,Education
3701324339,CNSL,Consulting
3701324342,ADM,Administration
3701324343,IT,Information Technology
3701324344,SALE,Sales
3701324344,ADVR,Advertising
3701324344,BD,Business Development
3701324354,ADM,Administration
3701324354,EDU,Education
3701324354,PR,Public Relations
3701324358,ACCT,Accounting
3701324375,PRDM,Product Management
3701324375,MRKT,Marketing
3701324399,SALE,Sales
3701324399,ADVR,Advertising
3701324399,BD,Business Development
3701324410,IT,Information Technology
3701324466,MGMT,Management
3701324466,MNFC,Manufacturing
3701324486,SALE,Sales
3701324486,ADVR,Advertising
3701324486,BD,Business Development
3701324493,FIN,Finance
3701324495,OTHR,Other
3701324506,SALE,Sales
3701324506,BD,Business Development
3701324507,SALE,Sales
3701324507,ADVR,Advertising
3701324507,BD,Business Development
3701324510,FIN,Finance
3701324510,SALE,Sales
3701324518,SALE,Sales
3701324518,BD,Business Development
3701324546,SALE,Sales
3701324546,BD,Business Development
3701324561,FIN,Finance
3701324561,SALE,Sales
3701324588,LGL,Legal
3701324603,MGMT,Management
3701324603,MNFC,Manufacturing
3701324609,DSGN,Design
3701324609,ART,Arts
3701324609,IT,Information Technology
3701324613,ENG,Engineering
3701324621,IT,Information Technology
3701324621,ENG,Engineering
3701324651,SALE,Sales
3701324651,ADVR,Advertising
3701324651,BD,Business Development
3701324652,PRJM,Project Management
3701324652,STRA,Strategy
3701324659,ACCT,Accounting
3701324695,EDU,Education
3701324695,TRNG,Training
3701324717,MGMT,Management
3701324717,MNFC,Manufacturing
3701324722,SALE,Sales
3701324722,BD,Business Development
3701324765,IT,Information Technology
3701324779,SALE,Sales
3701324779,BD,Business Development
3701324784,LGL,Legal
3701324784,MGMT,Management
3701324796,OTHR,Other
3701324797,BD,Business Development
3701324798,CNSL,Consulting
3701324806,ENG,Engineering
3701324806,DSGN,Design
3701324870,MGMT,Management
3701324870,STRA,Strategy
3701324870,PRJM,Project Management
3701324988,IT,Information Technology
3701325020,IT,Information Technology
3701325045,MGMT,Management
3701325045,MNFC,Manufacturing
3701325079,ENG,Engineering
3701325079,IT,Information Technology
3701325117,ENG,Engineering
3701325117,IT,Information Technology
3701325153,RSCH,Research
3701325153,ANLS,Analytics
3701325153,IT,Information Technology
3701325169,RSCH,Research
3701325169,ANLS,Analytics
3701325169,IT,Information Technology
3701325194,OTHR,Other
3701325211,BD,Business Development
3701325211,SALE,Sales
3701325211,CUST,Customer Service
3701325212,SALE,Sales
3701325212,BD,Business Development
3701325243,OTHR,Other
3701325267,OTHR,Other
3701325267,MGMT,Management
3701325273,MGMT,Management
3701325273,MNFC,Manufacturing
3701325274,MGMT,Management
3701325274,MNFC,Manufacturing
3701325298,SALE,Sales
3701325298,ADVR,Advertising
3701325298,BD,Business Development
3701325300,RSCH,Research
3701325320,HCPR,Healthcare
3701325324,IT,Information Technology
3701325339,HCPR,Healthcare
3701325353,PRDM,Product Management
3701325353,MRKT,Marketing
3701325373,FIN,Finance
3701325377,MRKT,Marketing
3701325378,ENG,Engineering
3701325550,PRDM,Product Management
3701325550,PRJM,Project Management
3701325558,IT,Information Technology
3701325571,MGMT,Management
3701325571,MNFC,Manufacturing
3701325723,HR,Human Resources
3701325723,MGMT,Management
3701325732,ACCT,Accounting
3701325734,DSGN,Design
3701325800,ACCT,Accounting
3701325805,ENG,Engineering
3701325805,STRA,Strategy
3701325805,DSGN,Design
3701325817,FIN,Finance
3701325817,MNFC,Manufacturing
3701325841,ENG,Engineering
3701325841,MNFC,Manufacturing
3701325848,QA,Quality Assurance
3701325864,ENG,Engineering
3701325864,IT,Information Technology
3701325864,SCI,Science
3701325883,OTHR,Other
3701325885,ENG,Engineering
3701325885,IT,Information Technology
3701326001,ENG,Engineering
3701326010,MGMT,Management
3701326010,MNFC,Manufacturing
3701326022,SALE,Sales
3701326022,ADVR,Advertising
3701326022,BD,Business Development
3701326048,ACCT,Accounting
3701326051,SUPL,Supply Chain
3701326051,ANLS,Analytics
3701326051,PRCH,Procurement
3701326084,ADVR,Advertising
3701326084,MRKT,Marketing
3701326093,ENG,Engineering
3701326093,IT,Information Technology
3699431765,IT,Information Technology
3699431765,LGL,Legal
3699431765,WRT,Writing
3699432598,OTHR,Other
3699432687,ENG,Engineering
3699432687,IT,Information Technology
3701326122,SALE,Sales
3701326122,BD,Business Development
3701326131,SALE,Sales
3701326131,ADVR,Advertising
3701326131,BD,Business Development
3701326138,HCPR,Healthcare
3701326151,ADM,Administration
3701326154,SCI,Science
3701326154,MGMT,Management
3701326157,FIN,Finance
3701326157,ENG,Engineering
3701326159,RSCH,Research
3701326159,ANLS,Analytics
3701326159,IT,Information Technology
3701326194,LGL,Legal
3701326199,HCPR,Healthcare
3701326238,OTHR,Other
3701326256,PRDM,Product Management
3701326257,GENB,General Business
3701326362,SALE,Sales
3701326362,CUST,Customer Service
3701326362,OTHR,Other
3701326376,IT,Information Technology
3701326445,EDU,Education
3701326445,PRJM,Project Management
3701326445,IT,Information Technology
3701326504,SALE,Sales
3701326504,ADVR,Advertising
3701326504,BD,Business Development
3701326632,SALE,Sales
3701326632,ADVR,Advertising
3701326632,BD,Business Development
3701326635,IT,Information Technology
3701326637,ENG,Engineering
3701326637,IT,Information Technology
3701326670,ENG,Engineering
3701326670,IT,Information Technology
3701326700,MGMT,Management
3701326700,MNFC,Manufacturing
3701326765,BD,Business Development
3701326766,ACCT,Accounting
3701326766,FIN,Finance
3701326802,SALE,Sales
3701326802,BD,Business Development
3701326902,IT,Information Technology
3701326902,DSGN,Design
3701326902,ENG,Engineering
3701326905,SALE,Sales
3701327001,ACCT,Accounting
3701327001,FIN,Finance
3701327009,MGMT,Management
3701327009,MNFC,Manufacturing
3701327023,ANLS,Analytics
3701327026,DSGN,Design
3701327026,ART,Arts
3701327026,IT,Information Technology
3701327053,ENG,Engineering
3701327053,IT,Information Technology
3701327060,DSGN,Design
3701327060,ART,Arts
3701327060,IT,Information Technology
3701327068,SALE,Sales
3701327068,ADVR,Advertising
3701327068,BD,Business Development
3701327081,FIN,Finance
3701327091,PROD,Product Management
3701327094,ACCT,Accounting
3701327118,ENG,Engineering
3701327118,IT,Information Technology
3701327164,SALE,Sales
3701327164,ADVR,Advertising
3701327164,BD,Business Development
3701327220,SALE,Sales
3701327220,BD,Business Development
3701327258,SALE,Sales
3701327258,ADVR,Advertising
3701327258,BD,Business Development
3701327269,ACCT,Accounting
3701327269,FIN,Finance
3701327283,GENB,General Business
3701327283,MGMT,Management
3701327283,BD,Business Development
3701327313,IT,Information Technology
3701327313,ANLS,Analytics
3701327326,HR,Human Resources
3701327408,ACCT,Accounting
3701327457,DSGN,Design
3701327457,ART,Arts
3701327457,IT,Information Technology
3701327466,CNSL,Consulting
3701327520,IT,Information Technology
3701328038,HR,Human Resources
3701328053,PRJM,Project Management
3701328053,IT,Information Technology
3701328063,BD,Business Development
3701328063,SALE,Sales
3701328086,CNSL,Consulting
3701328088,FIN,Finance
3701328139,MRKT,Marketing
3701328139,PR,Public Relations
3701328139,WRT,Writing
3701328314,FIN,Finance
3701328317,ADM,Administration
3701328346,IT,Information Technology
3701328363,MRKT,Marketing
3701328367,ENG,Engineering
3701328388,RSCH,Research
3701328388,ANLS,Analytics
3701328388,STRA,Strategy
3701328415,ACCT,Accounting
3701328433,MRKT,Marketing
3701328433,SALE,Sales
3701328439,SALE,Sales
3701328439,BD,Business Development
3701328507,IT,Information Technology
3701329061,MRKT,Marketing
3701329061,SALE,Sales
3701329066,PRCH,Procurement
3701329066,SUPL,Supply Chain
3701329066,ADM,Administration
3701329190,IT,Information Technology
3701329262,SALE,Sales
3701329262,ADVR,Advertising
3701329262,BD,Business Development
3701329269,ADM,Administration
3701329285,MRKT,Marketing
3701329285,SALE,Sales
3701329286,FIN,Finance
3701329286,SALE,Sales
3701329327,BD,Business Development
3701329339,HCPR,Healthcare
3701329348,LGL,Legal
3701329373,ENG,Engineering
3701329373,IT,Information Technology
3701329385,RSCH,Research
3701329385,ANLS,Analytics
3701329385,IT,Information Technology
3701329406,PRJM,Project Management
3701329406,HR,Human Resources
3701329406,STRA,Strategy
3701329479,FIN,Finance
3701329479,IT,Information Technology
3701329479,ACCT,Accounting
3701330001,SALE,Sales
3701330001,ADVR,Advertising
3701330001,BD,Business Development
3701330004,ACCT,Accounting
3701330004,FIN,Finance
3701330098,MRKT,Marketing
3701330098,SALE,Sales
3701330140,OTHR,Other
3701330193,BD,Business Development
3701330193,SALE,Sales
3701330193,HCPR,Healthcare
3701330202,IT,Information Technology
3690674396,LGL,Legal
3694137519,HCPR,Healthcare
3694154956,HR,Human Resources
3694158626,ENG,Engineering
3694158626,CUST,Customer Service
3694158626,IT,Information Technology
3694160170,MGMT,Management
3694160170,MNFC,Manufacturing
3699433391,ADM,Administration
3699433396,HCPR,Healthcare
3699434363,ADM,Administration
3701330211,MRKT,Marketing
3701330211,SALE,Sales
3701330218,IT,Information Technology
3701330276,LGL,Legal
3701330311,MGMT,Management
3701330352,IT,Information Technology
3701330368,IT,Information Technology
3701330850,ADM,Administration
3701331004,GENB,General Business
3701331004,OTHR,Other
3701331036,ANLS,Analytics
3701331036,SUPL,Supply Chain
3701331036,STRA,Strategy
3701331074,IT,Information Technology
3701331074,ENG,Engineering
3701331108,IT,Information Technology
3701331108,DSGN,Design
3701331108,ENG,Engineering
3701331185,ACCT,Accounting
3701331185,CUST,Customer Service
3701331733,MGMT,Management
3701331733,MNFC,Manufacturing
3701332027,HR,Human Resources
3701332029,MNFC,Manufacturing
3701332038,IT,Information Technology
3701332080,ENG,Engineering
3701332080,IT,Information Technology
3701332088,MRKT,Marketing
3701332088,PR,Public Relations
3701332088,WRT,Writing
3701332126,SALE,Sales
3701332126,BD,Business Development
3701332193,OTHR,Other
3701332197,FIN,Finance
3701332199,IT,Information Technology
3701332708,ACCT,Accounting
3701332708,FIN,Finance
3701333402,RSCH,Research
3701333402,ANLS,Analytics
3701333402,IT,Information Technology
3701334075,ACCT,Accounting
3701334075,FIN,Finance
3701334287,ANLS,Analytics
3701334287,SUPL,Supply Chain
3701334287,STRA,Strategy
3701335076,MGMT,Management
3701335076,MNFC,Manufacturing
3701336367,ACCT,Accounting
3701336367,FIN,Finance
3701337299,FIN,Finance
3701337299,SALE,Sales
3701340191,LGL,Legal
3701345363,QA,Quality Assurance
3701345851,DSGN,Design
3701345851,ART,Arts
3701345851,IT,Information Technology
3701345859,MGMT,Management
3701345859,MNFC,Manufacturing
3701345914,MRKT,Marketing
3701345914,SALE,Sales
3701346237,ACCT,Accounting
3701346237,FIN,Finance
3701346296,HCPR,Healthcare
3701347369,ENG,Engineering
3701347557,MRKT,Marketing
3701347557,SALE,Sales
3701347774,PRDM,Product Management
3701347774,MRKT,Marketing
3701348771,FIN,Finance
3701348771,SALE,Sales
3701349273,ADM,Administration
3701349927,OTHR,Other
3701350008,MRKT,Marketing
3701350008,SALE,Sales
3701350090,SALE,Sales
3701350090,BD,Business Development
3701350710,EDU,Education
3701350710,TRNG,Training
3701351480,RSCH,Research
3701351480,ANLS,Analytics
3701351480,IT,Information Technology
3701351813,ENG,Engineering
3701352324,OTHR,Other
3701353511,MRKT,Marketing
3701353511,SALE,Sales
3701354143,OTHR,Other
3701354853,ACCT,Accounting
3701354853,FIN,Finance
3701355501,ENG,Engineering
3701355578,MGMT,Management
3701355578,MNFC,Manufacturing
3701355733,OTHR,Other
3701356136,SALE,Sales
3701356136,BD,Business Development
3701356657,SALE,Sales
3701356657,BD,Business Development
3701357371,HCPR,Healthcare
3701357559,MGMT,Management
3701357559,SALE,Sales
3701357660,MGMT,Management
3701357660,MNFC,Manufacturing
3701357812,SALE,Sales
3701357812,BD,Business Development
3701357813,ENG,Engineering
3701357813,IT,Information Technology
3701357982,SALE,Sales
3701357982,BD,Business Development
3675787480,MGMT,Management
3675787480,MNFC,Manufacturing
3694158503,SALE,Sales
3694158503,BD,Business Development
3694159247,WRT,Writing
3694159247,RSCH,Research
3694159247,MRKT,Marketing
3699432764,DSGN,Design
3699432764,PRJM,Project Management
3699432764,ART,Arts
3701358020,ENG,Engineering
3701358305,HCPR,Healthcare
3701358883,MRKT,Marketing
3701358883,SALE,Sales
3701358895,SALE,Sales
3701358895,BD,Business Development
3701358915,MGMT,Management
3701358915,MNFC,Manufacturing
3701358923,HCPR,Healthcare
3701358943,HCPR,Healthcare
3701358950,HCPR,Healthcare
3701358953,HCPR,Healthcare
3701358959,HCPR,Healthcare
3701358987,HCPR,Healthcare
3701358989,HCPR,Healthcare
3701359199,MRKT,Marketing
3701359199,PR,Public Relations
3701359199,WRT,Writing
3701359324,SALE,Sales
3701359324,BD,Business Development
3701359397,IT,Information Technology
3701359420,SALE,Sales
3701359420,BD,Business Development
3701359517,OTHR,Other
3701359585,FIN,Finance
3701359586,SALE,Sales
3701359586,BD,Business Development
3701359589,OTHR,Other
3701359599,OTHR,Other
3701359608,RSCH,Research
3701359608,ANLS,Analytics
3701359608,IT,Information Technology
3701359617,SALE,Sales
3701359617,BD,Business Development
3701359625,MGMT,Management
3701359625,MNFC,Manufacturing
3701359631,HCPR,Healthcare
3701359640,ENG,Engineering
3701359640,IT,Information Technology
3701359641,ADM,Administration
3701359642,HCPR,Healthcare
3701359721,ACCT,Accounting
3701359721,FIN,Finance
3701359741,MGMT,Management
3701359741,MNFC,Manufacturing
3701359799,MGMT,Management
3701359799,MNFC,Manufacturing
3701359851,MGMT,Management
3701359851,MNFC,Manufacturing
3701359883,MGMT,Management
3701359883,MNFC,Manufacturing
3701360241,SALE,Sales
3701360241,BD,Business Development
3701360258,MGMT,Management
3701360258,MNFC,Manufacturing
3701360458,HCPR,Healthcare
3701360463,MGMT,Management
3701360463,MNFC,Manufacturing
3701360476,HCPR,Healthcare
3701360481,ADM,Administration
3701360539,ADM,Administration
3701360541,SALE,Sales
3701360541,BD,Business Development
3701360560,ENG,Engineering
3701360560,IT,Information Technology
3701360597,OTHR,Other
3701360639,MGMT,Management
3701360639,SALE,Sales
3701360668,IT,Information Technology
3701360740,SALE,Sales
3701360740,MGMT,Management
3701360771,HCPR,Healthcare
3701360771,CUST,Customer Service
3701360806,ENG,Engineering
3701360806,IT,Information Technology
3701360810,HR,Human Resources
3701360821,ENG,Engineering
3701360821,IT,Information Technology
3701360855,IT,Information Technology
3701360881,ACCT,Accounting
3701360881,FIN,Finance
3701360963,RSCH,Research
3701360963,ANLS,Analytics
3701360963,IT,Information Technology
3701360987,OTHR,Other
3701361186,ENG,Engineering
3701361188,ENG,Engineering
3701361340,PROD,Product Management
3701361341,OTHR,Other
3701361380,SALE,Sales
3701361380,BD,Business Development
3701361398,SALE,Sales
3701361398,BD,Business Development
3701361403,MGMT,Management
3701361403,MNFC,Manufacturing
3701361426,HCPR,Healthcare
3701361505,ENG,Engineering
3701361505,IT,Information Technology
3701361642,SUPL,Supply Chain
3701361682,OTHR,Other
3701361733,RSCH,Research
3701361733,ANLS,Analytics
3701361733,IT,Information Technology
3701361837,OTHR,Other
3701361884,RSCH,Research
3701361884,ANLS,Analytics
3701361884,IT,Information Technology
3701361897,ADM,Administration
3701361897,PRDM,Product Management
3701361898,RSCH,Research
3701361898,ANLS,Analytics
3701361898,IT,Information Technology
3701361923,SALE,Sales
3701361923,MGMT,Management
3701361977,HCPR,Healthcare
3701361978,HCPR,Healthcare
3701361986,MGMT,Management
3701361986,MNFC,Manufacturing
3701361994,SALE,Sales
3701361994,BD,Business Development
3701361995,SALE,Sales
3701361995,BD,Business Development
3701362186,SALE,Sales
3701362186,BD,Business Development
3701362404,SALE,Sales
3701362404,BD,Business Development
3701362418,RSCH,Research
3701362418,ANLS,Analytics
3701362418,IT,Information Technology
3701362436,HCPR,Healthcare
3701362447,HR,Human Resources
3701362454,RSCH,Research
3701362454,ANLS,Analytics
3701362454,IT,Information Technology
3701362458,SALE,Sales
3701362458,BD,Business Development
3701362459,ADM,Administration
3701362466,HCPR,Healthcare
3701362506,SALE,Sales
3701362506,BD,Business Development
3694155802,LGL,Legal
3699431844,IT,Information Technology
3699431844,FIN,Finance
3699431844,ENG,Engineering
3701362508,PRJM,Project Management
3701362508,IT,Information Technology
3701362538,OTHR,Other
3701362581,QA,Quality Assurance
3701362595,SUPL,Supply Chain
3701362626,OTHR,Other
3701362652,HR,Human Resources
3701362655,ACCT,Accounting
3701362655,FIN,Finance
3701362669,OTHR,Other
3701362707,MRKT,Marketing
3701362707,PR,Public Relations
3701362707,WRT,Writing
3701362734,SALE,Sales
3701362734,BD,Business Development
3701362756,DSGN,Design
3701362756,ART,Arts
3701362756,IT,Information Technology
3701362788,PRJM,Project Management
3701362788,IT,Information Technology
3701362840,QA,Quality Assurance
3701362851,IT,Information Technology
3701362867,MRKT,Marketing
3701362882,ENG,Engineering
3701362882,IT,Information Technology
3701362885,PRJM,Project Management
3701362885,IT,Information Technology
3701362960,MGMT,Management
3701362960,MNFC,Manufacturing
3701362970,EDU,Education
3701362970,TRNG,Training
3701363139,BD,Business Development
3701363139,SALE,Sales
3701363140,PRCH,Procurement
3701363140,SUPL,Supply Chain
3701363164,SALE,Sales
3701363164,BD,Business Development
3701363168,SALE,Sales
3701363168,BD,Business Development
3701363292,SALE,Sales
3701363292,BD,Business Development
3701363325,ENG,Engineering
3701363356,MGMT,Management
3701363356,MNFC,Manufacturing
3701363362,MRKT,Marketing
3701363362,PR,Public Relations
3701363362,WRT,Writing
3701363371,RSCH,Research
3701363371,ANLS,Analytics
3701363371,IT,Information Technology
3701363372,SALE,Sales
3701363372,BD,Business Development
3701363396,HCPR,Healthcare
3701363403,HCPR,Healthcare
3701363404,HCPR,Healthcare
3701363414,HCPR,Healthcare
3701363415,RSCH,Research
3701363415,ANLS,Analytics
3701363415,IT,Information Technology
3701363478,MGMT,Management
3701363478,MNFC,Manufacturing
3701363489,OTHR,Other
3701363490,MGMT,Management
3701363490,MNFC,Manufacturing
3701363493,MGMT,Management
3701363493,MNFC,Manufacturing
3701363507,ADM,Administration
3701363512,BD,Business Development
3701363512,SALE,Sales
3701363521,QA,Quality Assurance
3701363523,IT,Information Technology
3701363539,OTHR,Other
3701363571,DSGN,Design
3701363571,ART,Arts
3701363571,IT,Information Technology
3701363631,SALE,Sales
3701363631,BD,Business Development
3701363647,MGMT,Management
3701363647,MNFC,Manufacturing
3701363649,MGMT,Management
3701363649,MNFC,Manufacturing
3701363659,OTHR,Other
3701363716,ENG,Engineering
3701363716,IT,Information Technology
3701363732,ENG,Engineering
3701363732,IT,Information Technology
3701363755,RSCH,Research
3701363755,ANLS,Analytics
3701363755,IT,Information Technology
3701363763,IT,Information Technology
3701363828,OTHR,Other
3701363851,MGMT,Management
3701363851,MNFC,Manufacturing
3701363874,OTHR,Other
3701363874,IT,Information Technology
3701363874,MGMT,Management
3701363932,MGMT,Management
3701363932,MNFC,Manufacturing
3701363992,OTHR,Other
3701364132,SALE,Sales
3701364132,BD,Business Development
3701364346,MGMT,Management
3701364346,MNFC,Manufacturing
3701364347,HCPR,Healthcare
3701364364,EDU,Education
3701364364,TRNG,Training
3701364369,SALE,Sales
3701364369,BD,Business Development
3701364372,IT,Information Technology
3701364380,RSCH,Research
3701364380,ANLS,Analytics
3701364380,IT,Information Technology
3701364381,HCPR,Healthcare
3701364383,HCPR,Healthcare
3701364384,RSCH,Research
3701364384,ANLS,Analytics
3701364384,IT,Information Technology
3701364389,HCPR,Healthcare
3701364392,RSCH,Research
3701364392,ANLS,Analytics
3701364392,IT,Information Technology
3701364393,HCPR,Healthcare
3701364394,HCPR,Healthcare
3701364463,FIN,Finance
3701364463,SALE,Sales
3701364483,DSGN,Design
3701364483,ART,Arts
3701364483,IT,Information Technology
3701364484,MRKT,Marketing
3701364484,PR,Public Relations
3701364484,WRT,Writing
3701364496,MNFC,Manufacturing
3701364499,ENG,Engineering
3701364499,IT,Information Technology
3694155805,SALE,Sales
3694155805,BD,Business Development
3694155806,DSGN,Design
3694155806,ART,Arts
3694155806,IT,Information Technology
3694157661,DSGN,Design
3694157661,ART,Arts
3694157661,IT,Information Technology
3694157662,DSGN,Design
3694157662,ART,Arts
3694157662,IT,Information Technology
3694159242,ADM,Administration
3694160158,ADM,Administration
3694160159,DSGN,Design
3694160159,ART,Arts
3694160159,IT,Information Technology
3694160160,SALE,Sales
3694160160,BD,Business Development
3694160161,OTHR,Other
3694162004,OTHR,Other
3699435541,SALE,Sales
3699435541,BD,Business Development
3699435541,STRA,Strategy
3701364516,LGL,Legal
3701364588,IT,Information Technology
3701364601,MGMT,Management
3701364601,MNFC,Manufacturing
3701364616,MRKT,Marketing
3701364616,SALE,Sales
3701364633,OTHR,Other
3701364660,SALE,Sales
3701364660,MGMT,Management
3701364666,OTHR,Other
3701364831,IT,Information Technology
3701364845,RSCH,Research
3701364845,ANLS,Analytics
3701364845,IT,Information Technology
3701364869,SUPL,Supply Chain
3701364940,MGMT,Management
3701364940,MNFC,Manufacturing
3701364941,OTHR,Other
3701364977,ENG,Engineering
3701364977,IT,Information Technology
3701364982,HCPR,Healthcare
3701365027,MGMT,Management
3701365027,MNFC,Manufacturing
3701365050,HCPR,Healthcare
3701365052,RSCH,Research
3701365052,ANLS,Analytics
3701365052,IT,Information Technology
3701365139,MGMT,Management
3701365139,MNFC,Manufacturing
3701365154,MRKT,Marketing
3701365154,PR,Public Relations
3701365154,WRT,Writing
3701365163,MGMT,Management
3701365163,MNFC,Manufacturing
3701365192,OTHR,Other
3701365196,MRKT,Marketing
3701365196,SALE,Sales
3701365307,OTHR,Other
3701365371,OTHR,Other
3701365380,SALE,Sales
3701365380,BD,Business Development
3701365464,HR,Human Resources
3701365466,SUPL,Supply Chain
3701365499,OTHR,Other
3701365503,MRKT,Marketing
3701365503,SALE,Sales
3701365510,OTHR,Other
3701365515,MRKT,Marketing
3701365515,PR,Public Relations
3701365515,WRT,Writing
3701365523,RSCH,Research
3701365523,ANLS,Analytics
3701365523,IT,Information Technology
3701365570,MRKT,Marketing
3701365570,SALE,Sales
3701365627,MRKT,Marketing
3701365627,SALE,Sales
3701365640,HR,Human Resources
3701365644,MGMT,Management
3701365644,MNFC,Manufacturing
3701365668,MGMT,Management
3701365668,MNFC,Manufacturing
3701365680,ENG,Engineering
3701365680,IT,Information Technology
3701365736,HCPR,Healthcare
3701365741,HR,Human Resources
3701365763,MGMT,Management
3701365763,MNFC,Manufacturing
3701365799,MGMT,Management
3701365799,MNFC,Manufacturing
3701365810,OTHR,Other
3701365826,MRKT,Marketing
3701365826,PR,Public Relations
3701365826,WRT,Writing
3701365836,HCPR,Healthcare
3701365875,MGMT,Management
3701365875,MNFC,Manufacturing
3701365888,HCPR,Healthcare
3701365892,HCPR,Healthcare
3701365899,MGMT,Management
3701365899,MNFC,Manufacturing
3701365934,OTHR,Other
3701365939,IT,Information Technology
3701365949,OTHR,Other
3701365951,OTHR,Other
3701365959,IT,Information Technology
3701365965,MGMT,Management
3701365965,MNFC,Manufacturing
3701365976,ENG,Engineering
3701365976,IT,Information Technology
3701365988,HCPR,Healthcare
3701366018,SALE,Sales
3701366018,BD,Business Development
3701366020,HCPR,Healthcare
3701366028,LGL,Legal
3701366040,FIN,Finance
3701366040,SALE,Sales
3701366043,SALE,Sales
3701366043,BD,Business Development
3701366128,MGMT,Management
3701366128,MNFC,Manufacturing
3701366243,ENG,Engineering
3701366243,IT,Information Technology
3701366278,OTHR,Other
3701366301,QA,Quality Assurance
3701366303,MGMT,Management
3701366303,MNFC,Manufacturing
3701366370,MGMT,Management
3701366370,MNFC,Manufacturing
3701366401,ENG,Engineering
3701366401,IT,Information Technology
3701366451,SALE,Sales
3701366451,MGMT,Management
3701366475,HCPR,Healthcare
3701366480,MRKT,Marketing
3701366480,SALE,Sales
3701366534,MGMT,Management
3701366534,MNFC,Manufacturing
3701366556,HCPR,Healthcare
3701366618,OTHR,Other
3701366650,HCPR,Healthcare
3701366691,EDU,Education
3701366691,TRNG,Training
3701366721,SALE,Sales
3701366721,BD,Business Development
3699434489,OTHR,Other
3701366731,OTHR,Other
3701366732,IT,Information Technology
3701366767,SALE,Sales
3701366767,BD,Business Development
3701366794,ENG,Engineering
3701366794,IT,Information Technology
3701366817,ENG,Engineering
3701366817,IT,Information Technology
3701366818,LGL,Legal
3701366818,GENB,General Business
3701366868,SALE,Sales
3701366868,ENG,Engineering
3701366874,MGMT,Management
3701366874,MNFC,Manufacturing
3701366885,SALE,Sales
3701366885,BD,Business Development
3701366906,MGMT,Management
3701366906,MNFC,Manufacturing
3701366940,HCPR,Healthcare
3701366947,ENG,Engineering
3701366947,IT,Information Technology
3701366969,QA,Quality Assurance
3701366976,ADM,Administration
3701367031,ENG,Engineering
3701367031,IT,Information Technology
3701367032,MGMT,Management
3701367032,MNFC,Manufacturing
3701367033,FIN,Finance
3701367033,SALE,Sales
3701367089,OTHR,Other
3701367137,EDU,Education
3701367137,TRNG,Training
3701367153,OTHR,Other
3701367216,MGMT,Management
3701367216,MNFC,Manufacturing
3701367225,ENG,Engineering
3701367225,IT,Information Technology
3701367270,ENG,Engineering
3701367270,IT,Information Technology
3701367284,RSCH,Research
3701367284,ANLS,Analytics
3701367284,IT,Information Technology
3701367299,HCPR,Healthcare
3701367338,ACCT,Accounting
3701367338,FIN,Finance
3701367340,HCPR,Healthcare
3701367398,IT,Information Technology
3701367398,PRDM,Product Management
3701367403,DSGN,Design
3701367403,ART,Arts
3701367403,IT,Information Technology
3701367414,DSGN,Design
3701367414,ART,Arts
3701367414,IT,Information Technology
3701367451,MGMT,Management
3701367451,MNFC,Manufacturing
3701367455,MGMT,Management
3701367455,MNFC,Manufacturing
3701367465,HCPR,Healthcare
3701367526,OTHR,Other
3701367543,MGMT,Management
3701367543,MNFC,Manufacturing
3701367597,BD,Business Development
3701367632,ACCT,Accounting
3701367632,FIN,Finance
3701367641,LGL,Legal
3701367685,FIN,Finance
3701367685,SALE,Sales
3701367716,OTHR,Other
3701367731,ENG,Engineering
3701367731,IT,Information Technology
3701367739,HCPR,Healthcare
3701367748,SALE,Sales
3701367748,BD,Business Development
3701367766,CNSL,Consulting
3701367766,IT,Information Technology
3701367766,SALE,Sales
3701367782,ADM,Administration
3701367805,SALE,Sales
3701367805,BD,Business Development
3701367818,QA,Quality Assurance
3701367819,ENG,Engineering
3701367820,ENG,Engineering
3701367820,IT,Information Technology
3701367821,RSCH,Research
3701367821,ANLS,Analytics
3701367821,IT,Information Technology
3701367864,SALE,Sales
3701367864,BD,Business Development
3701367874,LGL,Legal
3701367875,SALE,Sales
3701367875,MGMT,Management
3701367880,SALE,Sales
3701367880,MGMT,Management
3701367963,MGMT,Management
3701367963,MNFC,Manufacturing
3701367968,FIN,Finance
3701367968,ENG,Engineering
3701367968,IT,Information Technology
3701367969,LGL,Legal
3701367971,IT,Information Technology
3701367990,ACCT,Accounting
3701367990,FIN,Finance
3701367995,OTHR,Other
3701368079,IT,Information Technology
3701368080,MGMT,Management
3701368080,MNFC,Manufacturing
3701368105,MGMT,Management
3701368105,MNFC,Manufacturing
3701368178,ADM,Administration
3701368179,HR,Human Resources
3701368196,OTHR,Other
3701368290,OTHR,Other
3701368304,MGMT,Management
3701368304,MNFC,Manufacturing
3701368308,RSCH,Research
3701368308,ANLS,Analytics
3701368308,IT,Information Technology
3701368317,CUST,Customer Service
3701368353,MGMT,Management
3701368353,MNFC,Manufacturing
3701368372,MGMT,Management
3701368372,CNSL,Consulting
3701368372,ENG,Engineering
3701368416,ENG,Engineering
3701368416,IT,Information Technology
3701368436,MGMT,Management
3701368436,MNFC,Manufacturing
3701368441,FIN,Finance
3701368441,SALE,Sales
3701368454,MGMT,Management
3701368454,MNFC,Manufacturing
3701368465,LGL,Legal
3701368540,ADM,Administration
3701368572,IT,Information Technology
3701368575,OTHR,Other
3701368584,ENG,Engineering
3701368586,IT,Information Technology
3701368586,ENG,Engineering
3701368595,MGMT,Management
3701368595,MNFC,Manufacturing
3701368610,ENG,Engineering
3701368610,IT,Information Technology
3701368625,PRJM,Project Management
3701368625,IT,Information Technology
3701368628,IT,Information Technology
3701368658,SALE,Sales
3701368658,BD,Business Development
3701368676,EDU,Education
3701368676,TRNG,Training
3701368687,HCPR,Healthcare
3701368690,HCPR,Healthcare
3679202159,BD,Business Development
3679202159,FIN,Finance
3679202159,PRJM,Project Management
3694155849,MGMT,Management
3694155849,MNFC,Manufacturing
3694156773,ACCT,Accounting
3694156773,FIN,Finance
3694158726,OTHR,Other
3694158726,ANLS,Analytics
3694158726,WRT,Writing
3694159344,OTHR,Other
3694159344,ANLS,Analytics
3694159344,WRT,Writing
3699431939,SALE,Sales
3699431939,CUST,Customer Service
3699436308,SALE,Sales
3699436308,CUST,Customer Service
3699437037,SALE,Sales
3699437037,CUST,Customer Service
3701368722,MGMT,Management
3701368722,MNFC,Manufacturing
3701368832,PRJM,Project Management
3701368832,IT,Information Technology
3701368849,MGMT,Management
3701368849,MNFC,Manufacturing
3701368854,BD,Business Development
3701368854,SALE,Sales
3701368858,IT,Information Technology
3701368875,ENG,Engineering
3701368875,IT,Information Technology
3701368877,ENG,Engineering
3701368877,SCI,Science
3701368877,IT,Information Technology
3701368882,OTHR,Other
3701368922,PROD,Product Management
3701368922,ENG,Engineering
3701368922,OTHR,Other
3701368927,HCPR,Healthcare
3701368965,FIN,Finance
3701368965,SALE,Sales
3701368974,HCPR,Healthcare
3701368976,RSCH,Research
3701368976,ANLS,Analytics
3701368976,IT,Information Technology
3701368978,MGMT,Management
3701368978,DIST,Distribution
3701368995,DSGN,Design
3701368995,ART,Arts
3701368995,IT,Information Technology
3701369019,EDU,Education
3701369019,TRNG,Training
3701369034,OTHR,Other
3701369061,HCPR,Healthcare
3701369112,IT,Information Technology
3701369121,CUST,Customer Service
3701369170,MRKT,Marketing
3701369170,SALE,Sales
3701369186,HR,Human Resources
3701369196,HCPR,Healthcare
3701369197,MRKT,Marketing
3701369197,PR,Public Relations
3701369197,WRT,Writing
3701369200,MRKT,Marketing
3701369200,PR,Public Relations
3701369200,WRT,Writing
3701369237,MGMT,Management
3701369237,MNFC,Manufacturing
3701369238,OTHR,Other
3701369240,OTHR,Other
3701369242,CUST,Customer Service
3701369254,PRDM,Product Management
3701369254,MRKT,Marketing
3701369267,HCPR,Healthcare
3701369269,MGMT,Management
3701369269,MNFC,Manufacturing
3701369271,LGL,Legal
3701369308,IT,Information Technology
3701369315,IT,Information Technology
3701369316,ENG,Engineering
3701369316,IT,Information Technology
3701369319,OTHR,Other
3701369324,IT,Information Technology
3701369324,CNSL,Consulting
3701369324,ENG,Engineering
3701369360,MGMT,Management
3701369360,MNFC,Manufacturing
3701369379,LGL,Legal
3701369402,CUST,Customer Service
3701369402,SALE,Sales
3701369402,BD,Business Development
3701369410,SALE,Sales
3701369410,BD,Business Development
3701369419,ENG,Engineering
3701369419,IT,Information Technology
3701369446,PRJM,Project Management
3701369446,IT,Information Technology
3701369456,OTHR,Other
3701369499,PRJM,Project Management
3701369499,IT,Information Technology
3701369503,BD,Business Development
3701369503,ENG,Engineering
3701369503,MRKT,Marketing
3701369516,SALE,Sales
3701369516,BD,Business Development
3701369531,SALE,Sales
3701369531,BD,Business Development
3701369534,IT,Information Technology
3701369535,OTHR,Other
3701369535,SCI,Science
3701369552,SALE,Sales
3701369552,BD,Business Development
3701369555,OTHR,Other
3701369569,EDU,Education
3701369569,TRNG,Training
3701369571,ENG,Engineering
3701369571,IT,Information Technology
3701369578,MGMT,Management
3701369578,MNFC,Manufacturing
3701369579,IT,Information Technology
3701369580,MGMT,Management
3701369580,MNFC,Manufacturing
3701369584,MNFC,Manufacturing
3701369584,PROD,Product Management
3701369586,HCPR,Healthcare
3701369601,HCPR,Healthcare
3701369611,MGMT,Management
3701369611,MNFC,Manufacturing
3701369616,SALE,Sales
3701369616,BD,Business Development
3701369635,EDU,Education
3701369635,TRNG,Training
3701369642,FIN,Finance
3701369642,SALE,Sales
3701369644,FIN,Finance
3701369644,SALE,Sales
3701369652,FIN,Finance
3701369652,SALE,Sales
3701369660,FIN,Finance
3701369660,SALE,Sales
529257371,DSGN,Design
529257371,ART,Arts
529257371,IT,Information Technology
3694154636,RSCH,Research
3694154636,ANLS,Analytics
3694154636,IT,Information Technology
3694157708,SALE,Sales
3694157708,BD,Business Development
3694157819,MRKT,Marketing
3694157819,PR,Public Relations
3694157819,WRT,Writing
3694158661,SALE,Sales
3694158661,BD,Business Development
3694158744,OTHR,Other
3694158744,ANLS,Analytics
3694158744,WRT,Writing
3694158757,OTHR,Other
3694158757,ANLS,Analytics
3694158757,WRT,Writing
3699430964,FIN,Finance
3699430964,SALE,Sales
3699430967,ACCT,Accounting
3699430967,FIN,Finance
3699432810,ACCT,Accounting
3699432810,FIN,Finance
3699434657,ENG,Engineering
3699434657,IT,Information Technology
3699434657,PRDM,Product Management
3699436243,FIN,Finance
3699436243,SALE,Sales
3701369678,FIN,Finance
3701369678,SALE,Sales
3701369719,ENG,Engineering
3701369719,IT,Information Technology
3701369720,MRKT,Marketing
3701369720,SALE,Sales
3701369723,HCPR,Healthcare
3701369726,SALE,Sales
3701369726,BD,Business Development
3701369732,MGMT,Management
3701369732,CNSL,Consulting
3701369746,ENG,Engineering
3701369746,IT,Information Technology
3701369748,FIN,Finance
3701369748,ENG,Engineering
3701369748,IT,Information Technology
3701369751,MRKT,Marketing
3701369751,PR,Public Relations
3701369751,WRT,Writing
3701369762,MGMT,Management
3701369762,MNFC,Manufacturing
3701369773,BD,Business Development
3701369773,ENG,Engineering
3701369773,MRKT,Marketing
3701369780,HCPR,Healthcare
3701369784,ENG,Engineering
3701369784,MNFC,Manufacturing
3701369784,PRJM,Project Management
3701369787,HCPR,Healthcare
3701369805,ENG,Engineering
3701369805,IT,Information Technology
3701369814,HCPR,Healthcare
3701369814,ADM,Administration
3701369846,HCPR,Healthcare
3701369859,DSGN,Design
3701369859,ART,Arts
3701369859,IT,Information Technology
3701369864,HR,Human Resources
3701369869,ENG,Engineering
3701369869,IT,Information Technology
3701369892,PRJM,Project Management
3701369892,IT,Information Technology
3701369965,EDU,Education
3701369965,TRNG,Training
3701369969,QA,Quality Assurance
3701369976,MGMT,Management
3701369976,MNFC,Manufacturing
3701369977,HR,Human Resources
3701369983,HR,Human Resources
3701369984,ENG,Engineering
3701369984,DSGN,Design
3701369984,SUPL,Supply Chain
3701369986,SALE,Sales
3701369986,BD,Business Development
3701369992,MNFC,Manufacturing
3701369992,ENG,Engineering
3701370062,ENG,Engineering
3701370062,IT,Information Technology
3701370086,MGMT,Management
3701370086,MNFC,Manufacturing
3701370135,SALE,Sales
3701370135,BD,Business Development
3701370177,HCPR,Healthcare
3701370178,HCPR,Healthcare
3701370225,HCPR,Healthcare
3701370228,HCPR,Healthcare
3701370248,HCPR,Healthcare
3701370259,HCPR,Healthcare
3701370325,OTHR,Other
3701370335,ENG,Engineering
3701370335,IT,Information Technology
3701370340,PRDM,Product Management
3701370340,MRKT,Marketing
3701370345,BD,Business Development
3701370345,SALE,Sales
3701370352,LGL,Legal
3701370352,GENB,General Business
3701370437,SALE,Sales
3701370437,BD,Business Development
3701370528,HR,Human Resources
3701370531,MGMT,Management
3701370531,MNFC,Manufacturing
3701370543,MGMT,Management
3701370543,MNFC,Manufacturing
3701370575,MGMT,Management
3701370575,MNFC,Manufacturing
3701370581,BD,Business Development
3701370581,ENG,Engineering
3701370581,MRKT,Marketing
3701370583,GENB,General Business
3701370583,STRA,Strategy
3701370591,MRKT,Marketing
3701370591,ANLS,Analytics
3701370604,OTHR,Other
3701370607,PROD,Product Management
3701370607,MNFC,Manufacturing
3701370623,ENG,Engineering
3701370623,IT,Information Technology
3701370667,LGL,Legal
3701370688,SALE,Sales
3701370688,BD,Business Development
3701370745,SALE,Sales
3701370745,BD,Business Development
3701370754,ENG,Engineering
3701370754,IT,Information Technology
3701370755,LGL,Legal
3701370758,IT,Information Technology
3701370761,DSGN,Design
3701370761,ART,Arts
3701370761,IT,Information Technology
3701370763,IT,Information Technology
3701370772,PRCH,Procurement
3701370772,SUPL,Supply Chain
3701370814,HCPR,Healthcare
3701370834,MGMT,Management
3701370834,MNFC,Manufacturing
3701370834,QA,Quality Assurance
3701370844,CUST,Customer Service
3701370848,FIN,Finance
3701370848,SALE,Sales
3701370849,MNFC,Manufacturing
3701370849,SUPL,Supply Chain
3701370849,OTHR,Other
3701370865,HCPR,Healthcare
3701370866,HCPR,Healthcare
3701370867,IT,Information Technology
3701370875,OTHR,Other
3701370883,HCPR,Healthcare
3701370957,HCPR,Healthcare
3701370958,MGMT,Management
3701370958,MNFC,Manufacturing
3701370964,PRJM,Project Management
3701370964,IT,Information Technology
3701370967,MGMT,Management
3701370967,MNFC,Manufacturing
3694157734,DIST,Distribution
3694157828,BD,Business Development
3694157828,SALE,Sales
3694157828,IT,Information Technology
3694157840,ACCT,Accounting
3694157840,FIN,Finance
3699432779,ENG,Engineering
3699432779,IT,Information Technology
3699434720,SALE,Sales
3699434720,CUST,Customer Service
3699435686,ENG,Engineering
3699438096,SALE,Sales
3699438096,CUST,Customer Service
3701370987,PRCH,Procurement
3701370987,SUPL,Supply Chain
3701371029,MGMT,Management
3701371029,MNFC,Manufacturing
3701371041,ACCT,Accounting
3701371041,FIN,Finance
3701371066,SALE,Sales
3701371066,MGMT,Management
3701371097,MGMT,Management
3701371097,MNFC,Manufacturing
3701371098,IT,Information Technology
3701371098,ENG,Engineering
3701371117,IT,Information Technology
3701371117,ENG,Engineering
3701371156,MRKT,Marketing
3701371156,PR,Public Relations
3701371156,WRT,Writing
3701371172,ENG,Engineering
3701371172,IT,Information Technology
3701371177,ACCT,Accounting
3701371177,FIN,Finance
3701371185,OTHR,Other
3701371195,RSCH,Research
3701371195,ANLS,Analytics
3701371195,IT,Information Technology
3701371202,OTHR,Other
3701371217,HCPR,Healthcare
3701371223,BD,Business Development
3701371223,SALE,Sales
3701371235,ENG,Engineering
3701371235,MNFC,Manufacturing
3701371296,ENG,Engineering
3701371296,IT,Information Technology
3701371298,ENG,Engineering
3701371298,IT,Information Technology
3701371311,MGMT,Management
3701371311,MNFC,Manufacturing
3701371327,HCPR,Healthcare
3701371332,IT,Information Technology
3701371389,DSGN,Design
3701371389,ART,Arts
3701371389,IT,Information Technology
3701371425,MGMT,Management
3701371425,MNFC,Manufacturing
3701371472,MGMT,Management
3701371472,MNFC,Manufacturing
3701371474,OTHR,Other
3701371480,SALE,Sales
3701371480,BD,Business Development
3701371485,MGMT,Management
3701371485,MNFC,Manufacturing
3701371520,SALE,Sales
3701371520,BD,Business Development
3701371521,SALE,Sales
3701371521,BD,Business Development
3701371522,SALE,Sales
3701371522,BD,Business Development
3701371531,ADM,Administration
3701371531,GENB,General Business
3701371535,DSGN,Design
3701371535,ART,Arts
3701371535,IT,Information Technology
3701371540,ACCT,Accounting
3701371540,FIN,Finance
3701371542,PRJM,Project Management
3701371542,OTHR,Other
3701371548,MGMT,Management
3701371548,MNFC,Manufacturing
3701371549,BD,Business Development
3701371549,SALE,Sales
3701371556,BD,Business Development
3701371556,ENG,Engineering
3701371556,MRKT,Marketing
3701371605,FIN,Finance
3701371605,SALE,Sales
3701371610,FIN,Finance
3701371610,SALE,Sales
3701371611,FIN,Finance
3701371611,SALE,Sales
3701371622,FIN,Finance
3701371622,SALE,Sales
3701371660,FIN,Finance
3701371660,SALE,Sales
3701371673,ADM,Administration
3701371687,ENG,Engineering
3701371687,IT,Information Technology
3701371698,DSGN,Design
3701371699,MRKT,Marketing
3701371704,SALE,Sales
3701371704,BD,Business Development
3701371707,MGMT,Management
3701371707,MNFC,Manufacturing
3701371709,IT,Information Technology
3701371730,MGMT,Management
3701371730,MNFC,Manufacturing
3701371763,PRJM,Project Management
3701371763,IT,Information Technology
3701371784,MNFC,Manufacturing
3701371784,ENG,Engineering
3701371795,BD,Business Development
3701371795,SALE,Sales
3701371796,OTHR,Other
3701371801,MGMT,Management
3701371801,MNFC,Manufacturing
3701371823,HCPR,Healthcare
3701371851,PRJM,Project Management
3701371851,IT,Information Technology
3701371855,MGMT,Management
3701371855,MNFC,Manufacturing
3701371856,ENG,Engineering
3701371856,IT,Information Technology
3701371901,IT,Information Technology
3701371910,ADM,Administration
3701371927,EDU,Education
3701371927,TRNG,Training
3701371930,HCPR,Healthcare
3701371940,HR,Human Resources
3701371944,HR,Human Resources
3701371946,MGMT,Management
3701371946,MNFC,Manufacturing
3701371947,HR,Human Resources
3701371951,HR,Human Resources
3701371955,HR,Human Resources
3694161237,MGMT,Management
3694161237,MNFC,Manufacturing
3694162102,MGMT,Management
3694162102,MNFC,Manufacturing
3699429960,SALE,Sales
3699429998,ENG,Engineering
3699429998,IT,Information Technology
3699432861,SALE,Sales
3699432861,BD,Business Development
3699432862,MGMT,Management
3699432862,MNFC,Manufacturing
3699433655,ENG,Engineering
3699433655,IT,Information Technology
3699434596,SALE,Sales
3699434623,ENG,Engineering
3699434623,IT,Information Technology
3699434624,BD,Business Development
3699434624,SALE,Sales
3699435594,ENG,Engineering
3699435594,IT,Information Technology
3699436294,PRCH,Procurement
3699436294,SUPL,Supply Chain
3699436295,QA,Quality Assurance
3699437154,SALE,Sales
3701371958,HR,Human Resources
3701371959,HCPR,Healthcare
3701371963,HR,Human Resources
3701371965,HR,Human Resources
3701371973,RSCH,Research
3701371973,ANLS,Analytics
3701371973,IT,Information Technology
3701371978,BD,Business Development
3701371978,MGMT,Management
3701371986,ENG,Engineering
3701371986,IT,Information Technology
3701372010,MGMT,Management
3701372010,MNFC,Manufacturing
3701372022,OTHR,Other
3701372025,ENG,Engineering
3701372025,IT,Information Technology
3701372036,IT,Information Technology
3701372036,ENG,Engineering
3701372108,HCPR,Healthcare
3701372112,HCPR,Healthcare
3701372148,ACCT,Accounting
3701372148,FIN,Finance
3701372149,ACCT,Accounting
3701372149,FIN,Finance
3701372153,MGMT,Management
3701372153,MNFC,Manufacturing
3701372180,HCPR,Healthcare
3701372186,FIN,Finance
3701372186,SALE,Sales
3701372197,SALE,Sales
3701372197,BD,Business Development
3701372201,MGMT,Management
3701372201,MNFC,Manufacturing
3701372217,ENG,Engineering
3701372217,IT,Information Technology
3701372246,CUST,Customer Service
3701372253,ENG,Engineering
3701372253,IT,Information Technology
3701372265,LGL,Legal
3701372265,GENB,General Business
3701372291,ADM,Administration
3701372312,LGL,Legal
3701372315,HCPR,Healthcare
3701372332,ENG,Engineering
3701372332,IT,Information Technology
3701372353,HCPR,Healthcare
3701372395,ENG,Engineering
3701372395,IT,Information Technology
3701372445,IT,Information Technology
3701372446,IT,Information Technology
3701372447,MRKT,Marketing
3701372447,PR,Public Relations
3701372447,WRT,Writing
3701372509,OTHR,Other
3701372513,SALE,Sales
3701372513,BD,Business Development
3701372522,ACCT,Accounting
3701372522,FIN,Finance
3701372523,IT,Information Technology
3701372524,PRJM,Project Management
3701372524,IT,Information Technology
3701372533,ENG,Engineering
3701372595,LGL,Legal
3701372600,FIN,Finance
3701372600,SALE,Sales
3701372633,IT,Information Technology
3701372639,FIN,Finance
3701372639,OTHR,Other
3701372671,IT,Information Technology
3701372676,FIN,Finance
3701372676,SALE,Sales
3701372682,SALE,Sales
3701372682,BD,Business Development
3701372694,PRJM,Project Management
3701372694,IT,Information Technology
3701372699,OTHR,Other
3701372710,ENG,Engineering
3701372710,IT,Information Technology
3701372739,HCPR,Healthcare
3701372748,HCPR,Healthcare
3701372766,MRKT,Marketing
3701372766,SALE,Sales
3701372767,MGMT,Management
3701372767,MNFC,Manufacturing
3701372789,MGMT,Management
3701372789,MNFC,Manufacturing
3701372792,MGMT,Management
3701372792,MNFC,Manufacturing
3701372798,SALE,Sales
3701372798,BD,Business Development
3701372805,MGMT,Management
3701372805,MNFC,Manufacturing
3701372806,HCPR,Healthcare
3701372820,OTHR,Other
3701372835,ENG,Engineering
3701372835,IT,Information Technology
3701372837,ENG,Engineering
3701372837,IT,Information Technology
3701372838,MGMT,Management
3701372838,MNFC,Manufacturing
3701372843,MGMT,Management
3701372843,MNFC,Manufacturing
3701372900,IT,Information Technology
3701372936,MGMT,Management
3701372936,MNFC,Manufacturing
3701372938,HR,Human Resources
3701372940,HR,Human Resources
3701372945,HR,Human Resources
3701372953,HR,Human Resources
3701372955,OTHR,Other
3701372956,HR,Human Resources
3701372969,HCPR,Healthcare
3701372993,MRKT,Marketing
3701372995,MGMT,Management
3701372995,MNFC,Manufacturing
3701373067,ENG,Engineering
3701373067,IT,Information Technology
3701373090,ENG,Engineering
3701373090,IT,Information Technology
3701373159,PRJM,Project Management
3701373159,IT,Information Technology
3694155918,OTHR,Other
3694155918,IT,Information Technology
3694155918,MGMT,Management
3694155946,MGMT,Management
3694155946,MNFC,Manufacturing
3694156834,OTHR,Other
3694156834,IT,Information Technology
3694156834,MGMT,Management
3694156835,OTHR,Other
3694156835,IT,Information Technology
3694156835,MGMT,Management
3694157753,OTHR,Other
3694157753,IT,Information Technology
3694157753,MGMT,Management
3694157762,OTHR,Other
3694157762,IT,Information Technology
3694157762,MGMT,Management
3694158923,MGMT,Management
3694158923,MNFC,Manufacturing
3694159565,IT,Information Technology
3694159565,ENG,Engineering
3694160489,SALE,Sales
3694160489,ADVR,Advertising
3694160489,PRJM,Project Management
3694161241,OTHR,Other
3694161241,IT,Information Technology
3694161241,MGMT,Management
3694161427,ENG,Engineering
3694161427,IT,Information Technology
3694161432,PRJM,Project Management
3694161432,IT,Information Technology
3694162120,DSGN,Design
3694162120,ART,Arts
3694162120,IT,Information Technology
3694163106,MGMT,Management
3694163106,MNFC,Manufacturing
3694163107,IT,Information Technology
3694163107,ENG,Engineering
3694163110,ENG,Engineering
3694163111,ENG,Engineering
3694163111,IT,Information Technology
3701373180,IT,Information Technology
3701373186,SALE,Sales
3701373186,BD,Business Development
3701373187,PRJM,Project Management
3701373187,IT,Information Technology
3701373279,LGL,Legal
3701373292,LGL,Legal
3701373317,MNFC,Manufacturing
3701373317,ENG,Engineering
3701373377,MRKT,Marketing
3701373379,GENB,General Business
3701373381,MRKT,Marketing
3701373381,PR,Public Relations
3701373381,WRT,Writing
3701373382,OTHR,Other
3701373383,BD,Business Development
3701373383,SALE,Sales
3701373385,BD,Business Development
3701373385,ENG,Engineering
3701373385,MRKT,Marketing
3701373391,ENG,Engineering
3701373391,IT,Information Technology
3701373396,QA,Quality Assurance
3701373401,MGMT,Management
3701373401,MNFC,Manufacturing
3701373427,DSGN,Design
3701373427,ART,Arts
3701373427,IT,Information Technology
3701373432,MGMT,Management
3701373432,MNFC,Manufacturing
3701373432,QA,Quality Assurance
3701373490,IT,Information Technology
3701373493,MRKT,Marketing
3701373493,PR,Public Relations
3701373493,WRT,Writing
3701373514,MGMT,Management
3701373514,MNFC,Manufacturing
3701373515,ENG,Engineering
3701373515,IT,Information Technology
3701373516,ENG,Engineering
3701373516,IT,Information Technology
3701373522,ADM,Administration
3701373523,HCPR,Healthcare
3701373524,OTHR,Other
3701373527,BD,Business Development
3701373527,SALE,Sales
