company_id,name,company_size,state,country,city,company_size_label
1009,IBM,7.0,NY,US,"Armonk, New York",5001-10000 employees
1016,GE HealthCare,7.0,Unknown,US,Chicago,5001-10000 employees
1021,GE Power,7.0,NY,US,Schenectady,5001-10000 employees
1025,Hewlett Packard Enterprise,7.0,Texas,US,Houston,5001-10000 employees
1028,Oracle,7.0,Texas,US,Austin,5001-10000 employees
1038,Deloitte,7.0,Unknown,OO,Worldwide,5001-10000 employees
1043,Siemens,7.0,Unknown,DE,Munich,5001-10000 employees
1044,PwC,7.0,Unknown,GB,0,5001-10000 employees
1060,Ericsson,7.0,Stockholm,SE,Kista,5001-10000 employees
1063,Cisco,7.0,CA,US,San Jose,5001-10000 employees
1068,JPMorgan Chase & Co.,7.0,NY,US,New York,5001-10000 employees
1103,Verizon,7.0,NJ,US,Basking Ridge,5001-10000 employees
1115,SAP,7.0,BW,DE,Walldorf,5001-10000 employees
1116,Procter & Gamble,7.0,Ohio,US,Cincinnati,5001-10000 employees
1123,Bank of America,7.0,NC,US,Charlotte,5001-10000 employees
1185,Pfizer,7.0,New York,US,New York,5001-10000 employees
1241,HSBC,7.0,Unknown,GB,London,5001-10000 employees
1248,Unilever,7.0,London,GB,Blackfriars,5001-10000 employees
1254,PlayStation,6.0,CA,US,San Mateo,1001-5000 employees
1259,Atos,7.0,Unknown,FR,95877 Bezons,5001-10000 employees
1262,Deutsche Bank,7.0,Hessen,DE,Frankfurt am Main,5001-10000 employees
1264,DWS Group,5.0,Hessen,DE,Frankfurt am Main,501-1000 employees
1281,Unisys,7.0,Pennsylvania,US,Blue Bell,5001-10000 employees
1283,Infosys,7.0,Karnataka,IN,Bangalore,5001-10000 employees
1307,Fidelity Investments,7.0,MA,US,Boston,5001-10000 employees
1318,Wipro,7.0,Karnataka,IN,Bangalore,5001-10000 employees
1344,Honeywell,7.0,North Carolina,US,Charlotte,5001-10000 employees
1353,Tata Consultancy Services,7.0,Maharashtra,IN,Mumbai,5001-10000 employees
1373,Xerox,7.0,Connecticut,US,Norwalk,5001-10000 employees
1389,bp,7.0,England,GB,London,5001-10000 employees
1392,T-Mobile,7.0,WA,US,Bellevue,5001-10000 employees
1399,GSK,7.0,Middlesex,GB,Brentford,5001-10000 employees
1400,Thomson Reuters,7.0,ON,CA,Toronto,5001-10000 employees
1403,Booz Allen Hamilton,7.0,VA,US,McLean,5001-10000 employees
1406,Novartis,7.0,Baselstadt,CH,Basel,5001-10000 employees
1412,Northrop Grumman,7.0,VA,US,Falls Church,5001-10000 employees
1415,CGI,7.0,Quebec,CA,Montreal,5001-10000 employees
1431,PepsiCo,7.0,New York,US,Purchase,5001-10000 employees
1441,Google,7.0,CA,US,Mountain View,5001-10000 employees
1463,ADP,7.0,New Jersey,US,Roseland,5001-10000 employees
1464,CDK Global,6.0,IL,US,Hoffman Estates,1001-5000 employees
1468,SLB,7.0,Texas,US,Houston,5001-10000 employees
1474,Ally,7.0,MI,US,Detroit,5001-10000 employees
1480,Adobe,7.0,CA,US,San Jose,5001-10000 employees
1481,eBay,7.0,CA,US,San Jose,5001-10000 employees
1482,PayPal,7.0,CA,US,San Jose,5001-10000 employees
1494,Avaya,6.0,New Jersey,US,Morristown,1001-5000 employees
1497,AMD,7.0,California,US,Santa Clara,5001-10000 employees
1505,Raytheon,7.0,VA,US,Arlington,5001-10000 employees
1511,Mondelēz International,7.0,IL,US,Greater Chicago Area,5001-10000 employees
1512,Target,7.0,MN,US,Minneapolis,5001-10000 employees
1523,UPS,7.0,GA,US,Atlanta,5001-10000 employees
1526,Agilent Technologies,7.0,CA,US,Santa Clara,5001-10000 employees
1586,Amazon,7.0,WA,US,Seattle,5001-10000 employees
1603,AstraZeneca,7.0,Cambridgeshire,GB,Cambridge,5001-10000 employees
1614,SAIC,7.0,VA,US,Reston,5001-10000 employees
1627,Dignity Health,7.0,CA,US,San Francisco,5001-10000 employees
1630,Stanford Health Care,7.0,California,US,Palo Alto,5001-10000 employees
1637,Boston Scientific,7.0,MA,US,Marlborough,5001-10000 employees
1642,Sanofi,7.0,France,FR,Paris,5001-10000 employees
1645,Harvard Medical School,7.0,ma,US,Boston,5001-10000 employees
1646,Harvard University,7.0,Massachusetts,US,Cambridge,5001-10000 employees
1658,Boston Children's Hospital,7.0,MA,US,Boston,5001-10000 employees
1663,Eli Lilly and Company,7.0,Indiana,US,Indianapolis,5001-10000 employees
1668,FedEx Ground,7.0,Pennsylvania,US,Coraopolis,5001-10000 employees
1680,Cognizant,7.0,New Jersey,US,Teaneck,5001-10000 employees
1681,Robert Half,7.0,CA,US,Menlo Park,5001-10000 employees
1689,ExxonMobil,7.0,Unknown,US,0,5001-10000 employees
1703,Comcast,7.0,PA,US,Philadelphia,5001-10000 employees
1714,Nielsen,7.0,NY,US,New York,5001-10000 employees
1756,HCLTech,7.0,Uttar Pradesh,IN,Noida,5001-10000 employees
1767,State Street,7.0,Massachusetts,US,Boston,5001-10000 employees
1784,Boston Consulting Group (BCG),7.0,Massachusetts,US,Boston,5001-10000 employees
1792,Stanford University,7.0,CA,US,Stanford,5001-10000 employees
1799,ManpowerGroup,7.0,Wisconsin,US,Milwaukee,5001-10000 employees
1808,RBC,7.0,Ontario,CA,Toronto,5001-10000 employees
1828,NBCUniversal,7.0,NY,US,New York City,5001-10000 employees
1841,Medtronic,7.0,MN,US,Minneapolis,5001-10000 employees
1852,Prudential Financial,7.0,New Jersey,US,Newark,5001-10000 employees
1869,Capco Energy Solutions,5.0,TX,US,Houston,501-1000 employees
1874,Marsh,7.0,New York,US,New York,5001-10000 employees
1879,Autodesk,7.0,CA,US,San Francisco,5001-10000 employees
1906,General Dynamics Land Systems,6.0,Unknown,US,0,1001-5000 employees
1908,General Dynamics Mission Systems,7.0,VA,US,Fairfax,5001-10000 employees
1970,Rabobank,7.0,Utrecht,NL,Utrecht,5001-10000 employees
1974,TELUS,7.0,British Columbia,CA,Vancouver,5001-10000 employees
2017,Qualcomm,7.0,CA,US,San Diego,5001-10000 employees
2018,Applied Materials,7.0,CA,US,Santa Clara,5001-10000 employees
2032,Spectrum Enterprise,7.0,CT,US,Stamford,5001-10000 employees
2059,TE Connectivity,7.0,Unknown,CH,Schaffhausen,5001-10000 employees
2078,Gartner,7.0,CT,US,Stamford,5001-10000 employees
2087,Volvo Group,7.0,Unknown,SE,Göteborg,5001-10000 employees
2105,NetApp,7.0,California,US,San Jose,5001-10000 employees
2107,Toyota North America,7.0,TX,US,Plano,5001-10000 employees
2121,Avis Budget Group,7.0,NJ,US,Parsippany,5001-10000 employees
2137,Pearson,7.0,Unknown,GB,London,5001-10000 employees
2148,Infineon Technologies,7.0,Unknown,DE,"Neubiberg, München",5001-10000 employees
2152,TEKsystems,7.0,MD,US,Hanover,5001-10000 employees
2157,Cadence Design Systems,6.0,California,US,San Jose,1001-5000 employees
2162,Cardinal Health,7.0,OH,US,Dublin,5001-10000 employees
2192,Chevron,7.0,CA,US,San Ramon,5001-10000 employees
2206,LexisNexis,7.0,NY,US,New York City,5001-10000 employees
2227,Novo Nordisk,7.0,Unknown,DK,Bagsværd,5001-10000 employees
2230,Hanesbrands Inc.,7.0,NC,US,Winston-Salem,5001-10000 employees
2247,Johnson Controls,7.0,Ireland,IE,Cork,5001-10000 employees
2251,Victoria’s Secret & Co.,7.0,Ohio,US,Columbus,5001-10000 employees
2252,Bath & Body Works,7.0,Ohio,US,Columbus,5001-10000 employees
2271,Starbucks,7.0,WA,US,Seattle,5001-10000 employees
2276,Genentech,7.0,California,US,South San Francisco,5001-10000 employees
2279,Flex,7.0,Unknown,SG,Singapore,5001-10000 employees
2300,Macy's,7.0,NY,US,New York,5001-10000 employees
2305,Insight,7.0,Arizona,US,Chandler,5001-10000 employees
2307,Kelly,7.0,Michigan,US,Troy,5001-10000 employees
2311,Marriott International,7.0,MD,US,Bethesda,5001-10000 employees
2319,CBRE,7.0,TX,US,Dallas,5001-10000 employees
2327,Randstad,7.0,Noord-Holland,NL,Diemen,5001-10000 employees
2340,Nationwide,7.0,Unknown,US,0,5001-10000 employees
2423,Mercer,7.0,NY,US,New York,5001-10000 employees
2432,Grant Thornton LLP (US),6.0,IL,US,Chicago,1001-5000 employees
2445,Northwestern Mutual,6.0,WI,US,Milwaukee,1001-5000 employees
2459,Zurich North America,7.0,IL,US,Schaumburg,5001-10000 employees
2465,Digitas North America,5.0,Massachusetts,US,Boston,501-1000 employees
2467,The Hartford,7.0,CT,US,Hartford,5001-10000 employees
2474,UCLA Health,7.0,CA,US,Los Angeles,5001-10000 employees
2476,Children's Hospital Los Angeles (CHLA),5.0,CA,US,Los Angeles,501-1000 employees
2477,UCLA,7.0,CA,US,Los Angeles,5001-10000 employees
2516,University of Michigan,7.0,mi,US,Ann Arbor,5001-10000 employees
2528,Ubisoft,7.0,Île-de-France,FR,Saint-Mandé,5001-10000 employees
2534,Experian,7.0,CA,US,Costa Mesa,5001-10000 employees
2539,iHeartMedia,6.0,NY,US,New York,1001-5000 employees
2562,Dow,7.0,Michigan,US,Midland,5001-10000 employees
2584,University of Washington,7.0,wa,US,Seattle,5001-10000 employees
2593,Momentum Worldwide,5.0,New York,US,New York,501-1000 employees
2609,Panasonic Automotive North America,5.0,Georgia,US,Peachtree City,501-1000 employees
2612,Panasonic Avionics Corporation,6.0,California,US,Irvine,1001-5000 employees
2623,Columbia University Irving Medical Center,7.0,New York,US,New York,5001-10000 employees
2645,Liberty Global,7.0,Unknown,GB,London,5001-10000 employees
2646,Walmart,7.0,Arkansas,US,Bentonville,5001-10000 employees
2648,University of Illinois System,7.0,IL,US,"Urbana-Champaign, Chicago, and Springfield",5001-10000 employees
2649,University of Illinois Chicago,7.0,il,US,Chicago,5001-10000 employees
2650,University of Illinois Urbana-Champaign,7.0,IL,US,Champaign,5001-10000 employees
2652,County of San Diego,7.0,California,US,San Diego,5001-10000 employees
2660,California Public Utilities Commission,5.0,CA,US,San Francisco,501-1000 employees
2666,California Department of Justice,5.0,CA,US,Sacramento,501-1000 employees
2669,Valeo,7.0,Île-de-France,FR,Paris,5001-10000 employees
2677,McDonald's,7.0,Illinois,US,Chicago,5001-10000 employees
2678,Cargill,7.0,Minnesota,US,Wayzata,5001-10000 employees
2690,John Hancock,7.0,MA,US,Boston,5001-10000 employees
2701,Liberty Mutual Insurance,7.0,MA,US,Boston,5001-10000 employees
2709,OpenText,7.0,ON,CA,Waterloo,5001-10000 employees
2722,KLA,7.0,California,US,Milpitas,5001-10000 employees
2723,BOMBARDIER,7.0,Québec,CA,Montréal,5001-10000 employees
2730,RR Donnelley,7.0,Illinois,US,Chicago,5001-10000 employees
2734,Airbus,7.0,Unknown,FR,Blagnac Cedex,5001-10000 employees
2743,IKEA,7.0,Zuid-Holland,NL,Delft,5001-10000 employees
2748,Colgate-Palmolive,7.0,New York,US,New York,5001-10000 employees
2750,Egencia,5.0,WA,US,Seattle,501-1000 employees
2751,Expedia Group,7.0,WA,US,Seattle,5001-10000 employees
2787,Federal Reserve Bank of Chicago,5.0,IL,US,Chicago,501-1000 employees
2819,Publicis,5.0,New York,US,New York,501-1000 employees
2842,"University of California, Davis",7.0,California,US,Davis,5001-10000 employees
2859,BDO USA,7.0,IL,US,Chicago,5001-10000 employees
2875,MATRIX Resources,3.0,Georgia,US,Atlanta,51-200 employees
2880,Quest Software,5.0,CA,US,Aliso Viejo,501-1000 employees
2911,Albertsons Companies,7.0,Idaho,US,Boise,5001-10000 employees
2918,The Save Mart Companies,7.0,Unknown,US,Modesto,5001-10000 employees
2931,Teradyne,6.0,MA,US,North Reading,1001-5000 employees
2933,McGraw Hill,5.0,NY,US,New York,501-1000 employees
2934,S&P Global,7.0,NY,US,New York,5001-10000 employees
2958,Texas Workforce Commission,5.0,Texas,US,Austin,501-1000 employees
2962,British Airways,7.0,Unknown,GB,Middlesex,5001-10000 employees
2982,Saint-Gobain Performance Plastics,6.0,OH,US,Solon,1001-5000 employees
2985,Saint-Gobain Abrasives,7.0,MA,US,Worcester,5001-10000 employees
2988,VMware,7.0,CA,US,Palo Alto,5001-10000 employees
3015,Mastercard,7.0,NY,US,Purchase,5001-10000 employees
3028,"University of California, San Francisco",7.0,California,US,San Francisco,5001-10000 employees
3033,Avanade,7.0,Washington,US,Seattle,5001-10000 employees
3067,Tech Mahindra,7.0,Maharashtra,IN,Pune,5001-10000 employees
3072,Broadcom,7.0,California,US,San Jose,5001-10000 employees
3076,Kforce Inc,5.0,Fl,US,Tampa,501-1000 employees
3084,University of Southern California,7.0,CA,US,Los Angeles,5001-10000 employees
3102,BD,7.0,New Jersey,US,Franklin Lakes,5001-10000 employees
3117,Lionbridge,6.0,Massachusetts,US,Waltham,1001-5000 employees
3128,FIS,7.0,FL,US,Jacksonville,5001-10000 employees
3135,Hyatt Regency,7.0,Unknown,US,Chicago,5001-10000 employees
3140,Freddie Mac,6.0,VA,US,McLean,1001-5000 employees
3165,University of Pennsylvania,7.0,PA,US,Philadelphia,5001-10000 employees
3196,Northwestern University,6.0,IL,US,Evanston,1001-5000 employees
3240,Farmers Insurance,7.0,CA,US,Woodland Hills,5001-10000 employees
3256,Aegon,7.0,South Holland,NL,The Hague,5001-10000 employees
3260,Danfoss,7.0,Unknown,DK,Nordborg,5001-10000 employees
3264,Progressive Insurance,7.0,OH,US,Mayfield Village,5001-10000 employees
3269,DHL Supply Chain,7.0,Unknown,DE,Bonn,5001-10000 employees
3304,Bechtel Corporation,7.0,Virginia,US,Reston,5001-10000 employees
3334,CDW,7.0,IL,US,Vernon Hills,5001-10000 employees
3335,Textron,7.0,RI,US,Providence,5001-10000 employees
3337,Bell Flight,6.0,Texas,US,Fort Worth,1001-5000 employees
3364,Fiserv,7.0,Wisconsin,US,Brookfield,5001-10000 employees
3384,UC San Diego Health,7.0,CA,US,San Diego,5001-10000 employees
3392,Celestica,7.0,Ontario,CA,Toronto,5001-10000 employees
3398,FICO,5.0,Montana,US,Bozeman,501-1000 employees
3407,Taco Bell,7.0,CA,US,Irvine,5001-10000 employees
3411,Georgia-Pacific LLC,7.0,GA,US,Atlanta,5001-10000 employees
3432,New York Life Insurance Company,7.0,New York,US,New York,5001-10000 employees
3439,Kimberly-Clark,7.0,TX,US,Irving,5001-10000 employees
3450,Analog Devices,7.0,MA,US,Wilmington,5001-10000 employees
3476,Michael Page,6.0,Weybridge,GB,Addlestone,1001-5000 employees
3486,Hays,6.0,England,GB,London,1001-5000 employees
3528,The Johns Hopkins University,7.0,md,US,Baltimore,5001-10000 employees
3534,Continental,7.0,Unknown,DE,Hanover,5001-10000 employees
3536,Edelman,6.0,NY,US,New York,1001-5000 employees
3538,CTG,5.0,New York,US,Amherst,501-1000 employees
3549,IHG Hotels & Resorts,7.0,Berkshire,GB,Windsor,5001-10000 employees
3556,Boston University,6.0,MA,US,Boston,1001-5000 employees
3557,Georgia Tech Research Institute,5.0,Georgia,US,Atlanta,501-1000 employees
3558,Georgia Institute of Technology,6.0,Georgia ,US,Atlanta,1001-5000 employees
3589,Walgreens,7.0,IL,US,Deerfield,5001-10000 employees
3600,ConocoPhillips,7.0,Texas,US,Houston,5001-10000 employees
3626,HCA Healthcare,7.0,TN,US,Nashville,5001-10000 employees
3643,MicroStrategy,5.0,VA,US,Tysons Corner,501-1000 employees
3658,Penn State Health,7.0,PA,US,Hershey,5001-10000 employees
3671,H&R Block,7.0,MO,US,Kansas City,5001-10000 employees
3672,CACI International Inc,7.0,Virginia,US,Reston,5001-10000 employees
3677,Edward Jones,7.0,MO,US,St. Louis,5001-10000 employees
3678,Corning Incorporated,7.0,New York,US,Corning,5001-10000 employees
3681,Fluor Corporation,7.0,Texas,US,Irving,5001-10000 employees
3684,Mastech Digital,5.0,PA,US,Moon Township,501-1000 employees
3690,Micron Technology,7.0,Idaho,US,Boise,5001-10000 employees
3695,Equifax,7.0,GA,US,Atlanta,5001-10000 employees
3724,the LEGO Group,7.0,Unknown,DK,Billund,5001-10000 employees
3741,Korn Ferry,7.0,CA,US,Los Angeles,5001-10000 employees
3743,RSM US LLP,7.0,Illinois,US,Chicago,5001-10000 employees
3745,ZF Group,7.0,Baden-Württemberg,DE,Friedrichshafen,5001-10000 employees
3748,adidas,7.0,Bavaria,DE,Herzogenaurach,5001-10000 employees
3758,University of North Carolina System,7.0,North Carolina,US,Raleigh,5001-10000 employees
3765,GroupM,7.0,Unknown,US,New York,5001-10000 employees
3776,Epsilon,6.0,Texas,US,Irving,1001-5000 employees
3789,John Deere,7.0,IL,US,Moline,5001-10000 employees
3831,Northern Trust Corporation,7.0,Illinois,US,Chicago,5001-10000 employees
3845,Swiss Re,7.0,Zurich,CH,Zurich,5001-10000 employees
3848,MITRE,6.0,VA,US,McLean,1001-5000 employees
3863,Grainger,7.0,Illinois,US,Lake Forest,5001-10000 employees
3866,FedEx Office,7.0,TX,US,Plano,5001-10000 employees
3881,University of Chicago,7.0,IL,US,Chicago,5001-10000 employees
3888,Emory Healthcare,7.0,GA,US,Atlanta,5001-10000 employees
3889,Emory University,7.0,GA,US,Atlanta,5001-10000 employees
3894,ASML,7.0,Unknown,NL,Veldhoven,5001-10000 employees
3961,Biogen,6.0,MA,US,Cambridge,1001-5000 employees
3994,WTW,7.0,England,GB,London,5001-10000 employees
3997,Aflac,7.0,GA,US,Columbus,5001-10000 employees
4035,Brigham Young University,5.0,UT,US,Provo,501-1000 employees
4037,TIAA,7.0,NY,US,New York,5001-10000 employees
4057,IQVIA,7.0,North Carolina,US,Durham,5001-10000 employees
4060,Cushman & Wakefield,7.0,IL,US,Chicago,5001-10000 employees
4062,Faurecia,7.0,Île-de-France,FR,Nanterre,5001-10000 employees
4075,Sun Life,7.0,Unknown,OO,0,5001-10000 employees
4097,"American Honda Motor Company, Inc.",7.0,CA,US,Torrance,5001-10000 employees
4099,University of Wisconsin-Madison,7.0,WI,US,Madison,5001-10000 employees
4101,Michelin,7.0,Auvergne-Rhône-Alpes,FR,Clermont-Ferrand,5001-10000 employees
4122,Pottery Barn,7.0,CA,US,San Francisco,5001-10000 employees
4126,SGS,7.0,Geneva,CH,Geneva,5001-10000 employees
4156,Air Products,7.0,PA,US,Trexlertown,5001-10000 employees
4167,PNC,7.0,Pennsylvania,US,Pittsburgh,5001-10000 employees
4207,Raymond James,7.0,Florida,US,St. Petersburg,5001-10000 employees
4220,Ohio Department of Development,3.0,Ohio,US,Columbus,51-200 employees
4255,Paychex,7.0,NY,US,Rochester,5001-10000 employees
4256,CAE,7.0,Québec,CA,Montréal,5001-10000 employees
4257,Humana,7.0,Kentucky,US,Louisville,5001-10000 employees
4293,AMC Networks,5.0,NY,US,New York,501-1000 employees
4296,DISH Network,7.0,CO,US,Englewood,5001-10000 employees
4297,UVA Health,6.0,Virginia,US,Charlottesville,1001-5000 employees
4298,University of Virginia,7.0,VA,US,Charlottesville,5001-10000 employees
4307,Lincoln Financial Group,7.0,PA,US,Radnor,5001-10000 employees
4324,Herc Rentals,6.0,FL,US,Bonita Springs,1001-5000 employees
4326,Hertz,7.0,FL,US,Estero,5001-10000 employees
4335,Skanska,7.0,Unknown,SE,Stockholm,5001-10000 employees
4346,FleishmanHillard,5.0,MO,US,St. Louis,501-1000 employees
4399,Principal Financial Group,7.0,Iowa,US,Des Moines,5001-10000 employees
4416,Primerica,5.0,Georgia,US,Duluth,501-1000 employees
4419,UCI Health,6.0,California,US,Orange,1001-5000 employees
4422,DLA Piper,6.0,England,GB,London,1001-5000 employees
4433,Aquent,7.0,MA,US,Boston,5001-10000 employees
4446,Aspen Technology,5.0,MA,US,Bedford,501-1000 employees
4453,"Ryder System, Inc.",7.0,FL,US,Miami,5001-10000 employees
4465,Qantas,7.0,NSW,AU,Mascot,5001-10000 employees
4529,Houston Methodist,7.0,Texas,US,Houston,5001-10000 employees
4556,Texas A&M University,7.0,TX,US,College Station,5001-10000 employees
4564,Vanderbilt University Medical Center,7.0,Tennessee,US,Nashville,5001-10000 employees
4622,CNH Industrial,7.0,Unknown,0,0,5001-10000 employees
4647,American Family Insurance,7.0,WI,US,Madison,5001-10000 employees
4667,"The North Face, a VF Company",5.0,Colorado,US,Denver,501-1000 employees
4670,VF Corporation,7.0,CO,US,Denver,5001-10000 employees
4674,Exelon,7.0,IL,US,Chicago,5001-10000 employees
4721,UL Solutions,7.0,Illinois,US,Northbrook,5001-10000 employees
4725,Mayo Clinic,7.0,Minnesota,US,Rochester,5001-10000 employees
4728,NICE,6.0,New Jersey,US,Hoboken,1001-5000 employees
4729,UScellular,6.0,Illinois,US,Chicago,1001-5000 employees
4768,Deluxe,6.0,Minnesota,US,Minneapolis,1001-5000 employees
4787,Apex Systems,5.0,VA,US,Glen Allen,501-1000 employees
4798,Hallmark Cards,7.0,Missouri,US,Kansas City,5001-10000 employees
4804,Atlas Copco,7.0,Unknown,SE,Stockholm,5001-10000 employees
4826,SEI,5.0,PA,US,Oaks,501-1000 employees
4828,Getty Images,5.0,Washington,US,Seattle,501-1000 employees
4857,PPG,7.0,PA,US,Pittsburgh,5001-10000 employees
4862,"Skadden, Arps, Slate, Meagher & Flom LLP and Affiliates",5.0,NY,US,New York,501-1000 employees
4881,UNICEF,7.0,New York,US,New York,5001-10000 employees
4890,University of Utah Health,7.0,Utah,US,Salt Lake City,5001-10000 employees
4896,Blue Shield of California,6.0,California,US,Oakland,1001-5000 employees
4898,Parsons Corporation,7.0,Virginia,US,Centreville,5001-10000 employees
4910,APL,6.0,VA,US,Arlington,1001-5000 employees
4918,Metso,7.0,Unknown,FI,Helsinki,5001-10000 employees
4951,Evalueserve,5.0,Unknown,CH,Zug,501-1000 employees
4972,EPAM Systems,7.0,PA,US,Newtown,5001-10000 employees
4994,Lawrence Livermore National Laboratory,6.0,CA,US,Livermore,1001-5000 employees
5001,Cartier,6.0,CH,CH,Meyrin,1001-5000 employees
5007,Bankers Life,5.0,Illinois,US,Chicago,501-1000 employees
5034,Persistent Systems,7.0,Maharashtra,IN,Pune,5001-10000 employees
5058,Coty,7.0,North Holland,NL,Amsterdam,5001-10000 employees
5085,CHEP,7.0,Surrey,GB,Weybridge,5001-10000 employees
5089,Dana Incorporated,7.0,Ohio,US,Maumee,5001-10000 employees
5098,aramco,7.0,Unknown,SA,Dhahran,5001-10000 employees
5107,Lam Research,7.0,CA,US,Fremont,5001-10000 employees
5110,Acer,6.0,New Taipei City,TW,XiZhi District,1001-5000 employees
5113,Constellation,7.0,MD,US,Baltimore,5001-10000 employees
5121,"The TJX Companies, Inc.",7.0,MA,US,Framingham,5001-10000 employees
5140,Virtusa,7.0,MA,US,Southborough,5001-10000 employees
5186,Ascensus,6.0,PA,US,Dresher,1001-5000 employees
5204,Rio Tinto,7.0,Greater London,GB,London,5001-10000 employees
5234,Rackspace Technology,6.0,Texas,US,San Antonio,1001-5000 employees
5235,LHH,7.0,Florida,US,Jacksonville,5001-10000 employees
5264,McMaster-Carr,5.0,Illinois,US,Elmhurst,501-1000 employees
5275,Alcon,7.0,Switzerland,CH,Geneva,5001-10000 employees
5294,LPL Financial,6.0,CA,US,San Diego,1001-5000 employees
5300,Luxoft,7.0,Unknown,CH,Zug,5001-10000 employees
5327,Los Alamos National Laboratory,7.0,NM,US,Los Alamos,5001-10000 employees
5328,H&M,7.0,Stockholm County,SE,Stockholm,5001-10000 employees
5343,Sysco,7.0,TX,US,Houston,5001-10000 employees
5351,Connection,5.0,NH,US,Merrimack,501-1000 employees
5353,GSA,7.0,D.C.,US,Washington,5001-10000 employees
5355,G4S,7.0,Unknown,GB,London,5001-10000 employees
5372,UC Santa Barbara,6.0,CA,US,Santa Barbara,1001-5000 employees
5410,Abercrombie & Fitch Co.,7.0,OH,US,Columbus,5001-10000 employees
5442,University of Missouri-Columbia,7.0,MO,US,Columbia,5001-10000 employees
5461,ManTech,6.0,Virginia,US,Herndon,1001-5000 employees
5482,Takeda,7.0,Unknown,JP,Tokyo,5001-10000 employees
5505,Consilio LLC,5.0,DC,US,Washington,501-1000 employees
5507,Crowe,6.0,Illinois,US,Chicago,1001-5000 employees
5553,ADM,7.0,IL,US,Chicago,5001-10000 employees
5578,RBC Wealth Management,7.0,Ontario,CA,Toronto,5001-10000 employees
5585,BCD Travel,7.0,Unknown,NL,Utrecht,5001-10000 employees
5618,Coach,7.0,NY,US,New York,5001-10000 employees
5619,Herbalife,7.0,CA,US,Los Angeles,5001-10000 employees
5652,Egon Zehnder,5.0,Unknown,CH,Zurich,501-1000 employees
5666,Dominion Energy,7.0,VA,US,Richmond,5001-10000 employees
5667,LyondellBasell,7.0,TX,US,Houston,5001-10000 employees
5670,Kohler Co.,7.0,Wisconsin,US,Kohler,5001-10000 employees
5742,ICF,6.0,Virginia,US,Reston,1001-5000 employees
5749,Kohl's,7.0,Wisconsin,US,Menomonee Falls,5001-10000 employees
5756,Penske Truck Leasing,7.0,PA,US,Reading,5001-10000 employees
5770,Viasat,6.0,CA,US,Carlsbad,1001-5000 employees
5772,Turner Construction Company,7.0,NY,US,New York,5001-10000 employees
5775,Univision,5.0,Florida,US,Miami,501-1000 employees
5790,Louis Vuitton,7.0,Unknown,FR,Paris,5001-10000 employees
5837,Omron Automation,5.0,IL,US,Hoffman Estates,501-1000 employees
5843,Johns Manville,6.0,CO,US,Denver,1001-5000 employees
5848,Tennessee Valley Authority,7.0,TN,US,Knoxville,5001-10000 employees
5884,MKS Instruments,7.0,Massachusetts,US,Andover,5001-10000 employees
5887,Motion Recruitment,4.0,MA,US,Boston,201-500 employees
5911,Astellas Pharma US,5.0,Illinois,US,Northbrook,501-1000 employees
5913,National Grid,7.0,London,GB,London,5001-10000 employees
5927,Flowserve Corporation,7.0,Texas,US,Irving,5001-10000 employees
5955,Boston Public Schools,6.0,MA,US,Boston,1001-5000 employees
5968,Armstrong World Industries,5.0,PA,US,Lancaster,501-1000 employees
5970,Cabot Corporation,5.0,MA,US,Boston,501-1000 employees
5973,INEOS,7.0,Unknown,CH,1180 Rolle,5001-10000 employees
5998,University of Kentucky,7.0,KY,US,Lexington,5001-10000 employees
6016,The Scotts Miracle-Gro Company,6.0,Ohio,US,Marysville,1001-5000 employees
6034,Michaels Stores,7.0,Texas,US,Irving,5001-10000 employees
6044,"Yoh, A Day & Zimmermann Company",5.0,PA,US,Philadelphia,501-1000 employees
6078,CBIZ,6.0,OH,US,Cleveland,1001-5000 employees
6083,Lands'​ End,5.0,WI,US,Dodgeville,501-1000 employees
6088,AppleOne Employment Services,5.0,CA,US,Glendale,501-1000 employees
6104,NYU Langone Health,7.0,NY,US,New York,5001-10000 employees
6134,Atlanticus,3.0,GA,US,Atlanta,51-200 employees
6137,NetSuite,7.0,TX,US,Austin,5001-10000 employees
6154,Icahn School of Medicine at Mount Sinai,5.0,NY,US,New York,501-1000 employees
6176,7-Eleven,7.0,TX,US,Irving,5001-10000 employees
6191,Schindler Group,7.0,Unknown,CH,Ebikon,5001-10000 employees
6192,Schindler Elevator Corporation (U.S.),7.0,NJ,US,Morristown,5001-10000 employees
6194,Brunswick Corporation,7.0,IL,US,Mettawa,5001-10000 employees
6215,FUJIFILM Holdings America Corporation,7.0,New York,US,Valhalla,5001-10000 employees
6233,Thrivent,6.0,MN,US,Minneapolis,1001-5000 employees
6234,Schwan's Company,6.0,Minnesota,US,Marshall,1001-5000 employees
6250,Baylor Scott & White Health,7.0,Texas,US,Dallas,5001-10000 employees
6265,CSX,7.0,FL,US,Jacksonville,5001-10000 employees
6281,Oklahoma State University,5.0,OK,US,Stillwater,501-1000 employees
6288,QuinStreet,4.0,CA,US,Foster City,201-500 employees
6360,NewYork-Presbyterian Hospital,7.0,New York,US,New York,5001-10000 employees
6369,Tata Technologies,7.0,Maharashtra,IN,"Hinjawadi, Pune",5001-10000 employees
6419,HARMAN International,7.0,CT,US,Stamford,5001-10000 employees
6440,Zimmer Biomet,7.0,Indiana,US,Warsaw,5001-10000 employees
6449,ERM,6.0,Unknown,GB,London,1001-5000 employees
6476,Loyola Medicine,6.0,IL,US,Maywood,1001-5000 employees
6481,Microchip Technology Inc.,7.0,AZ,US,Chandler,5001-10000 employees
6487,DaVita Kidney Care,7.0,CO,US,Denver,5001-10000 employees
6504,UT Southwestern Medical Center,7.0,Texas,US,Dallas,5001-10000 employees
6565,UMB Bank,5.0,MO,US,Kansas City,501-1000 employees
6585,Gucci,7.0,Florence,IT,Casellina di Scandicci,5001-10000 employees
6592,Norfolk Southern,7.0,Georgia,US,Atlanta,5001-10000 employees
6593,Live Nation Entertainment,7.0,California,US,Beverly Hills,5001-10000 employees
6683,Hollister Incorporated,5.0,Illinois,US,Libertyville,501-1000 employees
6684,Rockstar Games,5.0,New York,US,New York,501-1000 employees
6702,Enbridge,7.0,AB,CA,Calgary,5001-10000 employees
6725,MSNBC,4.0,New York,US,New York,201-500 employees
6734,J.Crew,6.0,New York,US,New York,1001-5000 employees
6738,WVU Medicine,7.0,WV,US,Morgantown,5001-10000 employees
6765,Perkins Coie LLP,5.0,WA,US,Seattle,501-1000 employees
6848,Devon Energy,5.0,Oklahoma,US,Oklahoma City,501-1000 employees
6863,Flight Centre Travel Group,7.0,Queensland,AU,South Brisbane,5001-10000 employees
6867,Align Technology,7.0,Arizona,US,Tempe,5001-10000 employees
6910,Florida International University,6.0,FL,US,Miami,1001-5000 employees
6913,RITE AID,7.0,Pennsylvania,US,Philadelphia,5001-10000 employees
6915,The Depository Trust & Clearing Corporation (DTCC),6.0,NJ,US,Jersey City,1001-5000 employees
6919,Strategic Staffing Solutions,5.0,MI,US,Detroit,501-1000 employees
6963,Benchmark,7.0,Arizona,US,Tempe,5001-10000 employees
6967,OCLC,5.0,OH,US,Dublin,501-1000 employees
6979,Intertek,7.0,Unknown,GB,London,5001-10000 employees
6983,Baird,5.0,WI,US,Milwaukee,501-1000 employees
7027,CoStar Group,6.0,DC,US,Washington,1001-5000 employees
7032,"Ross Stores, Inc.",7.0,CA,US,Dublin,5001-10000 employees
7175,CEI,4.0,Pennsylvania,US,Pittsburgh,201-500 employees
7242,Publix Super Markets,7.0,Florida,US,Lakeland,5001-10000 employees
7260,Ultimate Staffing,4.0,CA,US,Orange,201-500 employees
7268,"Planview, Inc.",5.0,TX,US,Austin,501-1000 employees
7355,Huxley,3.0,England,GB,London,51-200 employees
7357,Blue Cross Blue Shield of Michigan,6.0,Michigan,US,Detroit,1001-5000 employees
7361,Domino's,7.0,MI,US,Ann Arbor,5001-10000 employees
7409,Smithbucklin,4.0,IL,US,Chicago,201-500 employees
7410,TC Energy,6.0,Alberta,CA,Calgary,1001-5000 employees
7413,Boston Medical Center (BMC),6.0,MA,US,Boston,1001-5000 employees
7427,Brown & Brown Insurance,7.0,Florida,US,Daytona Beach,5001-10000 employees
7454,Davis Polk & Wardwell LLP,5.0,NY,US,New York,501-1000 employees
7463,FirstEnergy,7.0,OH,US,Akron,5001-10000 employees
7466,GM Financial,6.0,Texas,US,Fort Worth,1001-5000 employees
7488,Rush University Medical Center,7.0,Illinois,US,Chicago,5001-10000 employees
7507,Bulgari,5.0,Unknown,IT,Rome,501-1000 employees
7542,Lockton,7.0,MO,US,Kansas City,5001-10000 employees
7550,"Itron, Inc.",6.0,Washington,US,Liberty Lake,1001-5000 employees
7556,Sam's Club,7.0,Arkansas,US,Bentonville,5001-10000 employees
7585,Corestaff Services,5.0,GA,US,Atlanta,501-1000 employees
7639,St. Jude Children's Research Hospital - ALSAC,5.0,TN,US,Memphis,501-1000 employees
7655,Johnson Matthey,7.0,Greater London,GB,London,5001-10000 employees
7684,SS&C Technologies,7.0,CT,US,Windsor,5001-10000 employees
7720,National General,6.0,NY,US,New York,1001-5000 employees
7783,"NVR, Inc.",6.0,Virginia,US,Reston,1001-5000 employees
7789,DICK'S Sporting Goods,7.0,PA,US,Coraopolis,5001-10000 employees
7795,Petco,7.0,California,US,San Diego,5001-10000 employees
7801,Nelson Connects,3.0,California,US,San Rafael,51-200 employees
7851,STERIS,7.0,OH,US,Mentor,5001-10000 employees
7886,"TRC Companies, Inc.",6.0,CT,US,Windsor,1001-5000 employees
7917,Vail Resorts,7.0,CO,US,Broomfield,5001-10000 employees
7935,"Land O'Lakes, Inc.",6.0,Minnesota,US,Arden Hills,1001-5000 employees
7960,Popular Bank,5.0,NY,US,New York,501-1000 employees
7990,AutoNation,7.0,FL,US,Ft. Lauderdale,5001-10000 employees
8014,GHX,5.0,CO,US,Louisville,501-1000 employees
8017,The Lubrizol Corporation,6.0,Ohio,US,Wickliffe,1001-5000 employees
8019,Milliman,5.0,WA,US,Seattle,501-1000 employees
8031,Mount Sinai Health System,7.0,NY,US,New York,5001-10000 employees
8034,Life Time Inc.,7.0,MN,US,Chanhassen,5001-10000 employees
8058,Culver Careers (CulverCareers.com),2.0,California,US,Del Mar,11-50 employees
8062,GES - Global Experience Specialists,5.0,NV,US,Las Vegas,501-1000 employees
8063,Guy Carpenter,5.0,NY,US,New York,501-1000 employees
8086,AMETEK,7.0,PA,US,Berwyn,5001-10000 employees
8103,Bentley University,4.0,Massachusetts,US,Waltham,201-500 employees
8117,The Judge Group,5.0,PA,US,Wayne,501-1000 employees
8118,Boy Scouts of America,5.0,TX,US,Irving,501-1000 employees
8141,Globant,7.0,CA,US,San Francisco,5001-10000 employees
8188,Staffmark,5.0,OH,US,Cincinnati,501-1000 employees
8211,Dollar General,7.0,TN,US,Goodlettsville,5001-10000 employees
8221,Equinix,6.0,California,US,Redwood City,1001-5000 employees
8234,Pactiv Evergreen Inc.,7.0,IL,US,Lake Forest,5001-10000 employees
8258,Fish & Richardson P.C.,4.0,MA,US,Boston,201-500 employees
8274,New Balance,6.0,MA,US,Brighton,1001-5000 employees
8276,QIAGEN,6.0,Unknown,DE,Hilden,1001-5000 employees
8280,Urban Outfitters,7.0,PA,US,Philadelpia,5001-10000 employees
8281,Anthropologie,6.0,PA,US,Philadelphia,1001-5000 employees
8288,Leonardo DRS,6.0,VA,US,Arlington,1001-5000 employees
8294,Talbots,6.0,MA,US,Hingham,1001-5000 employees
8323,Altair,5.0,MI,US,Troy,501-1000 employees
8336,Sumitomo Mitsui Banking Corporation,6.0,NY,US,New York,1001-5000 employees
8346,Munich Re,7.0,Bavaria,DE,Munich,5001-10000 employees
8359,The Guitar Center Company,7.0,CA,US,Westlake Village,5001-10000 employees
8366,Teleflex,7.0,PA,US,Wayne,5001-10000 employees
8367,"Levi, Ray & Shoup, Inc. (LRS)",4.0,IL,US,Springfield,201-500 employees
8390,OhioHealth,7.0,Ohio,US,Columbus,5001-10000 employees
8403,BJ's Wholesale Club,7.0,MA,US,Marlborough,5001-10000 employees
8437,GKN Automotive,7.0,England,GB,London,5001-10000 employees
8454,COUNTRY Financial®,6.0,IL,US,Bloomington,1001-5000 employees
8455,Flagstar Bank,6.0,NY ,US, Hicksville,1001-5000 employees
8484,Molson Coors Beverage Company,7.0,Illinois,US,Chicago,5001-10000 employees
8524,Burberry,7.0,Unknown,GB,London,5001-10000 employees
8593,Colonial Life,5.0,SC,US,Columbia,501-1000 employees
8596,Huhtamaki,7.0,Unknown,FI,Espoo,5001-10000 employees
8602,SWAROVSKI,7.0,Unknown,CH,Männedorf,5001-10000 employees
8667,Associated Bank,5.0,Wisconsin,US,Green Bay,501-1000 employees
8684,LAIKA Studios,3.0,OR,US,Hillsboro,51-200 employees
8731,City of Fort Worth,6.0,Texas,US,Fort Worth,1001-5000 employees
8737,City of Atlanta,6.0,Georgia,US,Atlanta,1001-5000 employees
8773,designory,3.0,CA,US,Long Beach,51-200 employees
8781,The Bolton Group,1.0,Georgia,US,Atlanta,1-10 employees
8795,Plante Moran,5.0,Michigan,US,Southfield,501-1000 employees
8807,City and County of Denver,7.0,CO,US,Denver,5001-10000 employees
8817,Lutron Electronics,5.0,PA,US,Coopersburg,501-1000 employees
8847,Des Moines Public Schools,5.0,Iowa,US,Des Moines,501-1000 employees
8882,National Hockey League (NHL),5.0,New York,US,New York,501-1000 employees
8936,Henry Ford Health,7.0,MI,US,Detroit,5001-10000 employees
8945,The Mount Sinai Hospital,7.0,NY,US,New York,5001-10000 employees
8967,Newmark,6.0,NY,US,New York,1001-5000 employees
8968,"Nuveen, a TIAA company",5.0,NY,US,New York,501-1000 employees
9025,Clark County School District,7.0,NV,US,Las Vegas,5001-10000 employees
9060,Laerdal Medical,5.0,Unknown,NO,Stavanger,501-1000 employees
9062,Panera Bread,7.0,MO,US,St Louis,5001-10000 employees
9070,Airgas,7.0,Pennsylvania,US,Radnor,5001-10000 employees
9077,Florida Atlantic University,6.0,fl,US,Boca Raton,1001-5000 employees
9089,World Wide Technology,6.0,Missouri,US,Maryland Heights,1001-5000 employees
9100,PATH,5.0,WA,US,Seattle,501-1000 employees
9117,Brenntag,7.0,North Rhine-Westphalia ,DE,Essen ,5001-10000 employees
9141,Pampered Chef,3.0,IL,US,Addison,51-200 employees
9158,Solar Turbines,6.0,CA,US,San Diego,1001-5000 employees
9185,Advance Auto Parts,7.0,NC,US,Raleigh,5001-10000 employees
9201,North Dakota State University,6.0,ND,US,Fargo,1001-5000 employees
9211,Indiana University Health,7.0,Indiana,US,Indianapolis,5001-10000 employees
9221,Ropes & Gray LLP,5.0,MA,US,Boston,501-1000 employees
9223,Netsmart,5.0,KS,US,Overland Park,501-1000 employees
9229,Big Lots,7.0,Ohio,US,Columbus,5001-10000 employees
9240,Garmin,7.0,KS,US,Olathe,5001-10000 employees
9259,"Lord, Abbett & Co. LLC",4.0,NJ,US,Jersey City,201-500 employees
9286,CareFirst BlueCross BlueShield,6.0,MD,US,Baltimore,1001-5000 employees
9402,"Medline Industries, LP",7.0,IL,US,Northfield,5001-10000 employees
9487,Novelis,7.0,GA,US,Atlanta,5001-10000 employees
9499,Belk,7.0,North Carolina,US,Charlotte,5001-10000 employees
9505,Tyler Technologies,6.0,Texas,US,Plano,1001-5000 employees
9511,VHB,5.0,Massachusetts,US,Watertown,501-1000 employees
9561,Intuitive,6.0,94086,US,California,1001-5000 employees
9585,Kiewit,7.0,NE,US,Omaha,5001-10000 employees
9624,Guidewire Software,5.0,California,US,San Mateo,501-1000 employees
9640,Erickson Senior Living,7.0,MD,US,Catonsville,5001-10000 employees
9643,Ameren,6.0,MO,US,St. Louis,1001-5000 employees
9652,ITW,7.0,IL,US,Glenview,5001-10000 employees
9654,Liberty University,6.0,VA,US,Lynchburg,1001-5000 employees
9667,VNS Health,7.0,Unknown,US,New York,5001-10000 employees
9676,Hill's Pet Nutrition,5.0,KS,US,Topeka,501-1000 employees
9703,Centene Corporation,7.0,MO,US,Saint Louis,5001-10000 employees
9732,VSE Corporation,5.0,VA,US,Alexandria,501-1000 employees
9750,Focus on the Family,4.0,Colorado,US,Colorado Springs,201-500 employees
9759,Novant Health,7.0,NC,US,Charlotte,5001-10000 employees
9765,Pella Corporation,6.0,IA,US,Pella,1001-5000 employees
9779,Houston Chronicle,4.0,Texas,US,Houston,201-500 employees
9797,Dallas County,6.0,Unknown,US,0,1001-5000 employees
9812,Dewberry,5.0,Virginia,US,Fairfax,501-1000 employees
9813,Direct Supply,5.0,Wisconsin,US,Milwaukee,501-1000 employees
9814,Eastridge Workforce Solutions,3.0,California,US,San Diego,51-200 employees
9826,Wood,7.0,Unknown,GB,Aberdeen,5001-10000 employees
9893,Community Health Systems,7.0,TN,US,Franklin,5001-10000 employees
9937,Simpson Gumpertz & Heger (SGH),4.0,Massachusetts,US,Waltham,201-500 employees
9957,Protective Life,5.0,Alabama,US,Birmingham,501-1000 employees
10001,HUB International,7.0,IL,US,Chicago,5001-10000 employees
10007,Teledyne LeCroy,3.0,NY,US,Chestnut Ridge,51-200 employees
10021,AMN Healthcare,5.0,TX,US,Dallas,501-1000 employees
10032,Children's Health,6.0,TX,US,Dallas,1001-5000 employees
10091,PPL Corporation,6.0,PA,US,Allentown,1001-5000 employees
10101,Uponor,5.0,Helsinki,FI,Helsinki,501-1000 employees
10137,Alkermes,5.0,Unknown,IE,Dublin,501-1000 employees
10190,PNM Resources,4.0,New Mexico,US,Albuquerque,201-500 employees
10249,Konecranes,7.0,Unknown,FI,Hyvinkaa,5001-10000 employees
10256,State of Delaware,7.0,DE,US,Dover,5001-10000 employees
10285,NiSource,6.0,IN,US,Merrillville,1001-5000 employees
10295,Evoqua Water Technologies,5.0,PA,US,Pittsburgh,501-1000 employees
10474,Giorgio Armani,7.0,MI,IT,Milano,5001-10000 employees
10479,Interra Information Technologies (InterraIT),4.0,CA,US,San Jose,201-500 employees
10515,"Shook, Hardy & Bacon L.L.P.",5.0,Missouri,US,Kansas City,501-1000 employees
10580,BRP,7.0,QC,CA,Valcourt,5001-10000 employees
10590,Gilbane Building Company,5.0,RI,US,Providence,501-1000 employees
10649,NBCUniversal Telemundo Enterprises,5.0,Florida,US,Miami,501-1000 employees
10667,Meta,7.0,CA,US,Menlo Park,5001-10000 employees
10737,Vulcan Materials Company,6.0,AL,US,Birmingham,1001-5000 employees
10769,CHRISTUS Health,7.0,TX,US,Irving,5001-10000 employees
10820,ESAB,6.0,MD,US,Annapolis Junction,1001-5000 employees
10874,Butler Aerospace & Defense,5.0,CT,US,Shelton,501-1000 employees
10883,David's Bridal,6.0,PA,US,Conshohocken,1001-5000 employees
10992,Vitro,7.0,Nuevo León,MX,San Pedro Garza García,5001-10000 employees
11054,Heartland,5.0,Oklahoma,US,Oklahoma City,501-1000 employees
11056,Insight Global,5.0,Georgia,US,Atlanta,501-1000 employees
11067,"Pinnacle Group, Inc.",6.0,Texas,US,Dallas,1001-5000 employees
11092,Terminix,7.0,Tennessee,US,Memphis,5001-10000 employees
11115,Infinite Computer Solutions,7.0,Maryland,US,Rockville,5001-10000 employees
11152,"Berry Global, Inc.",7.0,IN,US,Evansville,5001-10000 employees
11169,"Kinder Morgan, Inc.",7.0,Texas,US,Houston,5001-10000 employees
11180,HSB - Hartford Steam Boiler,5.0,CT,US,Hartford,501-1000 employees
11204,"Hill International, Inc.",5.0,New Jersey,US,Mount Laurel,501-1000 employees
11224,Travis County,5.0,Texas,US,Austin,501-1000 employees
11229,Vaco,7.0,Tennessee,US,Brentwood,5001-10000 employees
11240,"Burlington Stores, Inc.",7.0,NJ,US,Burlington,5001-10000 employees
11273,Johnson Electric,7.0,Unknown,HK,"Shatin, NT",5001-10000 employees
11349,"Manatt, Phelps & Phillips, LLP",4.0,California,US,Los Angeles,201-500 employees
11370,ANDRITZ,7.0,Styria,AT,Graz,5001-10000 employees
11419,General Atomics,7.0,CA,US,San Diego,5001-10000 employees
11522,Centura Health,7.0,Colorado,US,Centennial,5001-10000 employees
11618,Hormel Foods,7.0,MN,US,Austin,5001-10000 employees
11648,C&S Wholesale Grocers,7.0,NH,US,Keene,5001-10000 employees
11655,Open Systems Technologies,3.0,NY,US,New York,51-200 employees
11660,SolomonEdwards,5.0,PA,US,Wayne,501-1000 employees
11674,MAC Cosmetics,7.0,Unknown,US,0,5001-10000 employees
11701,Buchanan Technologies,4.0,Texas,US,Grapevine,201-500 employees
11727,Oceaneering,7.0,Texas,US,Houston,5001-10000 employees
11753,New York Sports Club,5.0,New York,US,New York ,501-1000 employees
11758,Wesco,7.0,Pennsylvania,US,Pittsburgh,5001-10000 employees
11804,Atlantic Health System,7.0,New Jersey,US,Morristown,5001-10000 employees
11832,Boise State University,5.0,ID,US,Boise,501-1000 employees
11834,Broadridge,7.0,New York,US,New York,5001-10000 employees
11891,ITR Group,2.0,MN,US,Mendota Heights,11-50 employees
11901,Myriad Genetics,5.0,UT,US,Salt Lake City,501-1000 employees
11921,Cambridge Health Alliance,5.0,MA,US,Cambridge,501-1000 employees
11948,Wilson Elser,5.0,NY,US,New York,501-1000 employees
11963,Epiq,6.0,New York,US,New York,1001-5000 employees
12007,Montblanc,5.0,Unknown,DE,Hamburg,501-1000 employees
12033,The Boston Beer Company,5.0,Massachusetts,US,Boston,501-1000 employees
12095,Ocean Spray Cranberries,5.0,Massachusetts,US,Middleboro-Lakeville,501-1000 employees
12129,Franke Group,6.0,Unknown,CH,Aarburg,1001-5000 employees
12158,Paladin Consulting,5.0,Texas,US,Dallas,501-1000 employees
12192,Safelite,7.0,OH,US,Columbus,5001-10000 employees
12227,Audible,5.0,NJ,US,Newark,501-1000 employees
12250,La-Z-Boy Incorporated,7.0,MI,US,Monroe,5001-10000 employees
12273,Day & Zimmermann,7.0,PA,US,Philadelphia,5001-10000 employees
12291,"Graphic Packaging International, LLC",7.0,Georgia,US,Atlanta,5001-10000 employees
12293,Idaho National Laboratory,6.0,ID,US,Idaho Falls,1001-5000 employees
12336,Culligan International,5.0,IL,US,Rosemont,501-1000 employees
12368,AKA Hotels+Hotel Residences,4.0,PA,US,Plymouth Meeting,201-500 employees
12555,New York City Economic Development Corporation,3.0,New York,US,New York,51-200 employees
12570,Seattle Public Schools,6.0,WA,US,Seattle,1001-5000 employees
12601,Granite Construction,6.0,California,US,Watsonville,1001-5000 employees
12701,Sensient Technologies Corporation,5.0,WI,US,Milwaukee,501-1000 employees
12709,Windstream,7.0,AR,US,Little Rock,5001-10000 employees
12770,UST,7.0,CA,US,Aliso Viejo,5001-10000 employees
12820,Altec,5.0,AL,US,Birmingham,501-1000 employees
12835,Holland & Hart LLP,4.0,CO,US,Denver,201-500 employees
12861,Sargent & Lundy,5.0,IL,US,Chicago,501-1000 employees
12863,Sierra Nevada Corporation,5.0,NV,US,Sparks,501-1000 employees
12890,Cabela's,7.0,Nebraska,US,Sidney,5001-10000 employees
12902,Burns & McDonnell,7.0,MO,US,Kansas City,5001-10000 employees
12907,ChristianaCare,7.0,Delaware,US,Newark,5001-10000 employees
12932,Hexcel Corporation,6.0,CT,US,Stamford,1001-5000 employees
12934,HMSHost,7.0,Unknown,US,0,5001-10000 employees
12958,Baltimore County Public Schools,7.0,Maryland,US,Towson,5001-10000 employees
12965,"Ethan Allen Global, Inc.",5.0,Connecticut,US,Danbury,501-1000 employees
13011,SMX,5.0,MD,US,Hollywood,501-1000 employees
13015,Hendrickson,5.0,IL,US,Woodridge,501-1000 employees
13033,Rittal North America LLC,4.0,Illinois,US,Schaumburg,201-500 employees
13073,Mercy Health,7.0,Ohio,US,Cincinnati,5001-10000 employees
13074,MultiCare Health System,7.0,WA,US,Tacoma,5001-10000 employees
13079,Orange County Government,6.0,Florida,US,Orlando,1001-5000 employees
13094,Harris County,7.0,Unknown,US,0,5001-10000 employees
13126,Cozen O'Connor,5.0,PA,US,Philadelphia,501-1000 employees
13151,Aggreko,6.0,Unknown,GB,Dumbarton,1001-5000 employees
13153,Aston Carter,5.0,Unknown,0,0,501-1000 employees
13181,Adventist HealthCare,6.0,MD,US,Gaithersburg,1001-5000 employees
13188,Management Sciences for Health,5.0,Massachusetts,US,Medford,501-1000 employees
13266,HAVI,7.0,Illinois,US,Chicago,5001-10000 employees
13268,Hiscox,5.0,Unknown,BM,Hamilton,501-1000 employees
13288,Accruent,5.0,TX,US,Austin,501-1000 employees
13309,"Systems Planning and Analysis, Inc.",5.0,VA,US,Alexandria,501-1000 employees
13333,Ledgent,3.0,CA,US,Orange,51-200 employees
13353,SSM Health,7.0,Missouri,US,St Louis,5001-10000 employees
13385,Sage,5.0,CA,US,Thousand Oaks,501-1000 employees
13386,Skechers,7.0,California,US,Manhattan Beach,5001-10000 employees
13421,Constellation Brands,6.0,NY,US,Victor,1001-5000 employees
13476,Regeneron,7.0,New York,US,Tarrytown,5001-10000 employees
13542,Greif,7.0,Ohio,US,Delaware,5001-10000 employees
13550,CohnReznick LLP,5.0,New York,US,New York,501-1000 employees
13626,Signet Jewelers,7.0,Ohio,US,Akron,5001-10000 employees
13651,MarketAxess,4.0,NY,US,New York,201-500 employees
13664,San Bernardino County HR,7.0,California,US,San Bernardino,5001-10000 employees
13670,Chamberlain Group,6.0,Illinois,US,Oak Brook,1001-5000 employees
13727,ZOLL Medical Corporation,5.0,01824,US,MA,501-1000 employees
13755,ArenaNet LLC,3.0,WA,US,Bellevue,51-200 employees
13769,ABF Freight,7.0,Arkansas,US,Fort Smith,5001-10000 employees
13780,Williams College,5.0,MA,US,Williamstown,501-1000 employees
13798,West Monroe,5.0,Illinois,US,Chicago,501-1000 employees
13816,Eliassen Group,5.0,MA,US,Reading,501-1000 employees
13856,Marathon Petroleum Corporation,7.0,Ohio,US,Findlay,5001-10000 employees
13880,Ballard Spahr LLP,5.0,Pennsylvania,US,Philadelphia,501-1000 employees
13920,UBC,5.0,PA,US,Blue Bell,501-1000 employees
13990,Zillow,6.0,Washington,US,Seattle,1001-5000 employees
14069,CES,5.0,Illinois,US,Bolingbrook,501-1000 employees
14078,"Food for the Hungry, Inc.",5.0,AZ,US,Phoenix,501-1000 employees
14084,Western Governors University,6.0,UT,US,Salt Lake City,1001-5000 employees
14100,Prosum,3.0,California,US,El Segundo,51-200 employees
14113,"TRC Staffing Services, Inc.",3.0,GA,US,Atlanta,51-200 employees
14133,Volvo Financial Services,5.0,North Carolina,OO,Greensboro,501-1000 employees
14140,Under Armour,7.0,Maryland,US,Baltimore,5001-10000 employees
14244,"CKE Restaurants, Inc.",6.0,Tennessee,US,Franklin,1001-5000 employees
14255,CJ Logistics America,5.0,Illinois,US,Des Plaines,501-1000 employees
14287,Lhoist,6.0,Walloon Region,BE,Limelette,1001-5000 employees
14336,Staff Management | SMX,4.0,Illinois,US,Chicago,201-500 employees
14344,Wildlife Conservation Society,5.0,New York,US,Bronx,501-1000 employees
14352,Solomon Page,5.0,NY,US,New York,501-1000 employees
14507,American Modern Insurance Group,5.0,OH,US,Cincinnati,501-1000 employees
14528,East West Bank,5.0,CA,US,Pasadena,501-1000 employees
14541,Newegg,5.0,California,US,City of Industry,501-1000 employees
14547,AVEVA,6.0,Unknown,GB,Cambridge,1001-5000 employees
14571,AVANGRID,6.0,Connecticut,US,Orange,1001-5000 employees
14611,Tommy Bahama,5.0,Washington,US,Seattle,501-1000 employees
14650,iCIMS,5.0,NJ,US,Holmdel,501-1000 employees
14651,Comrise,2.0,New Jersey,US,Woodbridge Township,11-50 employees
14680,Technology Partners,3.0,Missouri,US,Chesterfield,51-200 employees
14814,Profiles,2.0,MD,US,Baltimore,11-50 employees
14832,Tampa Electric,5.0,FL,US,Tampa,501-1000 employees
14938,Calamos Investments,3.0,Illinois,US,Naperville,51-200 employees
15080,Delaware North,7.0,NY,US,Buffalo,5001-10000 employees
15103,Hobart Food Equipment and Service,5.0,Ohio,US,Troy,501-1000 employees
15110,Innovative Systems Group,3.0,IL,US,Glen Ellyn,51-200 employees
15112,ENGIE North America Inc.,6.0,Texas,US,Houston,1001-5000 employees
15139,AmeriGas,6.0,Pennsylvania,US,King of Prussia,1001-5000 employees
15168,Texas Tech University Health Sciences Center,6.0,Texas,US,Lubbock,1001-5000 employees
15185,Tech USA,4.0,MD,US,Millersville,201-500 employees
15203,Kleinfelder,5.0,California,US,San Diego,501-1000 employees
15228,DISYS,5.0,VA,US,McLean,501-1000 employees
15231,Neudesic,4.0,CA,US,Irvine,201-500 employees
15283,Molina Healthcare,7.0,California,US,Long Beach,5001-10000 employees
15285,MorganFranklin Consulting,3.0,VA,US,McLean,51-200 employees
15317,Copart,6.0,TX,US,Dallas,1001-5000 employees
15355,The Hunter Group Associates,,IL,US,Chicago,Unknown
15413,Colorado School of Mines,5.0,CO,US,Golden,501-1000 employees
15460,Gresham Smith,4.0,Tennessee,US,Nashville,201-500 employees
15472,La Petite Academy,7.0,Unknown,US,0,5001-10000 employees
15473,Learning Care Group,7.0,MI,US,Novi,5001-10000 employees
15506,Synechron,7.0,NY,US,New York,5001-10000 employees
15544,Schweitzer Engineering Laboratories (SEL),6.0,WA,US,Pullman,1001-5000 employees
15546,Sentara Health,7.0,VA,US,Hampton Roads,5001-10000 employees
15564,Tesla,7.0,Texas,US,Austin,5001-10000 employees
15575,One Network Enterprises,4.0,Texas,US,Dallas,201-500 employees
15628,Green Dot Corporation,5.0,Texas,US,Austin,501-1000 employees
15656,AECOM,7.0,Texas,US,Dallas,5001-10000 employees
15669,Wheaton College,4.0,IL,US,Wheaton,201-500 employees
15677,Total Quality Logistics,6.0,Ohio,US,Cincinnati,1001-5000 employees
15725,Trammell Crow Residential,3.0,TX,US,Dallas,51-200 employees
15739,PCL Construction,5.0,Alberta,CA,Edmonton,501-1000 employees
15762,"Page Southerland Page, Inc.",5.0,DC,US,Washington,501-1000 employees
15916,Select Staffing,7.0,GA,US,Atlanta,5001-10000 employees
16038,UW Health,7.0,WI,US,Madison,5001-10000 employees
16094,Pharmavite,5.0,CA,US,West Hills,501-1000 employees
16101,Qualitest,6.0,Unknown,GB,London,1001-5000 employees
16118,@properties,5.0,IL,US,Chicago,501-1000 employees
16127,Matlen Silver,5.0,New Jersey,US,Somerville,501-1000 employees
16192,Tarrant County,5.0,TX,US,Fort Worth,501-1000 employees
16263,American National,5.0,Texas,US,Galveston,501-1000 employees
16272,ZoomInfo,5.0,Washington,US,Vancouver,501-1000 employees
16279,Party City,7.0,NJ,US,Woodcliff Lake,5001-10000 employees
16318,Unicity International,4.0,UT,US,Provo,201-500 employees
16322,WestEd,4.0,CA,US,San Francisco,201-500 employees
16388,"LanceSoft, Inc.",5.0,VA,US,Herndon,501-1000 employees
16402,Cross Country Healthcare,5.0,FL,US,Boca Raton,501-1000 employees
16462,Nemours,6.0,Florida,US,Jacksonville,1001-5000 employees
16589,Healthfirst,5.0,NY,US,New York,501-1000 employees
16690,Compunnel Inc.,5.0,New Jersey,US,Plainsboro,501-1000 employees
16710,Ferrellgas,5.0,Kansas,US,Overland Park,501-1000 employees
16726,Crocs,5.0,CO,US,Broomfield,501-1000 employees
16733,Bass Pro Shops,7.0,MO,US,Springfield,5001-10000 employees
16742,BPM LLP,5.0,CA,US,San Francisco,501-1000 employees
16775,"Major, Lindsey & Africa",3.0,Maryland,US,Hanover,51-200 employees
16892,Sorenson Communications,7.0,UT,US,Salt Lake City,5001-10000 employees
16907,Hospital for Special Surgery,6.0,NY,US,New York,1001-5000 employees
16944,Jet Aviation,5.0,BS,CH,Basel,501-1000 employees
16995,Munters,5.0,Stockholm County,SE,Stockholm,501-1000 employees
17084,BlueCat,3.0,Ontario,CA,Toronto,51-200 employees
17109,RaceTrac,6.0,Georgia,US,Atlanta,1001-5000 employees
17120,SIXT,6.0,Bayern,DE,Pullach,1001-5000 employees
17224,Trek Bicycle,6.0,WI,US,Waterloo,1001-5000 employees
17233,Covanta,5.0,NJ,US,Morristown,501-1000 employees
17246,"Relevante, Inc.",3.0,Pennsylvania,US,King of Prussia,51-200 employees
17283,Blackhawk Network,5.0,California,US,Pleasanton,501-1000 employees
17419,JPS Health Network,6.0,Texas,US,Fort Worth,1001-5000 employees
17483,Haley & Aldrich,4.0,MA,US,Burlington,201-500 employees
17516,Public Consulting Group,5.0,MA,US,Boston,501-1000 employees
17560,Antolin,7.0,Spain,ES,Burgos,5001-10000 employees
17603,Umpqua Bank,6.0,Oregon,US,Portland,1001-5000 employees
17639,Nth Degree,3.0,GA,US,Duluth,51-200 employees
17763,MediaTek,7.0,Unknown,TW,Hsin-Chu,5001-10000 employees
17882,DART (Dallas Area Rapid Transit),5.0,Texas,US,Dallas,501-1000 employees
17902,JLG Industries,5.0,PA,US,McConnellsburg,501-1000 employees
17937,24 Seven Talent,3.0,Unknown,US,New York,51-200 employees
17995,Schreiber Foods,6.0,Wisconsin,US,Green Bay,1001-5000 employees
18036,Fairfield Residential,5.0,California,US,San Diego,501-1000 employees
18043,Addison Group,5.0,Illinois,US,Chicago,501-1000 employees
18062,The Container Store,6.0,Texas,US,Coppell,1001-5000 employees
18109,Federated Insurance,5.0,MN,US,Owatonna,501-1000 employees
18154,American Specialty Health,5.0,IN,US,Carmel,501-1000 employees
18176,Swift Transportation,7.0,Arizona,US,Phoenix,5001-10000 employees
18214,Orion Talent,3.0,North Carolina,US,Cary,51-200 employees
18255,CareSource,5.0,OH,US,Dayton,501-1000 employees
18280,Contech Engineered Solutions,5.0,OH,US,West Chester,501-1000 employees
18287,Unitek Learning,4.0,CA,US,Newport Beach,201-500 employees
18306,Panda Restaurant Group,7.0,California,US,Rosemead,5001-10000 employees
18353,Omaha Public Power District,5.0,NE,US,Omaha,501-1000 employees
18401,Cherry Bekaert,5.0,North Carolina,US,Raleigh,501-1000 employees
18409,Destination by Hyatt,7.0,Colorado,US,Englewood,5001-10000 employees
18453,"Merit Medical Systems, Inc.",6.0,Utah,US,South Jordan,1001-5000 employees
18476,Brooksource,5.0,Indiana,US,Indianapolis,501-1000 employees
18639,"Advanced Resources Group, Inc.",3.0,Missouri,US,Chesterfield,51-200 employees
18660,"Cambridge Systematics, Inc.",3.0,MA,US,Medford,51-200 employees
18691,Legacy Health,7.0,OR,US,Portland,5001-10000 employees
18813,United Network for Organ Sharing (UNOS),3.0,VA,US,Richmond,51-200 employees
18878,World Resources Institute,4.0,DC,US,Washington,201-500 employees
18915,Taylor Morrison,5.0,AZ,US,Scottsdale,501-1000 employees
18921,Forrest Solutions,5.0,NY,US,New York,501-1000 employees
19010,Club Monaco,5.0,New York,US,New York,501-1000 employees
19022,DocuSign,6.0,CA,US,San Francisco,1001-5000 employees
19066,Option Care Health,6.0,Illinois,US,Bannockburn,1001-5000 employees
19072,PSCU,5.0,Florida,US,St Petersburg,501-1000 employees
19109,Fremont Bank,4.0,California,US,Fremont,201-500 employees
19170,Vedder Price,4.0,Illinois,US,Chicago,201-500 employees
19180,Synovus,6.0,Georgia,US,Columbus,1001-5000 employees
19236,Farm Credit Services of America,5.0,Nebraska,US,Omaha,501-1000 employees
19241,"Global Technical Talent, an Inc. 5000 Company",3.0,New Hampshire,US,Portsmouth,51-200 employees
19269,Potbelly Sandwich Works,6.0,IL,US,Chicago,1001-5000 employees
19327,Epic Games,5.0,NC,US,Cary,501-1000 employees
19337,Morehouse School of Medicine,5.0,ga,US,Atlanta,501-1000 employees
19349,Carollo Engineers,5.0,California,US,Walnut Creek,501-1000 employees
19368,Mechanics Bank,5.0,CA,US,Walnut Creek,501-1000 employees
19385,Kennedy Krieger Institute,5.0,MD,US,Baltimore,501-1000 employees
19394,SMCI,4.0,CA,US,Glendale,201-500 employees
19409,David Yurman,5.0,NY ,US,New York,501-1000 employees
19520,NSF,5.0,MI,US,Ann Arbor,501-1000 employees
19534,Atrium,3.0,NY,US,New York,51-200 employees
19540,Harris Teeter,7.0,North Carolina,US,Matthews,5001-10000 employees
19565,Anne Arundel County Public Schools,7.0,Maryland,US,Annapolis,5001-10000 employees
19626,ConsultNet,3.0,Utah,US,Salt Lake City,51-200 employees
19637,Motion,6.0,Alabama,US,Birmingham,1001-5000 employees
19668,Eurasia Group,2.0,NY,US,New York,11-50 employees
19698,The Lacek Group,3.0,MN,US,Minneapolis,51-200 employees
19722,Fannie Mae,6.0,District of Columbia,US,Washington,1001-5000 employees
19731,Monterey Bay Aquarium,4.0,CA,US,Monterey,201-500 employees
19767,Peabody Energy,5.0,Missouri,US,St. Louis,501-1000 employees
19785,Tulsa Community College,4.0,Oklahoma,US,Tulsa,201-500 employees
19807,First Financial Bank,5.0,OH,US,Cincinnati,501-1000 employees
19825,Meridian Technologies,3.0,NC,US,Charlotte,51-200 employees
19850,Arcadia University,4.0,PA,US,Glenside,201-500 employees
19851,Bank of Queensland,5.0,QLD,AU,Newstead,501-1000 employees
19902,WorldBridge Partners - Leaders in Recruiting and Executive Search,2.0,OH,US,Toledo,11-50 employees
20009,Bimbo Bakeries USA,7.0,PA,US,Horsham,5001-10000 employees
20140,Southwestern University,3.0,TX,US,Georgetown,51-200 employees
20167,California Energy Commission,4.0,California,US,Sacramento,201-500 employees
20344,Digital Realty,5.0,TX,US,Austin,501-1000 employees
20369,Michael Kors,7.0,New York,US,New York,5001-10000 employees
20397,"Waffle House, Inc.",7.0,Georgia,US,Norcross,5001-10000 employees
20415,BBSI,4.0,WA,US,Vancouver,201-500 employees
20441,IMB (International Mission Board),6.0,Virginia,US,Richmond,1001-5000 employees
20468,RouteOne,3.0,MI,US,Farmington Hills,51-200 employees
20489,St. John Knits,5.0,CA,US,Newport Beach,501-1000 employees
20551,PenFed Credit Union,5.0,Virginia,US,McLean,501-1000 employees
20573,Life Care Centers of America,7.0,Tennessee,US,Cleveland,5001-10000 employees
20629,American Bureau of Shipping (ABS),6.0,Texas,US,Spring,1001-5000 employees
20723,Sonic Automotive,7.0,North Carolina,US,Charlotte,5001-10000 employees
20725,Southern Research,3.0,Alabama,US,Birmingham,51-200 employees
20760,Aurora University,4.0,il,US,Aurora,201-500 employees
20767,Cardiovascular Research Foundation,2.0,NY,US,New York,11-50 employees
20875,CHOC Children's,5.0,California,US,Orange,501-1000 employees
20894,Huntington Health,5.0,California,US,Pasadena,501-1000 employees
20915,Lilly Pulitzer,5.0,Unknown,US,0,501-1000 employees
21000,"Captivate, LLC",2.0,New York,US,New York,11-50 employees
21250,Daikin Applied Americas,6.0,MN,US,Minneapolis,1001-5000 employees
21273,Sound Physicians,6.0,WA,US,Tacoma,1001-5000 employees
21337,NYC Health + Hospitals,7.0,NY,US,New York,5001-10000 employees
21425,Victaulic,5.0,PA,US,Easton,501-1000 employees
21444,Coastal Carolina University,5.0,SC,US,Conway,501-1000 employees
21667,Eckerd Connects,5.0,Florida,US,Clearwater,501-1000 employees
21738,Dealer Tire,5.0,Ohio,US,Cleveland,501-1000 employees
21784,Maxonic,3.0,CA,US,Campbell,51-200 employees
21792,Northmarq,5.0,MN,US,Bloomington,501-1000 employees
21835,CoreLogic,6.0,CA,US,Irvine,1001-5000 employees
21836,CyberCoders,3.0,CA,US,Irvine,51-200 employees
21890,Rehrig Pacific Company,5.0,CA,US,Los Angeles,501-1000 employees
21921,Wabash,6.0,Indiana,US,Lafayette,1001-5000 employees
21984,Marcum LLP,5.0,New York,US,New York,501-1000 employees
22003,AgreeYa Solutions,5.0,CA,US,Folsom,501-1000 employees
22026,Avalara,5.0,Washington,US,Seattle,501-1000 employees
22085,Lotus Interworks,3.0,Unknown,US,0,51-200 employees
22112,Samaritan's Purse,5.0,NC,US,Boone,501-1000 employees
22141,Tucson Electric Power,5.0,AZ,US,Tucson,501-1000 employees
22167,Hyundai AutoEver America,3.0,CA,US,Fountain Valley,51-200 employees
22241,Barton Malow,5.0,MI,US,Southfield,501-1000 employees
22456,Beacon Hill Staffing Group,5.0,MA,US,Boston,501-1000 employees
22505,The Walsh Group - Walsh Construction & Archer Western,6.0,IL,US,Chicago,1001-5000 employees
22523,lululemon,7.0,BC,CA,Vancouver,5001-10000 employees
22534,Marvin,6.0,MN,US,Warroad,1001-5000 employees
22612,ICW Group,5.0,CA,US,San Diego,501-1000 employees
22681,American Society of Clinical Oncology (ASCO),3.0,VA,US,Alexandria,51-200 employees
22803,Paycor,5.0,OH,US,Cincinnati,501-1000 employees
22980,YMCA of San Francisco,5.0,California,US,San Francisco,501-1000 employees
23067,Lindenwood University,5.0,MO,US,St. Charles,501-1000 employees
23172,Jones Walker LLP,4.0,LA,US,New Orleans,201-500 employees
23182,Akron Children's Hospital,6.0,Ohio,US,Akron,1001-5000 employees
23189,Ashton Woods Homes,5.0,GA,US,Alpharetta,501-1000 employees
23222,Children's Wisconsin,5.0,WI,US,Milwaukee,501-1000 employees
23236,Desert Financial Credit Union,5.0,Arizona,US,Phoenix,501-1000 employees
23258,Triton College,5.0,Illinois,US,River Grove,501-1000 employees
23383,Langan Engineering & Environmental Services,5.0,NJ,US,Parsippany,501-1000 employees
23499,ASPCA,4.0,NY ,US,New York,201-500 employees
23554,SRC,5.0,New York,US,North Syracuse,501-1000 employees
23662,Kimball Midwest,5.0,OH,US,Columbus,501-1000 employees
23680,Moravian University,3.0,PA,US,Bethlehem,51-200 employees
23789,U.S. Department of Veterans Affairs,7.0,DC,US,Washington,5001-10000 employees
23793,AIDS Healthcare Foundation,6.0,CA,US,Los Angeles,1001-5000 employees
23841,Blinds To Go,5.0,New Jersey,US,Paramus,501-1000 employees
23858,Southwire Company,6.0,GA,US,Carrollton,1001-5000 employees
24062,Directors Guild of America,3.0,California,US,Los Angeles,51-200 employees
24122,Asian Art Museum,2.0,ca,US,san francisco,11-50 employees
24187,REI Systems,4.0,VA,US,Sterling,201-500 employees
24211,Sterling Engineering,4.0,Illinois,US,Westchester,201-500 employees
24214,Synerfac Technical Staffing,2.0,DE,US,New Castle,11-50 employees
24239,University of the Incarnate Word,5.0,TX,US,San Antonio,501-1000 employees
24299,SThree,5.0,England,GB,London,501-1000 employees
24372,Memorial Health,5.0,Georgia,US,Savannah,501-1000 employees
24408,EDG,4.0,LA,US,Metairie,201-500 employees
24440,Collabera,7.0,New Jersey,US,Basking Ridge,5001-10000 employees
24518,Van Cleef & Arpels,5.0,Île-de-France,FR,Paris,501-1000 employees
24546,Reading Is Fundamental,1.0,District of Columbia,US,Washington,1-10 employees
24629,Applicantz,3.0,TX,US,Houston,51-200 employees
24642,Q Consulting,2.0,MN,US,Minneapolis,11-50 employees
24798,Blue Cross Blue Shield of Arizona,5.0,Arizona,US,Phoenix,501-1000 employees
24803,Convergenz,3.0,Virginia,US,Vienna,51-200 employees
24836,CommunityAmerica Credit Union,4.0,Unknown,US,0,201-500 employees
25017,Simpson Strong-Tie,5.0,CA,US,Pleasanton,501-1000 employees
25076,Rochester Regional Health,7.0,New York,US,Rochester,5001-10000 employees
25081,Shea Properties,3.0,CA,US,Aliso Viejo,51-200 employees
25082,Security Benefit,4.0,KS,US,Topeka,201-500 employees
25370,Western Oregon University,4.0,OR,US,Monmouth,201-500 employees
25371,White Cap,6.0,Georgia,US,Norcross,1001-5000 employees
25374,Watlow,5.0,MO,US,St. Louis,501-1000 employees
25452,Tenable,5.0,MD,US,Columbia,501-1000 employees
25461,EPITEC,5.0,MI,US,Southfield,501-1000 employees
25552,Johnsonville,5.0,Wisconsin,US,Sheboygan Falls,501-1000 employees
25683,D&H Distributing,5.0,PA,US,Harrisburg,501-1000 employees
25715,Duquesne Light Company,5.0,PA,US,Pittsburgh,501-1000 employees
25719,Design Partners,1.0,Wisconsin,US,Racine,1-10 employees
25742,AHIMA,2.0,IL,US,Chicago,11-50 employees
25856,Tradesmen International,7.0,Ohio,US,Cleveland,5001-10000 employees
25929,The Davis Companies,2.0,Massachusetts,US,Marlborough,11-50 employees
25932,Swedish Hospital,5.0,Illinois,US,Chicago,501-1000 employees
25963,PODS,5.0,FL,US,Clearwater,501-1000 employees
25986,NewDay USA,4.0,MD,US,Fulton,201-500 employees
26041,Mouser Electronics,5.0,TX,US,Mansfield,501-1000 employees
26067,Discount Tire,7.0,AZ,US,Scottsdale,5001-10000 employees
26167,"Lytx, Inc.",4.0,CA,US,San Diego,201-500 employees
26205,American Fidelity,5.0,OK,US,Oklahoma City,501-1000 employees
26231,Burns & Wilcox,5.0,MI,US,Farmington Hills,501-1000 employees
26288,"Yamaichi Electronics USA, Inc.",2.0,CA,US,San Jose,11-50 employees
26315,Spencer's,7.0,NJ,US,Egg Harbor Township,5001-10000 employees
26322,TM Floyd & Company (TMF),3.0,SC,US,Columbia,51-200 employees
26432,Lindamood-Bell Learning Processes,4.0,Unknown,US,0,201-500 employees
26586,Horace Mann,5.0,IL,US,Springfield,501-1000 employees
26630,CyberArk,5.0,MA,US,Newton,501-1000 employees
26676,A. O. Smith Corporation,7.0,WI,US,Milwaukee,5001-10000 employees
26741,AC Transit,5.0,CA,US,Oakland,501-1000 employees
26781,Aspire Systems,5.0,Tamil Nadu,IN,Chennai,501-1000 employees
26792,Baltimore Aircoil Company,5.0,Maryland,US,Jessup,501-1000 employees
26793,Apexon,6.0,California,US,Santa Clara,1001-5000 employees
26873,"El Pollo Loco, Inc.",6.0,CA,US,Costa Mesa,1001-5000 employees
26923,Holiday Stationstores,7.0,MN,US,Bloomington,5001-10000 employees
26932,FLEETCOR,6.0,Georgia,US,Atlanta,1001-5000 employees
27069,Premier Talent Partners,1.0,CA,US,San Francisco,1-10 employees
27127,Remington Hospitality,6.0,TX,US,Dallas,1001-5000 employees
27172,State of South Dakota,7.0,SD,US,Pierre,5001-10000 employees
27290,Total Wine & More,6.0,MD,US,Bethesda,1001-5000 employees
27292,US Tech Solutions,5.0,NJ,US,New Jersey,501-1000 employees
27299,Trex Company,5.0,Unknown,US,0,501-1000 employees
27333,"Sonos, Inc.",5.0,CA,US,Santa Barbara,501-1000 employees
27334,Steve Madden,5.0,NY,US,Long Island City,501-1000 employees
27345,Speedway LLC,7.0,OH,US,Enon,5001-10000 employees
27383,HIRECLOUT,2.0,California,US,Los Angeles,11-50 employees
27432,Standard Textile,5.0,OH,US,Cincinnati,501-1000 employees
27494,neteffects,3.0,MO,US,Chesterfield,51-200 employees
27573,Methodist Health System,6.0,TX,US,Dallas,1001-5000 employees
27625,L.A. Care Health Plan,5.0,CA,US,Los Angeles,501-1000 employees
27722,Batteries Plus,5.0,WI,US,Hartland,501-1000 employees
27725,"Chart Industries, Inc.",7.0,Georgia,US,Ball Ground,5001-10000 employees
27752,CalOptima,5.0,California,US,Orange,501-1000 employees
27758,Century Group,3.0,CA,US,El Segundo,51-200 employees
27771,a2c IT Consulting,2.0,PA,US,Philadelphia,11-50 employees
27792,Airlines for America,2.0,DC,US,Washington,11-50 employees
27803,"Bob Evans Farms, Inc.",5.0,Ohio,US,New Albany,501-1000 employees
27837,UNFI,7.0,RI,US,Providence,5001-10000 employees
27872,Southern Regional Medical Center,5.0,Georgia,US,Riverdale,501-1000 employees
27903,Vision Technology Services,3.0,Maryland,US,Hunt Valley,51-200 employees
27930,Trimont,3.0,GA,US,Atlanta-Dallas-Kansas City-London-New York-Sydney,51-200 employees
27964,SEH,4.0,Minnesota,US,St. Paul,201-500 employees
27973,Riverside Health System,6.0,Virginia,US,Newport News,1001-5000 employees
28014,Nesco Resource,4.0,Ohio,US,Mayfield Heights,201-500 employees
28052,Saputo Inc.,7.0,Quebec,CA,Montreal,5001-10000 employees
28053,Sanford Health,7.0,SD,US,Sioux Falls,5001-10000 employees
28154,Intelerad Medical Systems,4.0,Quebec,CA,Montreal,201-500 employees
28169,Mission Health,7.0,28801,US,North Carolina,5001-10000 employees
28209,ICU Medical,6.0,CA,US,San Clemente,1001-5000 employees
28354,Covenant Health,6.0,Texas,US,Lubbock,1001-5000 employees
28409,Achievement First,4.0,New York,US,Brooklyn,201-500 employees
28424,Buck Institute for Research on Aging,2.0,CA,US,Novato,11-50 employees
28498,WellSpan Health,7.0,PA,US,York,5001-10000 employees
28526,The Select Group,3.0,North Carolina,US,Raleigh,51-200 employees
28629,School District U-46,6.0,IL,US,Elgin,1001-5000 employees
28734,KIK Consumer Products,5.0,GA,US,Lawrenceville,501-1000 employees
28791,Madonna University,4.0,MI,US,Livonia,201-500 employees
28810,Klein Tools,5.0,Il,US,Lincolnshire,501-1000 employees
28836,Johnstone Supply,4.0,Oregon,US,Portland,201-500 employees
28893,Forever 21,7.0,CA,US,Los Angeles,5001-10000 employees
28899,Foster McKay,1.0,NJ,US,Florham Park,1-10 employees
28923,Harbor Freight Tools,7.0,CA,US,Calabasas,5001-10000 employees
29091,BrainWorks,1.0,Unknown,US,New York Metro,1-10 employees
29140,"Vanu, Inc. ",2.0,MA,US,Lexington,11-50 employees
29160,kate spade new york,6.0,Unknown,US,New York,1001-5000 employees
29308,StevenDouglas,2.0,FL,US,Sunrise,11-50 employees
29331,Parkview Health,7.0,IN,US,Fort Wayne,5001-10000 employees
29352,ServiceNow,7.0,CA,US,Santa Clara,5001-10000 employees
29355,Schnitzer Steel,5.0,OR,US,Portland,501-1000 employees
29399,North American Bancard,5.0,MI,US,Troy,501-1000 employees
29448,JVT Advisors,2.0,MA,US,Andover,11-50 employees
29497,Merrick & Company,4.0,CO,US,Greenwood Village,201-500 employees
29579,Enterprise Bank & Trust,4.0,MO,US,Clayton,201-500 employees
29602,Flagship Pioneering,3.0,MA,US,Cambridge,51-200 employees
29620,Gateway Foundation,5.0,Illinois,US,Chicago,501-1000 employees
29639,Centra Health,6.0,VA,US,Lynchburg,1001-5000 employees
29686,Dahl Consulting,2.0,Minnesota,US,Edina,11-50 employees
29848,"iSpace, Inc.",5.0,California,US,El Segundo,501-1000 employees
29849,CSL Plasma,7.0,Florida,US,Boca Raton,5001-10000 employees
30086,Palo Alto Networks,7.0,California,US,SANTA CLARA,5001-10000 employees
30093,OATI,4.0,Minnesota,US,Bloomington,201-500 employees
30116,Roberts Wesleyan University,3.0,NY,US,Rochester,51-200 employees
30145,Maryville College,3.0,TN,US,Maryville,51-200 employees
30186,Premier International,2.0,Illinois,US,Chicago,11-50 employees
30225,Motiva Enterprises LLC,5.0,TX,US,Houston,501-1000 employees
30324,Intelliswift Software,5.0,CA,US,Newark,501-1000 employees
30490,Comfort Systems USA,7.0,TX,US,Houston,5001-10000 employees
30498,Claire's,7.0,IL,US,Hoffman Estates,5001-10000 employees
30507,DentaQuest,5.0,Massachusetts,US,Wellesley Hills,501-1000 employees
30755,Tillys,6.0,California,US,Irvine,1001-5000 employees
30876,Salem Five Bank,4.0,MA,US,Salem,201-500 employees
30898,Prodapt,6.0,Tamilnadu,IN,Chennai,1001-5000 employees
30967,O'Reilly Auto Parts,7.0,MO,US,Springfield,5001-10000 employees
31065,JE Dunn Construction,5.0,MO,US,Kansas City,501-1000 employees
31265,First Solar,6.0,Arizona,US,Tempe,1001-5000 employees
31439,Adams & Martin Group,2.0,CA,US,Orange,11-50 employees
31515,Ventura Foods,5.0,CA,US,Brea,501-1000 employees
31636,Bozzuto,5.0,MD,US,Greenbelt,501-1000 employees
31644,The Health Trust,2.0,California,US,San Jose,11-50 employees
31649,"Shoe Carnival, Inc.",6.0,IN,US,Evansville,1001-5000 employees
31710,ProAssurance,4.0,AL,US,Birmingham,201-500 employees
31805,Samaritan Health Services,6.0,Oregon,US,Corvallis,1001-5000 employees
31815,Satellite Healthcare / WellBound,5.0,California,US,San Jose,501-1000 employees
31827,Methodist Healthcare System,6.0,Texas,US,San Antonio,1001-5000 employees
31863,Plains All American,5.0,TX,US,Houston,501-1000 employees
31869,Presbyterian Healthcare Services,7.0,NM,US,Albuquerque,5001-10000 employees
31882,"J. J. Keller & Associates, Inc.",5.0,WI,US,Neenah,501-1000 employees
31896,Lutheran Social Services of Illinois,5.0,IL,US,Des Plaines,501-1000 employees
31953,LACERA,3.0,CA,US,Pasadena,51-200 employees
31972,INTERPRINT Group,5.0,Nordrhein-Westfalen,DE,Arnsberg,501-1000 employees
32336,Accentuate Staffing,1.0,North Carolina,US,Raleigh,1-10 employees
32455,Woodgrain,5.0,Idaho,US,Fruitland,501-1000 employees
32469,St. Elizabeth Healthcare,6.0,KY,US,Edgewood,1001-5000 employees
32478,Smithfield Foods,7.0,Virginia,US,Smithfield,5001-10000 employees
32685,Paralyzed Veterans of America,2.0,DC,US,Washington,11-50 employees
32727,LocumTenens.com,3.0,Georgia,US,Alpharetta,51-200 employees
32758,Phillips-Medisize,6.0,WI,US,Hudson,1001-5000 employees
32831,"Matco Tools, A Vontier Company",4.0,Ohio,US,Stow,201-500 employees
32924,GardaWorld,7.0,Quebec,CA,Saint-Laurent ,5001-10000 employees
32987,GIVENCHY,3.0,Unknown,FR,Paris,51-200 employees
33055,Find Great People | FGP,2.0,SC,US,Greenville,11-50 employees
33134,Center for Reproductive Rights,2.0,Unknown,US,0,11-50 employees
33177,Bank of Marin,3.0,CA,US,Novato,51-200 employees
33218,Contemporary Staffing Solutions,4.0,New Jersey,US,Moorestown,201-500 employees
33264,Associa,7.0,Texas,US,Dallas,5001-10000 employees
33283,Pantex Plant,5.0,TX,US,Amarillo,501-1000 employees
33619,Sunwest Bank,3.0,Utah,US,Sandy,51-200 employees
33648,Reser's Fine Foods,6.0,OR,US,Beaverton,1001-5000 employees
33711,SWCA Environmental Consultants,5.0,AZ,US,Phoenix,501-1000 employees
33874,Lexington Medical Center,6.0,South Carolina,US,West Columbia,1001-5000 employees
33945,John Hardy,5.0,NY,US,New York,501-1000 employees
34081,Hathaway Dinwiddie,4.0,California,US,San Francisco,201-500 employees
34177,"Excel Partners, Inc.",1.0,CT,US,Norwalk,1-10 employees
34208,Canfor,6.0,BC,CA,Vancouver,1001-5000 employees
34218,Community Health Center,4.0,CT,US,Middletown,201-500 employees
34220,Cambria,5.0,MN,US,Eden Prairie,501-1000 employees
34434,Spok,4.0,Virginia,US,Alexandria,201-500 employees
34484,Advent Global Solutions,5.0,TX,US,Houston,501-1000 employees
34552,Brownstein Hyatt Farber Schreck,4.0,CO,US,Denver,201-500 employees
34583,Cook Children's Health Care System,6.0,TX,US,Fort Worth,1001-5000 employees
34616,Avesta Computer Services,2.0,New Jersey,US,Somerset,11-50 employees
34638,Ballinger,3.0,PA,US,Philadelphia,51-200 employees
34658,City of New Haven,5.0,CT,US,New Haven,501-1000 employees
34704,Crothall Healthcare,7.0,PA,US,Wayne,5001-10000 employees
34821,Elwyn,5.0,PA,US,Media,501-1000 employees
34867,GEHA Health,5.0,Missouri,US,Leeꞌs Summit,501-1000 employees
34997,IST Management,5.0,Georgia,US,Atlanta,501-1000 employees
35059,National Athletic Trainers'​ Association,1.0,TX,US,Carrollton,1-10 employees
35135,"Metasys Technologies, Inc.",3.0,GA,US,Atlanta,51-200 employees
35184,University of North Carolina School of the Arts,3.0,North Carolina,US,Winston-Salem,51-200 employees
35224,Scientific Search,1.0,New Jersey,US,Cherry Hill,1-10 employees
35259,OtterBase,3.0,Michigan,US,Grand Rapids,51-200 employees
35351,Sherman & Howard L.L.C.,3.0,Colorado,US,Denver,51-200 employees
35504,VCA Animal Hospitals,7.0,CA,US,Los Angeles,5001-10000 employees
35529,WiLine Networks,2.0,NJ,US,Princeton,11-50 employees
35647,Adaptive Solutions Group,2.0,Missouri,US,St Louis,11-50 employees
35822,Coppin State University,4.0,MD,US,Baltimore,201-500 employees
36019,Emser Tile,4.0,CA,US,Los Angeles,201-500 employees
36141,Golf Galaxy,5.0,PA,US,Coraopolis,501-1000 employees
36232,KellyMitchell Group,5.0,MO,US,Saint Louis,501-1000 employees
36519,"QUAD, a SolomonEdwards Company",1.0,Pennsylvania,US,Wayne,1-10 employees
36569,Ruan Transportation Management Systems,6.0,Iowa,US,Des Moines,1001-5000 employees
36635,Tenderloin Housing Clinic,3.0,CA,US,San Francisco,51-200 employees
36676,Revolution Technologies,5.0,FL,US,Melbourne,501-1000 employees
36749,Torrid,6.0,CA,US,City of Industry,1001-5000 employees
36769,Wesley Healthcare,5.0,Kansas,US,Wichita,501-1000 employees
36879,YMCA of Greater Houston,5.0,Texas,US,Houston,501-1000 employees
36995,99 Cents Only Stores,7.0,CA,US,Commerce,5001-10000 employees
37210,"Chiesi USA, Inc.",3.0,North Carolina,US,Cary,51-200 employees
37224,ConnectiCare,4.0,CT,US,Farmington,201-500 employees
37310,Diamond V,3.0,Iowa,US,Cedar Rapids,51-200 employees
37426,Digital Divide Data (DDD),5.0,Unknown,US,New York,501-1000 employees
37486,Greystar,7.0,South Carolina,US,Charleston,5001-10000 employees
37516,Halff,5.0,Texas,US,Richardson,501-1000 employees
37520,The HT Group,3.0,TX,US,Austin,51-200 employees
37524,"HR Options, Inc.",5.0,California,US,Concord,501-1000 employees
37697,Lincoln Investment,3.0,PA,US,Fort Washington,51-200 employees
37768,"Milestone Technologies, Inc.",5.0,CA,US,Fremont,501-1000 employees
37781,Lourdes University,3.0,Ohio,US,Sylvania,51-200 employees
37857,Pierce Manufacturing,5.0,WI,US,Appleton,501-1000 employees
37871,Performant Corp,5.0,CA,US,Livermore,501-1000 employees
37894,Pathfinders,1.0,PA,US,Wayne,1-10 employees
37900,Odyssey Systems,4.0,MA,US,Wakefield,201-500 employees
37914,Össur,5.0,Iceland,IS,Reykjavik,501-1000 employees
38117,TBG | The Bachrach Group,3.0,NY,US,New York,51-200 employees
38204,Whataburger,7.0,Texas,US,San Antonio,5001-10000 employees
38264,Vera Bradley,5.0,IN,US,Roanoke,501-1000 employees
38400,"Ambassador Personnel, Inc.",6.0,GA,US,Thomasville,1001-5000 employees
38521,Bryan Health,6.0,Nebraska,US,Lincoln,1001-5000 employees
38587,Automated Logic Corporation,4.0,GA,US,Kennesaw,201-500 employees
38605,Bethany Christian Services,5.0,Michigan,US,Grand Rapids,501-1000 employees
38897,Holy Name Medical Center,5.0,New Jersey,US,Teaneck,501-1000 employees
38913,"GAI Consultants, Inc.",4.0,PA,US,Homestead,201-500 employees
39039,Kingland,3.0,IA,US,Clear Lake,51-200 employees
39065,Freese and Nichols,4.0,Texas,US,Fort Worth,201-500 employees
39189,"ICON Consultants, LP",5.0,TX,US,Houston,501-1000 employees
39203,LinQuest,5.0,CA,US,Los Angeles,501-1000 employees
39220,Levy Search,1.0,England,GB,Farringdon,1-10 employees
39249,MCC Label,7.0,Ohio,US,Batavia,5001-10000 employees
39472,Saint Clare's Health,5.0,NJ,US,Denville,501-1000 employees
39930,Wollborg Michelson Recruiting,3.0,CA,US,San Ramon,51-200 employees
40025,Arthrex,5.0,Florida,US,Naples,501-1000 employees
40317,CJRW,2.0,AR,US,Little Rock,11-50 employees
40369,Donor Network West,3.0,CA,US,San Ramon,51-200 employees
40392,Elevations Credit Union,3.0,Colorado,US,Boulder,51-200 employees
40783,Inceed,2.0,Oklahoma,US,Tulsa,11-50 employees
40894,Medix™,4.0,Illinois,US,Chicago,201-500 employees
40910,Macrosoft,3.0,NJ,US,Parsippany,51-200 employees
41004,Lowes Foods,6.0,North Carolina,US,Winston-Salem,1001-5000 employees
41008,Mary Washington Healthcare,5.0,VA,US,Fredericksburg,501-1000 employees
41147,Pacific Premier Bank,5.0,CA,US,Irvine,501-1000 employees
41245,RTD,5.0,CO,US,Denver,501-1000 employees
41255,PEG Staffing & Recruiting,5.0,Missouri,US,Creve Coeur,501-1000 employees
41266,RGBSI,5.0,MI,US,Troy,501-1000 employees
41294,The Connors Group,1.0,NJ,US,Secaucus,1-10 employees
41447,TTI Floor Care North America,4.0,NC,US,Charlotte,201-500 employees
41680,AHCA/NCAL,2.0,DC,US,Washington,11-50 employees
41754,AccruePartners,3.0,NC,US,Charlotte,51-200 employees
41771,"Akraya, Inc.",3.0,California,US,Santa Clara,51-200 employees
41854,Bolthouse Farms,5.0,CA,US,Bakersfield,501-1000 employees
42084,CallMiner,3.0,MA,US,Waltham,51-200 employees
42104,Combe Incorporated,3.0,New York,US,White Plains,51-200 employees
42134,Visionworks of America,6.0,TX,US,San Antonio ,1001-5000 employees
42221,Dexcom,6.0,California,US,San Diego,1001-5000 employees
42259,Del Taco,6.0,CA,US,Lake Forest,1001-5000 employees
42481,Hanmi Bank,4.0,California,US,Los Angeles,201-500 employees
42744,Monument Staffing,1.0,MA,US,Boston,1-10 employees
42805,Markwins Beauty Brands,5.0,California,US,City of Industry,501-1000 employees
42873,Medela,5.0,ZG,CH,Baar,501-1000 employees
42875,Lovesac,4.0,CT,US,Stamford,201-500 employees
42925,Navitus Health Solutions,5.0,WI,US,Madison,501-1000 employees
43041,Saint Alphonsus,5.0,Idaho,US,Boise,501-1000 employees
43093,RES,5.0,Hertfordshire,GB,Kings Langley,501-1000 employees
43278,Sparrow Health System,6.0,MI,US,Lansing,1001-5000 employees
43325,Solugenix,5.0,California,US,Brea,501-1000 employees
43432,Weidenhammer,2.0,PA,US,Wyomissing,11-50 employees
43533,"i360technologies, Inc. (i360)",2.0,Virginia,US,Leesburg,11-50 employees
43558,pureIntegration,2.0,VA,US,Reston,11-50 employees
43577,"York Solutions, LLC",2.0,IL,US,Westchester,11-50 employees
43876,Gilman Partners,1.0,Ohio,US,Cincinnati,1-10 employees
44012,"D. Hilton Associates, Inc.",1.0,Texas,US,The Woodlands,1-10 employees
44095,FYI Solutions,2.0,NJ,US,Parsippany,11-50 employees
44295,HealthCare Recruiters International,2.0,CA,US,Los Angeles,11-50 employees
44315,Harmer,1.0,IL,US,Chicago,1-10 employees
44375,IHRSA,1.0,MA,US,Boston,1-10 employees
44407,HHM Hotels,7.0,Pennsylvania,US,Philadelphia,5001-10000 employees
44431,Gelia,2.0,NY,US,Buffalo,11-50 employees
44751,Marin Community Foundation,1.0,California,US,Novato,1-10 employees
44775,NHRA: Championship Drag Racing,3.0,CA,US,"San Dimas, CA 91773",51-200 employees
44786,Nacha,2.0,Virginia,US,Herndon,11-50 employees
44829,Mattamy Homes,5.0,ON,CA,Toronto,501-1000 employees
44960,Pregis,5.0,Illinois,US,Chicago,501-1000 employees
45068,Saia Inc.,7.0,Georgia,US,Johns Creek,5001-10000 employees
45072,SVAM International Inc.,5.0,New York,US,Great Neck,501-1000 employees
45091,SNF Holding Company,5.0,Georgia,US,Riceboro,501-1000 employees
45170,"Schnuck Markets, Inc.",7.0,Unknown,US,0,5001-10000 employees
45346,The Intersect Group,4.0,Georgia,US,Atlanta,201-500 employees
45410,TBM Consulting Group,2.0,NC,US,Morrisville,11-50 employees
45420,Sécheron SA,4.0,Geneva,CH,Satigny - Geneva,201-500 employees
45593,VIVA USA Inc.,4.0,Illinois,US,Rolling Meadows,201-500 employees
45603,Palmer Group,2.0,Iowa,US,West Des Moines,11-50 employees
45750,Wolford,5.0,Unknown,AT,Bregenz,501-1000 employees
45970,Antech Diagnostics,5.0,CA,US,Fountain Valley,501-1000 employees
45975,Another Source,1.0,Unknown,US,Seattle,1-10 employees
46119,Charter Global,5.0,Georgia,US,Atlanta,501-1000 employees
46318,Community College of Aurora,7.0,co,US,Aurora,5001-10000 employees
46491,Domini Impact Investments LLC,1.0,New York ,US,New York,1-10 employees
46521,Direct Auto Insurance,6.0,TN,US,Nashville,1001-5000 employees
46648,Hydrogen Group,3.0,Greater London,GB,London,51-200 employees
46970,"Integrated Resources, Inc ( IRI )",4.0,NJ,US,Edison,201-500 employees
47024,Corps Team,2.0,GA,US,Atlanta,11-50 employees
47040,Mindlance,5.0,NJ,US,Union,501-1000 employees
47238,Northcentral Technical College,4.0,WI,US,Wausau,201-500 employees
47475,Red Oak Technologies,4.0,CA,US,San Jose,201-500 employees
47905,Westlake,7.0,Texas,US,Houston,5001-10000 employees
48024,Zachry Group,7.0,TX,US,San Antonio,5001-10000 employees
48257,AVI Systems,4.0,Minnesota,US,Eden Prairie,201-500 employees
48467,Capstone IT,2.0,Nebraska,US,Omaha,11-50 employees
48528,Crescent Communities,3.0,NC,US,Charlotte,51-200 employees
48682,City of Hillsboro,4.0,Unknown,US,0,201-500 employees
48835,Exact Sciences,6.0,Wisconsin,US,Madison,1001-5000 employees
48915,Donovan & Watkins,1.0,TX,US,Houston,1-10 employees
49025,Douglas Emmett,4.0,California,US,Santa Monica,201-500 employees
49042,Five Star Senior Living,7.0,Massachusetts,US,Newton,5001-10000 employees
49223,Goodwill of Central and Northern Arizona,5.0,AZ,US,Phoenix,501-1000 employees
49455,"IDEAL INDUSTRIES, INC",5.0,Illinois,US,Sycamore,501-1000 employees
49681,OKAYA INFOCOM,3.0,NY,US,Lake Ronkonkoma,51-200 employees
49761,Peyton Resource Group,1.0,TX,US,Irving,1-10 employees
50040,Nidec SV Probe,4.0,Arizona,US,Tempe,201-500 employees
50111,Servomex,3.0,East Sussex,GB,Crowborough,51-200 employees
50170,Research Medical Center,5.0,Missouri,US,Kansas City,501-1000 employees
50190,Roux,3.0,New York,US,Islandia,51-200 employees
50215,Publicis Media,7.0,England,GB,London,5001-10000 employees
50226,Rishabh Software,4.0,Gujarat,IN,Vadodara,201-500 employees
50381,The Bar Association of San Francisco,2.0,California,US,San Francisco,11-50 employees
50511,Stream Realty Partners,5.0,TX,US,Dallas,501-1000 employees
50801,W3R Consulting,3.0,MI,US,Southfield,51-200 employees
50861,Acro Service Corp,5.0,Michigan,US,Livonia,501-1000 employees
50909,Advice Personnel,1.0,NY,US,New York,1-10 employees
50913,Wellabe,3.0,Iowa,US,Des Moines,51-200 employees
51063,Blue Diamond Growers,5.0,CA,US,Sacramento,501-1000 employees
51205,Ariat International,3.0,California,US,Union City,51-200 employees
51279,"Corrpro Companies, Inc.",6.0,TX,US,Houston,1001-5000 employees
51716,"Enercon Services, Inc.",5.0,Georgia,US,Kennesaw,501-1000 employees
51832,East Bay Regional Park District,4.0,CA,US,Oakland,201-500 employees
52047,Gray,5.0,KY,US,Lexington,501-1000 employees
52112,Jewish Board of Family and Children's Services,5.0,NY,US,New York,501-1000 employees
52119,Kennison & Associates,1.0,MA,US,Boston,1-10 employees
52591,Martignetti Companies,5.0,MA,US,Taunton,501-1000 employees
52638,Mainz Brady Group,2.0,CA,US,San Mateo,11-50 employees
52680,Performance Trust Capital Partners,3.0,Il,US,Chicago,51-200 employees
52945,Qdoba Restaurant Corporation,5.0,CALIFORNIA,US,San Diego,501-1000 employees
52972,ObjectWin Technology,4.0,TX,US,HOUSTON,201-500 employees
53009,San Andreas Regional Center,3.0,California,US,San Jose,51-200 employees
53042,Röchling Automotive,6.0,Unknown,DE,Mannheim,1001-5000 employees
53118,SBS Creatix,2.0,Missouri,US,Saint Louis,11-50 employees
53193,Rinnai America Corporation,3.0,GA,US,Peachtree City,51-200 employees
53252,"TEAM, Inc.",6.0,Texas,US,Sugar Land,1001-5000 employees
53452,Sloan,5.0,IL,US,Franklin Park,501-1000 employees
53464,Edelman DXI,3.0,NY,US,New York,51-200 employees
53596,vineyard vines,5.0,Connecticut,US,Stamford,501-1000 employees
53708,Scoular,5.0,Nebraska,US,Omaha,501-1000 employees
53868,Yuma Regional Medical Center,5.0,Unknown,US,0,501-1000 employees
53971,ABC Supply Co. Inc.,7.0,WI,US,Beloit,5001-10000 employees
54116,"Alex Lee, Inc.",6.0,North Carolina,US,Hickory,1001-5000 employees
54132,Alamo Group Inc.,5.0,Texas,US,Seguin,501-1000 employees
54759,Charles Tyrwhitt,4.0,London,GB,London,201-500 employees
54788,Clark Davis Associates,1.0,New Jersey,US,Parsippany,1-10 employees
54799,CampusPoint,1.0,WA,US,Seattle,1-10 employees
54844,Delta Dallas,1.0,TX,US,Dallas,1-10 employees
55170,Greene Resources,2.0,NC,US,Raleigh,11-50 employees
55215,ICONMA,5.0,MI,US,Troy,501-1000 employees
55303,Groupe Insearch,1.0,California,US,San Francisco,1-10 employees
55305,"Global CI (Global Commerce & Information, Inc.)",2.0,MD,US,Baltimore,11-50 employees
55394,Great West Casualty Company,4.0,NE,US,South Sioux City,201-500 employees
55546,"LCG, Inc.",3.0,MD,US,Rockville,51-200 employees
55787,Lupin Pharmaceuticals,4.0,MD,US,Baltimore,201-500 employees
56092,Olson Zaltman,1.0,PA,US,Pittsburgh,1-10 employees
56502,Saint Paul College-A Community and Technical College,3.0,MN,US,St. Paul,51-200 employees
56628,REDF,1.0,California,US,San Francisco,1-10 employees
56670,"SBM Management Services, LP",7.0,California,US,McClellan,5001-10000 employees
56766,SouthEast Alaska Regional Health Consortium (SEARHC),4.0,AK,US,Juneau,201-500 employees
56833,SSi People,2.0,PA,US,Cranberry Township,11-50 employees
56861,Cara Chicago,2.0,IL,US,Chicago,11-50 employees
57207,VI Marketing and Branding,2.0,OK,US,Oklahoma City,11-50 employees
57367,TMX Finance Family of Companies,5.0,Georgia,US,Savannah,501-1000 employees
57421,USDM Life Sciences,3.0,CA,US,Santa Barbara,51-200 employees
57437,Youngsoft Inc,2.0,Michigan,US,Wixom,11-50 employees
57487,VanderHouwen,3.0,Oregon,US,Portland,51-200 employees
57749,Access Sciences,2.0,Texas,US,Houston,11-50 employees
57853,Ayers Saint Gross,2.0,Maryland,US,Baltimore,11-50 employees
57888,Buffalo Exchange,4.0,AZ,US,Tucson,201-500 employees
57971,American Clean Power Association (ACP),2.0,DC,US,Washington,11-50 employees
57978,"Butterball, LLC",6.0,North Carolina,US,Garner,1001-5000 employees
58213,Conn's HomePlus,5.0,Texas,US,The Woodlands,501-1000 employees
58289,"Creative Information Technology, Inc.",3.0,VA,US,Falls Church,51-200 employees
58357,"Carney, Sandoe & Associates",1.0,Massachusetts,US,Boston,1-10 employees
58896,DataVox,3.0,Texas,US,Houston,51-200 employees
58931,Edelman Financial Engines,5.0,California,US,Santa Clara,501-1000 employees
59226,Fox Factory,5.0,Georgia,US,Duluth,501-1000 employees
60463,QSAC (Quality Services for the Autism Community),5.0,NY,US,New York,501-1000 employees
60577,Visit Seattle,1.0,Washington,US,Seattle,1-10 employees
60588,Services for the UnderServed,5.0,New York,US,New York,501-1000 employees
60851,St. Thomas Aquinas College,3.0,New York,US,Sparkill,51-200 employees
61242,"Universal Screen Arts, Inc.",3.0,OH,US,Hudson,51-200 employees
61252,M3 USA,3.0,PA,US,Fort Washington,51-200 employees
61257,"Amundsen Davis, LLC",3.0,IL,US,Chicago,51-200 employees
61324,Visionet Systems Inc.,6.0,New Jersey,US,Cranbury,1001-5000 employees
61341,Motive Workforce,3.0,CA,US,Huntington Beach,51-200 employees
61400,The Reserves Network,2.0,Ohio,US,Fairview Park,11-50 employees
61453,The QTI Group,2.0,Wisconsin,US,Madison,11-50 employees
61469,United Staffing Solutions (USS),2.0,New York,US,New York,11-50 employees
61623,nextSource,5.0,NY - New York,US,New York,501-1000 employees
61631,Wintrust Financial Corporation,6.0,IL,US,Rosemont,1001-5000 employees
61677,eTeam,4.0,New Jersey,US,Somerset,201-500 employees
61716,Acuren,5.0,Unknown,CA,0,501-1000 employees
62219,Berkshire Hathaway Homestate Companies - Workers Compensation Division,4.0,California,US,San Francisco,201-500 employees
62227,Bergelectric,5.0,California,US,Carlsbad,501-1000 employees
62571,Crescent Electric Supply Company,5.0,IL,US,East Dubuque,501-1000 employees
62669,Columbia Hospitality,5.0,WA,US,Seattle,501-1000 employees
62804,Compass Family Services,2.0,California,US,San Francisco,11-50 employees
62901,CRG,4.0,North Carolina,US,Charlotte,201-500 employees
63010,First Home Mortgage,3.0,MD,US,Baltimore,51-200 employees
63086,DynPro Inc.,5.0,North Carolina,US,Raleigh,501-1000 employees
63164,Donatech Corporation,3.0,Iowa,US,Fairfield,51-200 employees
63267,Econolite,4.0,California,US,Anaheim,201-500 employees
63274,"DrFirst, Inc.",3.0,MD,US,Rockville,51-200 employees
63587,Florida Cancer Specialists & Research Institute,5.0,Florida,US,Fort Myers,501-1000 employees
63590,Florida Crystals,5.0,Fl,US,West Palm Beach,501-1000 employees
63730,Cognosante,5.0,VA,US,Falls Church,501-1000 employees
63757,Jewelers Mutual Group,3.0,Wisconsin,US,Neenah,51-200 employees
63800,Laborie,4.0,New Hampshire,US,Portsmouth,201-500 employees
63828,LECO,4.0,MI,US,St Joseph,201-500 employees
63838,KORE1,2.0,California,US,Irvine,11-50 employees
64251,MuleSoft,6.0,California,US,San Francisco,1001-5000 employees
64487,Meridian Medical Technologies,4.0,Missouri,US,St Louis,201-500 employees
64533,Main Event,6.0,TX,US,Coppell,1001-5000 employees
64666,Ombudsman Educational Services,5.0,TN,US,Nashville,501-1000 employees
64677,Nicolet National Bank,4.0,WI,US,Green Bay,201-500 employees
64722,Pilatus Business Aircraft Ltd,2.0,Colorado,US,Broomfield,11-50 employees
64726,Phreesia,5.0,DE,US,Wilmington,501-1000 employees
64746,The General®,4.0,TN,US,Nashville,201-500 employees
64883,Neighborhood Legal Services of Los Angeles County,2.0,California,US,Glendale,11-50 employees
64981,Oscar,2.0,England,GB,Manchester,11-50 employees
65101,Saint Mary's Health Network,5.0,NV,US,Reno,501-1000 employees
65296,"Request Technology, LLC",,IL,US,Naperville,Unknown
65299,Renaissance Personnel Group,1.0,Arizona,US,Scottsdale,1-10 employees
65366,Revere Control Systems,3.0,Alabama,US,Hoover,51-200 employees
65502,TW Metals LLC,4.0,Pennsylvania,US,Exton,201-500 employees
65587,TechOne,2.0,Unknown,US,"Pleasanton, CA",11-50 employees
65647,The Fountain Group,4.0,Unknown,US,Tampa,201-500 employees
65808,"TETRA Technologies, Inc.",5.0,Texas,US,The Woodlands,501-1000 employees
66252,VARITE INC,5.0,California,US,San Jose,501-1000 employees
66357,Therma,5.0,CA,US,San Jose,501-1000 employees
66436,Xsell Resources,1.0,Pennsylvania,US,Fort Washington,1-10 employees
66525,AAMCO Transmissions and Total Car Care,5.0,PA,US,Horsham,501-1000 employees
66932,BizWest Media LLC,1.0,CO,US,Fort Collins,1-10 employees
67079,Bernards,3.0,CA,US,San Fernando,51-200 employees
67098,Anchor Packaging,4.0,MO,US,St. Louis,201-500 employees
67273,Axiom Global Technologies,2.0,California,US,Walnut Creek,11-50 employees
67823,Clay Lacy Aviation,4.0,California,US,Van Nuys,201-500 employees
67936,Exhale Spa,5.0,NY,US,New York,501-1000 employees
67995,"First Heritage Mortgage, LLC",3.0,VA,US,Fairfax,51-200 employees
68360,G-III Apparel Group,5.0,Unknown,US,0,501-1000 employees
68428,HCVT,4.0,CA,US,Los Angeles,201-500 employees
68463,Heritage Environmental Services,5.0,IN,US,Indianapolis,501-1000 employees
68529,HubSpot,5.0,Massachusetts,US,Cambridge,501-1000 employees
68889,Indegene,6.0,New Jersey,US,Princeton,1001-5000 employees
69419,MFLEX,7.0,California,US,Irvine,5001-10000 employees
69732,Links Technology Solutions,1.0,IL,US,SCHAUMBURG,1-10 employees
69793,Maxx Marketing,2.0,California,US,El Segundo,11-50 employees
69864,Malibu Boats,4.0,TN,US,Loudon,201-500 employees
70253,Pacific School of Religion,2.0,CA,US,Berkeley,11-50 employees
70289,Paragon Medical,5.0,Indiana,US,Pierceton,501-1000 employees
70329,Oregon State Bar,2.0,Unknown,US,0,11-50 employees
70560,"Self Opportunity, Inc.",2.0,Texas,US,Lewisville,11-50 employees
70603,PrincePerelson and Associates,1.0,UT,US,Salt Lake City,1-10 employees
70696,Rural Community Assistance Corporation (RCAC),3.0,CA,US,West Sacramento,51-200 employees
71169,Zep Inc.,5.0,Georgia,US,Atlanta,501-1000 employees
71350,SPECTRAFORCE,5.0,NC,US,Raleigh,501-1000 employees
71496,Vista Equity Partners,4.0,TX,US,Austin,201-500 employees
71910,Vanir,3.0,California,US,Sacramento,51-200 employees
71919,Varsity Spirit,5.0,Tennessee,US,Memphis,501-1000 employees
71939,Zenex Partners,2.0,CA,US,Santa Clara,11-50 employees
71957,iPlace,4.0,VA,US,McLean,201-500 employees
72154,"Wunderlich-Malec Engineering, Inc.",4.0,MN,US,Eden Prairie,201-500 employees
72170,"enLabel Global Services, Inc.",1.0,MA,US,Boston,1-10 employees
72483,Aimbridge Hospitality,7.0,TX,US,Plano,5001-10000 employees
72593,Bayforce,3.0,Florida,US,Tampa,51-200 employees
72825,Anblicks,4.0,Texas,US,Dallas,201-500 employees
73398,Cary Street Partners,2.0,VA,US,Richmond,11-50 employees
73414,CLEAResult,5.0,Texas,US,Austin,501-1000 employees
73578,Catalina Island Conservancy,2.0,California,US,Avalon,11-50 employees
73600,Commerce Bank,5.0,MO,US,Kansas City,501-1000 employees
73681,California State Lottery,4.0,California,US,Sacramento,201-500 employees
73731,Clayco,5.0,IL,US,Chicago,501-1000 employees
74063,"First Tek, Inc.",5.0,New Jersey,US,Piscataway,501-1000 employees
74129,Electronic Payment Exchange (EPX),2.0,DE,US,Wilmington,11-50 employees
74303,De Marillac Academy,1.0,CA,US,San Francisco,1-10 employees
74464,Ecumen,5.0,Minnesota,US,Shoreview,501-1000 employees
74539,Harris Group,2.0,Washington,US,Seattle,11-50 employees
74578,The COATS Company,3.0,TN,US,La Vergne,51-200 employees
74604,HealthCare Support,2.0,FL,US,Maitland,11-50 employees
74658,"Horizon Hospitality Associates, Inc",1.0,Kansas,US,Overland Park,1-10 employees
75193,LJA,5.0,Unknown,US,Multiple Locations,501-1000 employees
75348,"IMA Financial Group, Inc.",5.0,CO,US,Denver,501-1000 employees
75483,IT Trailblazers LLC,4.0,New Jersey,US,Edison,201-500 employees
75647,Keller Rohrback L.L.P.,2.0,WA,US,Seattle,11-50 employees
75730,Lunds & Byerlys,5.0,Unknown,US,0,501-1000 employees
76308,Our Blood Institute,5.0,Oklahoma,US,Oklahoma City,501-1000 employees
76312,Okland Construction,4.0,UT,US,Salt Lake City,201-500 employees
76381,The Peddie School,2.0,NJ,US,Hightstown,11-50 employees
76602,Pacific Symphony,2.0,CA,US,Irvine,11-50 employees
76765,Paratek Pharmaceuticals,2.0,MA,US,Boston,11-50 employees
76788,QSC,4.0,CA,US,Costa Mesa,201-500 employees
76959,Quanex,5.0,TX,US,Houston,501-1000 employees
77097,Select Source International,3.0,MN,US,Minneapolis,51-200 employees
77111,R&K Solutions,2.0,VA,US,Roanoke,11-50 employees
77153,Quantum Research International,3.0,AL,US,Huntsville,51-200 employees
77159,Prime Team Partners,2.0,WA,US,Seattle,11-50 employees
77222,FirstService Residential Arizona,7.0,AZ,US,Scottsdale,5001-10000 employees
77224,Rotork,5.0,England,GB,Bath,501-1000 employees
77301,Raising Cane's Chicken Fingers,7.0,Texas,US,Plano,5001-10000 employees
77499,JobSquad Staffing Solutions,2.0,CT ,US,Ridgefield,11-50 employees
77601,"TechnoSphere, Inc.",4.0,Unknown,US,New York,201-500 employees
77610,Tech One IT,1.0,Arizona,US,Tempe,1-10 employees
77738,"Capstone, Inc.",1.0,CO,US,Broomfield,1-10 employees
78124,"Summit Funding, Inc.",4.0,CA,US,Sacramento,201-500 employees
78631,Ulteig,5.0,ND,US,Fargo,501-1000 employees
78885,WinnCompanies,5.0,MA,US,Boston,501-1000 employees
79098,Allied OneSource,5.0,KS,US,Lenexa,501-1000 employees
79239,Advion Interchim Scientific,3.0,New York,US,Ithaca,51-200 employees
79560,Bob's Discount Furniture,6.0,CT,US,Manchester,1001-5000 employees
79806,BELLA+CANVAS,2.0,California,US,Beverly Hills,11-50 employees
79815,Amtec Inc.,2.0,California,US,Chino Hills,11-50 employees
79950,Bernard Nickels & Associates,2.0,NY,US,New York,11-50 employees
80035,Austin Bank,4.0,TX,US,Jacksonville,201-500 employees
80055,Big Ten Conference,2.0,Unknown,US,0,11-50 employees
80226,Checkers & Rally’s Drive-In Restaurants,6.0,Florida,US,Tampa,1001-5000 employees
80387,Cottage Health,5.0,California,US,Santa Barbara,501-1000 employees
80519,Chinatown Community Development Center,3.0,CA,US,San Francisco,51-200 employees
80705,City and County of Broomfield,4.0,CO,US,Broomfield,201-500 employees
80789,Caltrol Inc.,3.0,Nevada,US,Las Vegas,51-200 employees
81600,Easterseals Southern California,5.0,California,US,Irvine,501-1000 employees
81878,Holman,6.0,NJ,US,Mount Laurel,1001-5000 employees
81958,IDEA Public Schools,6.0,Texas,US,Weslaco,1001-5000 employees
82153,"H&E Equipment Services, Inc.",5.0,Louisiana,US,Baton Rouge,501-1000 employees
82263,Gateway Group Personnel,2.0,TN,US,Memphis,11-50 employees
82385,Gray Television,5.0,Unknown,US,0,501-1000 employees
82712,Legalpeople,2.0,Illinois,US,Chicago,11-50 employees
83546,Marc Fisher Footwear,3.0,CT,US,Greenwich,51-200 employees
83642,Marquette Management,3.0,IL,US,Naperville,51-200 employees
83695,Met Council,3.0,Unknown,US,New York,51-200 employees
83871,McLarens,5.0,Georgia,US,Peachtree Corners,501-1000 employees
83957,NonStop Consulting,3.0,Switzerland,CH,Zug,51-200 employees
84056,Team Penske,4.0,NC,US,Mooresville,201-500 employees
84095,PQE Group,5.0,FI,IT,Reggello,501-1000 employees
84230,"Predicate Logic, Inc.",2.0,CA,US,San Diego,11-50 employees
84418,Opti Staffing Group,2.0,Oregon,US,Portland,11-50 employees
84551,New York Technology Partners,3.0,NJ,US,Jersey City,51-200 employees
84645,HCTec,4.0,Tennessee,US,Brentwood,201-500 employees
84659,Nexion Health,5.0,Maryland,US,Sykesville,501-1000 employees
84886,Sansum Clinic,5.0,CA - California,US,Santa Barbara,501-1000 employees
85123,RDO Equipment Co.,5.0,North Dakota,US,Fargo,501-1000 employees
85320,Rain For Rent,5.0,CA,US,Bakersfield,501-1000 employees
85516,"Solera, Inc.",6.0,Texas,US,Westlake,1001-5000 employees
85691,The Brewer-Garrett Company,3.0,OH,US,Middleburg Heights,51-200 employees
85738,CooperCompanies,7.0,California,US,San Ramon,5001-10000 employees
85964,SysMind,4.0,New Jersey,US,Princeton,201-500 employees
86475,West Yost,3.0,CA,US,Davis,51-200 employees
87599,Aequor,3.0,New Jersey,US,Piscataway,51-200 employees
87735,Aisin World Corp. of America,3.0,Michigan,US,Northville,51-200 employees
88016,Long Island Community Hospital,5.0,New York,US,Patchogue,501-1000 employees
88236,Amerit Consulting,5.0,California,US,San Diego,501-1000 employees
88253,Buzzi Unicem USA,5.0,PA,US,Bethlehem,501-1000 employees
88737,Basin Electric Power Cooperative,5.0,North Dakota,US,Bismarck,501-1000 employees
88804,Concentric Healthcare Staffing,5.0,Arizona,US,Scottsdale,501-1000 employees
88921,Coperion,5.0,Unknown,DE,Stuttgart,501-1000 employees
89094,DGA Security,3.0,NY,US,New York,51-200 employees
89133,Crownpeak,3.0,CO,US,Denver,51-200 employees
90101,Fidelis Companies,1.0,Texas,US,Plano,1-10 employees
90199,EHS Recruiting Company,2.0,Florida,US,Sarasota,11-50 employees
90396,Diverse Lynx,5.0,New Jersey,US,Princeton,501-1000 employees
90639,Green Key Resources,3.0,NY,US,New York,51-200 employees
90919,HomeServices of America,5.0,MN,US,Minneapolis,501-1000 employees
91025,Huntington Beach Hospital,3.0,California,US,Huntington Beach,51-200 employees
91305,Fors Marsh,3.0,VA,US,Arlington,51-200 employees
91452,Frankel Staffing Partners,1.0,North Carolina,US,Raleigh,1-10 employees
91534,Interfor,5.0,British Columbia,CA,Burnaby,501-1000 employees
91899,LMCU,5.0,Michigan,US,Grand Rapids,501-1000 employees
92229,Ives & Associates,,OH,US,Columbus,Unknown
92294,KVOA-TV,2.0,AZ,US,Tucson,11-50 employees
92409,Kaizen Technologies,3.0,NJ,US,Edison,51-200 employees
92525,Manning Kass,3.0,California,US,Los Angeles,51-200 employees
93514,Perennial Resources International,1.0,NY,US,New York,1-10 employees
93942,PRI Technology,2.0,NY,US,New York,11-50 employees
94079,Oppenheimer & Co. Inc.,5.0,NY,US,New York,501-1000 employees
94355,RECARO Aircraft Seating,5.0,Baden-Württemberg,DE, Schwäbisch Hall ,501-1000 employees
94401,Next Street,2.0,NY,US,New York,11-50 employees
94474,Sazerac Company,6.0,Kentucky,US,Louisville,1001-5000 employees
94707,Shell Infotech,4.0,Unknown,SG,Singapore ,201-500 employees
94733,Quixote Studios,3.0,CA,US,West Hollywood,51-200 employees
95036,Oportun,5.0,California,US,San Carlos,501-1000 employees
95267,Staff Financial Group,1.0,GA,US,Atlanta,1-10 employees
95985,SpinSys,2.0,VA,US,Falls Church,11-50 employees
96013,TMC Transportation,5.0,IA,US,Des Moines,501-1000 employees
96677,The Oceanaire Seafood Room,7.0,TX,US,Houston,5001-10000 employees
96691,V Group Inc.,2.0,NJ,US,Cranbury,11-50 employees
96692,"V-Soft Consulting Group, Inc.",5.0,Kentucky,US,Louisville,501-1000 employees
97021,Therapeutics Inc.,2.0,CA,US,San Diego,11-50 employees
97554,American Association of Clinical Endocrinology (AACE),2.0,Florida,US,Jacksonville,11-50 employees
97696,Advanced Automation Consulting,1.0,SC,US,Irmo,1-10 employees
98210,The Beachbody Company,4.0,CA,US,El Segundo,201-500 employees
98615,BFS Associates,1.0,MA,US,Woburn,1-10 employees
99055,"AppFolio, Inc.",5.0,California,US,Santa Barbara,501-1000 employees
99097,Autism Society of America,1.0,MD,US,Rockville,1-10 employees
99360,CareCentrix,5.0,Connecticut,US,Hartford,501-1000 employees
99429,COCM,3.0,Alabama,US,Vestavia Hills,51-200 employees
100302,Chamberlain University,5.0,IL,US,Chicago,501-1000 employees
100781,Florida Institute of CPAs (FICPA),2.0,Florida,US,Orlando,11-50 employees
101320,DivIHN Integration Inc,2.0,IL,US,Hoffman Estates,11-50 employees
101459,Davalyn Corporation,2.0,New Jersey,US,Greater New York City,11-50 employees
101576,Epcon Communities,2.0,OH,US,Dublin,11-50 employees
101699,Harvard Maintenance,6.0,FL,US,Miami,1001-5000 employees
101899,HomeSphere,2.0,CO,US,Broomfield,11-50 employees
102046,Hudson Valley Credit Union,4.0,NY,US,Poughkeepsie,201-500 employees
102211,"Focus Financial Network, Inc.",3.0,MN,US,Minneapolis,51-200 employees
102534,Grafton Integrated Health Network,4.0,VA,US,Winchester,201-500 employees
102847,Infobahn Softworld Inc,4.0,CA,US,San Jose,201-500 employees
102963,LAZ Parking,7.0,CT,US,Hartford,5001-10000 employees
102989,Kyra Solutions,3.0,FL,US,Lakeland,51-200 employees
103186,LaserShip,6.0,VA,US,Vienna,1001-5000 employees
104243,NCJW|LA,2.0,CA,US,Los Angeles,11-50 employees
104365,NC League of Municipalities,2.0,North Carolina,US,Raleigh,11-50 employees
104396,New York Community Bank (NYCB),6.0,New York,US,Hicksville,1001-5000 employees
104405,National Veterinary Associates,7.0,CA,US,El Segundo,5001-10000 employees
104602,Motion Picture Industry Pension & Health Plans,3.0,CA,US,Studio City,51-200 employees
104849,Magnolia Hotels,3.0,Colorado,US,Denver,51-200 employees
104873,"Mettler-Toledo International, Inc",7.0,Unknown,CH,Greifensee,5001-10000 employees
104883,Micromeritics Instrument Corporation,3.0,GA,US,Norcross,51-200 employees
104895,"McNeilus Truck and Manufacturing, Inc.",5.0,MN,US,Dodge Center,501-1000 employees
105046,Noise Pop Industries,1.0,California,US,San Francisco,1-10 employees
105066,Loyal Source Government Services,5.0,Florida,US,Orlando,501-1000 employees
106083,Phaxis,2.0,NY,US,New York,11-50 employees
106383,Saicon,3.0,KS,US,Overland Park,51-200 employees
106551,Shamin Hotels,5.0,Virginia,US,Richmond,501-1000 employees
106584,Selby Jennings,5.0,Unknown,GB,London,501-1000 employees
106620,"Prime Care Technologies, Inc.",2.0,GA,US,Duluth,11-50 employees
106707,"RedRiver Systems, LLC",2.0,Texas,US,Addison,11-50 employees
107021,Resource Logistics Inc.,3.0,New Jersey,US,Edison,51-200 employees
107185,Ricola,3.0,Unknown,CH,Laufen,51-200 employees
107265,SIM USA,5.0,NC,US,Charlotte,501-1000 employees
107457,Stars Behavioral Health Group,5.0,CA,US,Long Beach,501-1000 employees
107676,TERPHANE,3.0,New York,US,Bloomfield,51-200 employees
107926,Steelhead Productions,2.0,Nevada,US,Las Vegas,11-50 employees
108183,Sims  Limited,5.0,New South Wales,AU,Mascot,501-1000 employees
108340,Sprouts Farmers Market,7.0,Arizona,US,Phoenix,5001-10000 employees
108486,H10 Capital,3.0,WA,US,Seattle,51-200 employees
108488,"TS Tech Americas, Inc.",3.0,Ohio,US,Reynoldsburg,51-200 employees
108586,Times Shamrock,3.0,PA,US,Scranton,51-200 employees
108854,Westwood Professional Services,4.0,MN,US,Minnetonka,201-500 employees
108889,Western States Equipment,5.0,ID,US,Meridian,501-1000 employees
109690,Mayzon,4.0,NY,US,New York,201-500 employees
109880,c3controls,2.0,PA,US,Beaver,11-50 employees
110191,fortyseven communications,1.0,California,US,Los Angeles,1-10 employees
110372,ABC Fitness,4.0,Arkansas,US,Sherwood,201-500 employees
110514,"Amen Clinics, Inc.",3.0,CA,US,Costa Mesa,51-200 employees
110533,Blue Stream Fiber,3.0,FL,US,Coral Springs,51-200 employees
111267,Beacon Communities LLC,4.0,MA,US,Boston,201-500 employees
111283,Brady Ware & Company,2.0,Ohio,US,Miamisburg,11-50 employees
111485,C.H. Guenther & Son,5.0,Texas,US,San Antonio,501-1000 employees
111849,"Berean Group International, Inc.",2.0,Florida,US,Cooper City,11-50 employees
112386,"Axinn, Veltrop & Harkrider LLP",2.0,NY,US,New York,11-50 employees
112948,Cypress HCM,2.0,California,US,Walnut Creek,11-50 employees
113134,Cast & Crew,4.0,CA,US,Burbank,201-500 employees
113254,BILL,5.0,CA,US,San Jose,501-1000 employees
113568,CommerceWest Bank,2.0,California,US,Irvine,11-50 employees
113885,Drive DeVilbiss Healthcare,5.0,NY,US,Port Washington,501-1000 employees
114485,Elbit Systems of America,5.0,TX,US,Fort Worth,501-1000 employees
114531,"DevTech Systems, Inc.",1.0,VA,US,Arlington,1-10 employees
115024,EarthCam,2.0,NJ,US,Upper Saddle River,11-50 employees
115116,Eclaro,5.0,NY,US,New York,501-1000 employees
115341,Harmac Medical Products,5.0,NY,US,Buffalo,501-1000 employees
115441,HearUSA,4.0,Florida,US,Palm Beach Gardens,201-500 employees
115455,Ascendient Healthcare Advisors,1.0,North Carolina,US,Chapel Hill,1-10 employees
116306,Goodpack,3.0,Unknown,SG,Singapore,51-200 employees
117620,Insurance Relief,,California,US,Fresno,Unknown
117882,iMPact Business Group,2.0,MI,US,Grand Rapids,11-50 employees
117983,Jacuzzi Group,5.0,CA,US,Irvine,501-1000 employees
118096,Miller Electric Mfg. LLC,5.0,WI,US,Appleton,501-1000 employees
118551,"Native American Bank, N.A.",1.0,Colorado,US,Denver,1-10 employees
118698,Lighthouse Lab Services,2.0,North Carolina,US,Charlotte,11-50 employees
118843,MTU Aero Engines North America,2.0,Connecticut,US,Rocky Hill,11-50 employees
119688,Pettit Kohn Ingrassia Lutz & Dolin PC,2.0,CA,US,San Diego,11-50 employees
120240,MasTec Communications Group,6.0,FL,US,Coral Gables,1001-5000 employees
120859,Niagara Bottling,6.0,California,US,Diamond Bar,1001-5000 employees
121082,"Samuel, Son & Co.",6.0,Ontario,CA,Oakville,1001-5000 employees
121248,Savant Wealth Management,3.0,IL,US,Rockford,51-200 employees
121799,"Professions, Inc.",1.0,Ohio,US,Cincinnati,1-10 employees
122279,Tahoe Forest Health System,4.0,California,US,Truckee,201-500 employees
122451,"TalentBurst, an Inc 5000 company",5.0,MA,US,Natick,501-1000 employees
122659,Ten Lifestyle Group,5.0,London,GB,London,501-1000 employees
123034,Stemilt Growers,5.0,Washington,US,Wenatchee,501-1000 employees
123094,Source One Technical Solutions,3.0,Unknown,US,0,51-200 employees
123507,Sprott,2.0,Ontario,CA,Toronto,11-50 employees
123958,W&T Offshore,3.0,TX,US,Houston,51-200 employees
124258,Wieland Group,6.0,Unknown,DE,Ulm,1001-5000 employees
124391,The Quest Organization,1.0,New York,US,New York,1-10 employees
126591,United Community & Family Services,3.0,CT,US,Norwich,51-200 employees
126600,Numotion,5.0,TN,US,Brentwood,501-1000 employees
127315,Walker Elliott,1.0,TX,US,Houston,1-10 employees
127643,"Smith Brothers Insurance, LLC.",2.0,CT,US,Glastonbury,11-50 employees
128505,Teladoc Health,6.0,NY,US,Purchase,1001-5000 employees
129849,Safe-Guard Products International,4.0,GA,US,Atlanta,201-500 employees
130095,PathGroup,4.0,TENNESSEE,0,0,201-500 employees
131001,Phillips Spallas & Angstadt LLP,2.0,California,US,San Francisco,11-50 employees
131643,Little Rapids Corporation,3.0,Wisconsin,US,Green Bay,51-200 employees
131880,MI Windows and Doors,5.0,PA,US,Gratz,501-1000 employees
131915,"Meltzer, Lippe, Goldstein & Breitstone, LLP",2.0,NY,US,Mineola,11-50 employees
132146,Multiquip Inc.,4.0,California,US,Cypress,201-500 employees
132319,Mission Staffing,1.0,NY,US,New York,1-10 employees
132468,MSI,5.0,CA,US,Orange,501-1000 employees
132625,Intellisoft Technologies,2.0,TX,US,Irving,11-50 employees
132969,JURISolutions Legal (JSL),2.0,PA,US,Philadelphia,11-50 employees
133074,Innovative Driven,2.0,VA,US,Arlington,11-50 employees
133357,"Hire Options, Inc.",1.0,CA,US,Los Angeles,1-10 employees
134081,Price Chopper Supermarkets-Market 32,7.0,NY,US,Schenectady,5001-10000 employees
134924,Harrington Industrial Plastics,4.0,California,US,Chino,201-500 employees
134993,FUTEK ,2.0,CA,US,Irvine,11-50 employees
136115,Duluth Trading Company,4.0,WI,US,Mt Horeb,201-500 employees
136188,Edify Technologies,2.0,IL,US,Naperville,11-50 employees
136191,Editech Staffing,1.0,VA,US,Reston,1-10 employees
136253,Computer Staff,2.0,TX,US,Grapevine,11-50 employees
137284,Cheryl's Cookies,2.0,Ohio,US,Westerville,11-50 employees
137699,Beyer & Kelley LLC,1.0,CA,US,San Francisco,1-10 employees
138165,Bush Hog ,3.0,Alabama,US,Selma,51-200 employees
138192,Building Safety Solutions,1.0,CA,US,Pasadena,1-10 employees
139301,Ad Results Media,2.0,Texas,US,Houston,11-50 employees
139348,"Allyon, Inc.",3.0,Georgia,US,Chamblee,51-200 employees
140539,"Asquare, Inc.",1.0,Unknown,0,0,1-10 employees
140581,"CIRCOR International, Inc.",5.0,MA,US,Burlington,501-1000 employees
141215,"Cheney Brothers, Inc.",5.0,FL,US,Riviera Beach,501-1000 employees
142571,e-Business International Inc,2.0,NJ,US,Princeton,11-50 employees
142596,DSB Rock Island,2.0,MN,US,Mendota Heights,11-50 employees
143331,G.A.S. Global,4.0,TX,US,Sugar Land,201-500 employees
143338,HOIST Fitness,2.0,CA,US,Poway,11-50 employees
143448,Hollis + Miller Architects,2.0,Missouri,US,Kansas City,11-50 employees
143720,Flynn Group of Companies,6.0,Ontario,CA,Mississauga,1001-5000 employees
143917,HRConnects,1.0,Ontario,CA,Toronto,1-10 employees
143988,Fourth Floor,2.0,California,US,Los Angeles,11-50 employees
144105,Elkay Interior Systems,4.0,WI,US,Milwaukee,201-500 employees
144266,Kinedyne,4.0,Alabama,US,Prattville,201-500 employees
144414,LA Family Housing,2.0,CA,US,North Hollywood,11-50 employees
144455,Lawrence Harvey,2.0,London,GB,London,11-50 employees
145137,JWilliams Staffing,4.0,California,US,Irvine,201-500 employees
146155,Gränges Americas Inc.,5.0,Tennessee,US,Franklin,501-1000 employees
146782,NEOTECH Solutions,2.0,New Jersey,US,Edison,11-50 employees
146857,"Pacific Science & Engineering Group, Inc.",2.0,California,US,San Diego,11-50 employees
147091,"NewAgeSys, Inc",3.0,New Jersey,US,Princeton,51-200 employees
147699,"Romac Industries, Inc.",4.0,WA,US,Bothell,201-500 employees
149307,Triple M Metal LP,4.0,ON,CA,Brampton,201-500 employees
149485,WBE (W. Bradley Electric),3.0,CA,US,Novato,51-200 employees
149888,Vallourec - North America,5.0,Texas,US,Houston,501-1000 employees
150203,TriMark USA,5.0,Massachusetts,US,Mansfield,501-1000 employees
150217,The Vollrath Company,5.0,WI,US,Sheboygan,501-1000 employees
150419,iTech US Inc,4.0,VT,US,South Burlington,201-500 employees
151656,AtWork Personnel,3.0,Tennessee,US,Knoxville,51-200 employees
151898,Conner Ash PC,1.0,MO,US,Saint Louis,1-10 employees
153682,JOH,4.0,Massachusetts,US,Billerica,201-500 employees
154649,OnTel Products Corporation,2.0,New Jersey,US,Fairfield Township,11-50 employees
154713,OptionMetrics,1.0,NY,US,New York,1-10 employees
154960,itel,2.0,Florida,US,Jacksonville,11-50 employees
155710,Steyer Content,2.0,WA,US,Bainbridge Island,11-50 employees
156075,Wicker Smith,4.0,Florida,US,Miami,201-500 employees
156470,"Zillion Technologies, Inc.",4.0,Virginia,US,Ashburn,201-500 employees
157237,Newell Brands,7.0,GA,US,Atlanta,5001-10000 employees
157240,Capgemini,7.0,France,FR,Paris,5001-10000 employees
157262,First Horizon Bank,6.0,TN,US,Memphis,1001-5000 employees
157303,Comerica Bank,6.0,TX,US,Dallas,1001-5000 employees
157306,American Heart Association,5.0,Texas,US,Dallas,501-1000 employees
157312,Neiman Marcus Group,7.0,Texas,US,Dallas,5001-10000 employees
157313,Princeton University,6.0,NJ,US,Princeton,1001-5000 employees
157324,Randstad Technologies US,7.0,GA,US,Atlanta,5001-10000 employees
157329,T. Rowe Price,6.0,Maryland,US,Baltimore,1001-5000 employees
157330,Case Western Reserve University,6.0,OH,US,Cleveland,1001-5000 employees
157338,The Nature Conservancy,5.0,VA,US,Arlington,501-1000 employees
157340,University of Miami,6.0,fl,US,Coral Gables,1001-5000 employees
157344,San Jose State University,5.0,CA,US,San Jose,501-1000 employees
157345,Sallie Mae,5.0,DE,US,Newark,501-1000 employees
157346,Eddie Bauer,6.0,Washington,US,Seattle,1001-5000 employees
157353,Whole Foods Market,7.0,Unknown,US,"Austin, TX",5001-10000 employees
162213,3D Systems Corporation,5.0,SC,US,Rock Hill,501-1000 employees
162241,Abt Associates,6.0,Maryland,US,Rockville,1001-5000 employees
162243,Acadia Pharmaceuticals Inc.,4.0,California,US,San Diego,201-500 employees
162255,R1 RCM,7.0,Utah,US,Murray,5001-10000 employees
162258,Ace Hardware Corporation,6.0,IL,US,Oak Brook,1001-5000 employees
162293,ADT,7.0,Florida,US,Boca Raton,5001-10000 employees
162322,AeroVironment,5.0,Virginia,US,Arlington,501-1000 employees
162418,American Diabetes Association,3.0,VA,US,Arlington,51-200 employees
162427,American Museum of Natural History,5.0,NY,US,New York,501-1000 employees
162428,American Recruiters,1.0,Florida,US,Coral Springs,1-10 employees
162448,Amtrak,7.0,District of Columbia,US,Washington,5001-10000 employees
162479,Apple,7.0,California,US,Cupertino,5001-10000 employees
162510,Argonne National Laboratory,5.0,IL,US,Lemont,501-1000 employees
162514,Aristocrat,6.0,NSW,AU,North Ryde,1001-5000 employees
162528,Artech L.L.C.,6.0,NJ,US,Morristown,1001-5000 employees
162531,Artisan Talent,1.0,IL,US,Chicago,1-10 employees
162536,Arvest Bank,6.0,Unknown,0,0,1001-5000 employees
162547,Ashley Furniture Industries,7.0,WI,US,Arcadia,5001-10000 employees
162612,B&H Photo Video,5.0,NY,US,New York,501-1000 employees
162724,Blackbaud,5.0,South Carolina,US,Charleston,501-1000 employees
162749,BNSF Railway,7.0,Texas,US,Fort Worth,5001-10000 employees
162750,BNY Mellon,7.0,Unknown,US,New York,5001-10000 employees
162755,Boise Cascade Company,6.0,Idaho,US,Boise,1001-5000 employees
162767,Boulder Community Health,5.0,CO,US,Boulder,501-1000 employees
162787,Bridgestone Americas,7.0,Tennessee,US,Nashville,5001-10000 employees
162807,Brunel,7.0,Unknown,NL,Amsterdam,5001-10000 employees
162828,Bunge,7.0,Missouri,US,Chesterfield,5001-10000 employees
162912,Catalent Pharma Solutions,7.0,NJ,US,Somerset,5001-10000 employees
162954,Cengage Group,6.0,MA,US,Boston ,1001-5000 employees
162961,CenterPoint Energy,6.0,Texas,US,Houston,1001-5000 employees
162969,Central Washington University,5.0,wa,US,Ellensburg,501-1000 employees
162987,C.H. Robinson,7.0,Minnesota,US,Eden Prairie,5001-10000 employees
162999,Spectrum Reach,5.0,NY,US,New York,501-1000 employees
163025,Chipotle Mexican Grill,7.0,California,US,Newport Beach,5001-10000 employees
163032,Christie's,5.0,England,GB,London,501-1000 employees
163076,City of Cambridge,5.0,Unknown,US,0,501-1000 employees
163079,City of Hope,7.0,CA,US,Duarte,5001-10000 employees
163085,City of Seattle,7.0,WA,US,Seattle,5001-10000 employees
163151,COLSA,5.0,Alabama,US,Huntsville,501-1000 employees
163205,Control Risks,5.0,Unknown,GB,London,501-1000 employees
163227,Counterpart International,3.0,District of Columbia,US,Washington,51-200 employees
163228,County of Riverside,7.0,CA,US,Riverside,5001-10000 employees
163233,COWI,6.0,Unknown,DK,Lyngby,1001-5000 employees
163253,Creative Circle,3.0,CA,US,Los Angeles,51-200 employees
163259,CRH,7.0,Ireland,IE,Dublin,5001-10000 employees
163348,Dartmouth College,6.0,NH,US,Hanover,1001-5000 employees
163414,Deltek,5.0,VA,US,Herndon,501-1000 employees
163438,DFS Group Limited,6.0,Unknown,HK,Hong Kong,1001-5000 employees
163480,dnata,7.0,Unknown,AE,Global,5001-10000 employees
163535,Dyno Nobel,5.0,Utah,US,Salt Lake City,501-1000 employees
163547,Eastman,7.0,Tennessee,US,Kingsport,5001-10000 employees
163566,Edible Arrangements,5.0,Georgia,US,Atlanta,501-1000 employees
163578,Edwards Lifesciences,7.0,CA,US,Irvine,5001-10000 employees
163617,Employbridge,5.0,GA,US,Atlanta,501-1000 employees
163662,EPRI,5.0,CA,US,Palo Alto,501-1000 employees
163732,Evercore,5.0,NY,US,New York,501-1000 employees
163741,Executive Alliance,1.0,NY,US,Commack,1-10 employees
163743,EXL,7.0,NY,US,New York,5001-10000 employees
163763,FHI 360,5.0,NC,US,Durham,501-1000 employees
163784,Fellowship of Christian Athletes,5.0,Unknown,US,0,501-1000 employees
163787,Ferguson Enterprises,7.0,Virginia,US,Newport News,5001-10000 employees
163789,Ferring Pharmaceuticals,6.0,Unknown,CH,St-Prex,1001-5000 employees
163828,First Citizens Bank,7.0,North Carolina,US,Raleigh,5001-10000 employees
163842,Fitch Ratings,5.0,New York,US,New York,501-1000 employees
163846,Flint Hills Resources,5.0,KS,US,Wichita,501-1000 employees
163852,FLSmidth,7.0,Valby,DK,Copenhagen,5001-10000 employees
163883,Four Seasons Hotels and Resorts,7.0,Ontario,CA,Toronto,5001-10000 employees
163885,Fox Television Stations,7.0,CA,US,Los Angeles,5001-10000 employees
163920,Future,5.0,England,GB,London,501-1000 employees
163993,Gilead Sciences,7.0,CA,US,Foster City,5001-10000 employees
164006,Global Payments Inc.,7.0,Georgia,US,Atlanta,5001-10000 employees
164035,Grady Health System,6.0,Georgia,US,Atlanta,1001-5000 employees
164085,Guardian Life,6.0,NY,US,New York ,1001-5000 employees
164113,"Hanger, Inc.",6.0,Texas,US,Austin,1001-5000 employees
164129,Harry Winston,4.0,NY,US,New York,201-500 employees
164131,Harvey Nash,6.0,Unknown,GB,London,1001-5000 employees
164134,Hawaiian Airlines,6.0,Hawaii,US,Honolulu,1001-5000 employees
164159,H-E-B,7.0,TX,US,San Antonio,5001-10000 employees
164182,Hexaware Technologies,7.0,Maharashtra,IN,Navi Mumbai,5001-10000 employees
164200,Hobby Lobby,7.0,OK,US,Oklahoma City,5001-10000 employees
164207,Holy Cross Health,5.0,MD,US,Silver Spring,501-1000 employees
164244,Huntington Learning Center,3.0,NJ,US,Oradell,51-200 employees
164245,Huntington National Bank,7.0,Ohio,US,Columbus,5001-10000 employees
164249,"Hy-Vee, Inc.",7.0,IA,US,West Des Moines,5001-10000 employees
164331,Impetus,5.0,CA,US,Los Gatos,501-1000 employees
164372,Initiative,6.0,NY,US,New York,1001-5000 employees
164376,Innova Solutions,7.0,Georgia,US,Duluth,5001-10000 employees
164401,Inter-American Development Bank,5.0,DC,US,Washington,501-1000 employees
164420,International Monetary Fund,5.0,DC,US,Washington,501-1000 employees
164451,UnityPoint Health,7.0,IA,US,West Des Moines,5001-10000 employees
164459,IPRO,3.0,NY,US,Lake Success,51-200 employees
164527,"J.B. Hunt Transport Services, Inc.",7.0,AR,US,Lowell,5001-10000 employees
164535,JetBlue,7.0,New York,US,Long Island City,5001-10000 employees
164549,Wiley,6.0,NJ,US,Hoboken,1001-5000 employees
164552,JdV by Hyatt,7.0,CA,US,San Francisco,5001-10000 employees
164664,Labcorp,7.0,North Carolina,US,Burlington,5001-10000 employees
164682,LANXESS,7.0,Unknown,DE,Köln,5001-10000 employees
164707,Lehigh University,5.0,PA,US,Bethlehem,501-1000 employees
164708,Leica Geosystems part of Hexagon,5.0,St. Gallen,CH,Heerbrugg,501-1000 employees
164711,Lennar,6.0,FL,US,Miami,1001-5000 employees
164754,LMI,5.0,VA,US,Tysons,501-1000 employees
164766,Lorien,3.0,London,GB,107 Leadenhall Street,51-200 employees
164775,Loyola Marymount University,5.0,ca,US,Los Angeles,501-1000 employees
164808,Madison Square Garden Entertainment Corp.,6.0,NY,US,New York,1001-5000 employees
164821,Maimonides Medical Center,6.0,NY,US,Brooklyn,1001-5000 employees
164827,Major League Soccer,3.0,Unknown,US,New York City,51-200 employees
164834,MANGO,7.0,Barcelona,ES,Palau Solità i Plegamans,5001-10000 employees
164885,MBTA,6.0,MA,US,Boston,1001-5000 employees
164920,Spark Foundry,5.0,Unknown,US,New York,501-1000 employees
164940,Meritage Homes,5.0,AZ,US,Scottsdale,501-1000 employees
164987,Millennium,5.0,NY,US,New York,501-1000 employees
164992,MindSource,2.0,California,US,Milpitas,11-50 employees
165006,Mitchell International,5.0,CA,US,San Diego,501-1000 employees
165024,Molex,7.0,IL,US,Lisle,5001-10000 employees
165078,Mutual of Omaha,5.0,NE,US,Omaha,501-1000 employees
165118,Nationwide Children's Hospital,7.0,OH,US,Columbus,5001-10000 employees
165158,Netflix,7.0,CA,US,Los Gatos,5001-10000 employees
165207,Noblis,5.0,VA,US,Reston,501-1000 employees
165222,Norwegian Cruise Line Holdings Ltd.,7.0,FL,US,Miami,5001-10000 employees
165257,Nucor Corporation,7.0,North Carolina,US,Charlotte,5001-10000 employees
165294,Old National Bank,5.0,IN,US,Evansville,501-1000 employees
165295,Old Navy,7.0,CA,US,San Francisco,5001-10000 employees
165299,Olympus Corporation of the Americas,6.0,Pennsylvania,US,Center Valley,1001-5000 employees
165303,Omnicell,5.0,Texas,US,Houston,501-1000 employees
165340,Organogenesis,4.0,Massachusetts,US,Canton,201-500 employees
165364,OSTechnical,2.0,CA,US,Newport Beach,11-50 employees
165380,Pacific Life,5.0,CA,US,Newport Beach,501-1000 employees
165381,PacifiCorp,6.0,Oregon,US,Portland,1001-5000 employees
165383,PADI,3.0,CA,US,Rancho Santa Margarita,51-200 employees
165416,Packaging Corporation of America,7.0,IL,US,Lake Forest,5001-10000 employees
165422,PeaceHealth,7.0,Washington,US,Vancouver,5001-10000 employees
165444,Perficient,6.0,MO,US,"St Louis, MO 63141",1001-5000 employees
165461,Phoenix Children's,5.0,Arizona,US,Phoenix,501-1000 employees
165464,Photon,6.0,Unknown,GB,London,1001-5000 employees
165471,Pillsbury Winthrop Shaw Pittman LLP,5.0,NY,US,New York,501-1000 employees
165602,"Pyramid Consulting, Inc",6.0,Georgia,US,Alpharetta,1001-5000 employees
165648,Rambus,4.0,CA,US,San Jose,201-500 employees
165697,REI,7.0,Unknown,US,Seattle,5001-10000 employees
165725,RH,6.0,CA,US,Corte Madera,1001-5000 employees
165730,Revlon,5.0,NY,US,New York,501-1000 employees
165735,Richmond American Homes,5.0,CO,US,Denver,501-1000 employees
165747,RiverPoint Group,2.0,KS,US,Overland Park,11-50 employees
165755,Bosch USA,7.0,MI,US,Farmington Hills,5001-10000 employees
165757,Robert Walters,5.0,Greater London,GB,London,501-1000 employees
165784,RS&H,5.0,Florida,US,Jacksonville,501-1000 employees
165791,RTC,4.0,IL,US,Rolling Meadows,201-500 employees
165806,SABIC,7.0,Unknown,SA,Riyadh,5001-10000 employees
165862,SCAN,5.0,California ,US,Long Beach,501-1000 employees
165874,The School District of Philadelphia,7.0,PA,US,Philadelphia,5001-10000 employees
165918,Sempra,7.0,CA,US,San Diego,5001-10000 employees
165938,Sharp HealthCare,7.0,CA,US,San Diego,5001-10000 employees
165944,Sherwin-Williams,7.0,OH,US,Cleveland,5001-10000 employees
165976,Simon & Schuster,5.0,New York,US,New York,501-1000 employees
165998,"Skyworks Solutions, Inc.",6.0,California,US,Irvine,1001-5000 employees
166068,Southern New Hampshire University,7.0,NH,US,Manchester,5001-10000 employees
166124,Staffing Technologies,3.0,GA,US,Alpharetta,51-200 employees
166264,Tatum by Randstad,4.0,GA,US,Atlanta,201-500 employees
166328,Tencent,7.0,Guangdong,CN,Shenzhen,5001-10000 employees
166340,Texas Tech University,5.0,tx,US,79409,501-1000 employees
166391,North Highland,5.0,GA,US,Atlanta,501-1000 employees
166405,The Rosen Group,2.0,NJ,US,Cherry Hill,11-50 employees
166421,The Vitamin Shoppe,5.0,NJ,US,Secaucus,501-1000 employees
166471,Toll Brothers,6.0,PA,US,Fort Washington,1001-5000 employees
166486,Transamerica,6.0,Maryland,US,Baltimore,1001-5000 employees
166512,LandCare LLC,5.0,MD,US,Frederick,501-1000 employees
166551,Tyson Foods,7.0,AR,US,Springdale,5001-10000 employees
166572,Ulta Beauty,7.0,IL,US,Bolingbrook,5001-10000 employees
166578,UMass Boston,5.0,MA,US,Boston,501-1000 employees
166583,Umicore,7.0,Unknown,BE,Brussels,5001-10000 employees
166587,UNC Health,7.0,North Carolina,US,Chapel Hill,5001-10000 employees
166612,Universal Orlando Resort,7.0,Florida,US,Orlando,5001-10000 employees
166632,University of Central Florida,7.0,FL,US,Orlando,5001-10000 employees
166643,The University of Kansas,7.0,KS,US,Lawrence,5001-10000 employees
166671,University of South Florida,7.0,Florida,US,Tampa,5001-10000 employees
166680,The University of Texas at Arlington,5.0,TX,US,Arlington,501-1000 employees
166690,University of Wisconsin-Milwaukee,6.0,wi,US,Milwaukee,1001-5000 employees
166707,Unum,7.0,TN,US,Chattanooga,5001-10000 employees
166714,US Foods,7.0,IL,US,Rosemont,5001-10000 employees
166732,USI Insurance Services,7.0,NY,US,Valhalla,5001-10000 employees
166753,"Valmont Industries, Inc.",7.0,Nebraska,US,Omaha,5001-10000 employees
166774,Virginia Department of Transportation,6.0,VA,US,Richmond,1001-5000 employees
166808,Vinson & Elkins,5.0,Texas,US,Houston,501-1000 employees
166925,GBH,4.0,MA,US,Boston,201-500 employees
166944,Wilson Sonsini Goodrich & Rosati,5.0,CA,US,Palo Alto,501-1000 employees
166958,Washington Metropolitan Area Transit Authority (WMATA),7.0,DC,US,Washington,5001-10000 employees
166967,Woolpert,5.0,OH,US,Dayton,501-1000 employees
166977,Worldwide Express,5.0,Texas,US,Dallas,501-1000 employees
166996,Xoriant,6.0,CA,US,Sunnyvale,1001-5000 employees
167024,Zebra Technologies,6.0,IL,US,Lincolnshire,1001-5000 employees
167027,Zenith,6.0,London,GB,London,1001-5000 employees
167212,Crunchyroll,5.0,CA,US,Culver City,501-1000 employees
167379,GumGum,4.0,California,US,Santa Monica,201-500 employees
167470,Skai,4.0,CA,US,San Francisco,201-500 employees
167557,OLX,6.0,North Holland,NL,Amsterdam,1001-5000 employees
167624,PubMatic,4.0,CA,US,Redwood City,201-500 employees
167700,Smartsheet,5.0,WA,US,Bellevue,501-1000 employees
167757,The Job Network,2.0,NY,US,New York,11-50 employees
200685,Cerebra Consulting Inc,2.0,PA,US,Malvern,11-50 employees
200715,Envision Healthcare,7.0,TN,US,Nashville,5001-10000 employees
201351,HTC Global Services,7.0,Michigan,US,Troy,5001-10000 employees
201778,Renewal by Andersen,4.0,MN,US,Cottage Grove,201-500 employees
202140,"Freedom Consulting Group, LLC.",2.0,Maryland,US,Columbia,11-50 employees
202287,Rosenboom Machine & Tool,4.0,IA,US,Sheldon,201-500 employees
202625,KBW Financial Staffing & Recruiting,1.0,NH,US,Bedford,1-10 employees
202944,Alexander Technology Group,2.0,NH,US,Bedford,11-50 employees
203053,Rogers Corporation,5.0,Arizona,US,Chandler,501-1000 employees
203204,"Placers Professional, a division of Placers",1.0,Delaware,US,Newark,1-10 employees
203731,Sigmaways Inc,2.0,CA,US,Fremont,11-50 employees
204589,Matrix-IFS,7.0,New Jersey,US,Jersey City,5001-10000 employees
205127,Ethos BeathChapman,2.0,NSW,AU,Sydney,11-50 employees
206226,The Aerospace Corporation,5.0,California,US,El Segundo,501-1000 employees
206415,HouseMaster Home Inspections,3.0,Texas,US,Waco,51-200 employees
206587,"(W)right On Communications, Inc.",1.0,CA,US,San Diego,1-10 employees
206800,Visionaire Partners,1.0,GA,US,Atlanta,1-10 employees
206993,Tableau,5.0,WA,US,Seattle,501-1000 employees
207697,RJ Byrd Search Group,1.0,TX,US,Southlake,1-10 employees
209610,The Mosaic Company,7.0,Florida,US,Tampa,5001-10000 employees
210025,WiSys,,WI,US,Madison,Unknown
210064,Genpact,7.0,NY,US,New York,5001-10000 employees
210234,Thentic Group,1.0,Indiana,US,Jasper,1-10 employees
211135,"Praesidium, Inc.",1.0,TX,US,Arlington,1-10 employees
211152,Dairy Farmers of America,7.0,KS,US,Kansas City,5001-10000 employees
211166,Teachers Federal Credit Union,4.0,NY,US,Hauppauge,201-500 employees
211869,LHH Knightsbridge,3.0,Ontario,CA,Toronto,51-200 employees
212139,SYNCREON,7.0,Michigan,US,Auburn Hills,5001-10000 employees
212201,Oliver James,4.0,Unknown,GB,London,201-500 employees
213746,FPC - FORTUNE PERSONNEL CONSULTANTS (Orlando Office),,Fl,US,Orlando,Unknown
213862,"Applied Engineering, Inc.",2.0,ND,US,Fargo,11-50 employees
214361,Morton,2.0,Virginia,US,Richmond,11-50 employees
214560,MTS Systems Corporation,5.0,MN,US,Eden Prairie,501-1000 employees
214960,Compassus,6.0,TN,US,Brentwood,1001-5000 employees
215561,Onward Search,2.0,Connecticut,US,Norwalk,11-50 employees
217032,R&D Partners,3.0,California,US,San Diego,51-200 employees
217273,Ampcus Inc,5.0,VA,US,Chantilly,501-1000 employees
217338,"Comprehensive Logistics Co., Inc.",5.0,FL,US,Bonita Springs,501-1000 employees
218019,Great Hearts Academies,5.0,AZ,US,Phoenix,501-1000 employees
219009,Portfolio Creative,2.0,OH,US,Columbus,11-50 employees
219885,"PanelClaw, Inc. An Esdec Solar Group Company",2.0,MA,US,North Andover,11-50 employees
220205,"Logic20/20, Inc.",3.0,WA,US,Seattle,51-200 employees
220336,Hyatt Hotels Corporation,7.0,IL,US,Chicago,5001-10000 employees
221163,Taylor Corporation,7.0,MN,US,North Mankato,5001-10000 employees
221519,Contract Land Staff,5.0,Texas,US,Sugar Land,501-1000 employees
222632,Averro,2.0,WA ,US,Bellevue,11-50 employees
223659,MatchPoint Solutions,5.0,California,US,Pleasanton,501-1000 employees
224006,Modis,7.0,Zurich,CH,Zurich,5001-10000 employees
224075,Clarity Recruiting,1.0,NY,US,New York,1-10 employees
224457,Alta Equipment Company,5.0,MI,US,Livonia,501-1000 employees
225056,Progressive Recruitment,3.0,Unknown,GB,London,51-200 employees
225239,The Vertex Companies LLC,4.0,MA,US,Weymouth,201-500 employees
225343,USDA-FSIS,6.0,D.C.,US,Washington,1001-5000 employees
226965,Net2Source Inc.,5.0,New Jersey,US,Somerset,501-1000 employees
227878,Churchill Downs Incorporated,5.0,KY,US,Louisville,501-1000 employees
228071,Patrice and Associates Franchising Inc,2.0,MD,US,Dunkirk,11-50 employees
228650,Proclinical Staffing,2.0,London,GB,City of London,11-50 employees
229265,CRL,5.0,CA,US,Los Angeles,501-1000 employees
230197,Illini Media,3.0,Illinois,US,Champaign,51-200 employees
230282,Guardian Industries,7.0,Michigan,US,Auburn Hills,5001-10000 employees
230495,ComTec Solutions,1.0,New York,US,Gates Center,1-10 employees
230598,Westchester Jewish Community Services,4.0,Unknown,US,0,201-500 employees
230641,Clear Thought Solutions LLC,2.0,NC,US,Cary,11-50 employees
230920,Nyrstar,5.0,Unknown,NL,Budel-Dorplein,501-1000 employees
231042,Maven Workforce Inc.,2.0,New Jersey,US,Jersey City,11-50 employees
231383,Federal Reserve Bank of Minneapolis,4.0,Minnesota,US,Minneapolis,201-500 employees
232381,Pandora,7.0,Unknown,DK,Copenhagen,5001-10000 employees
232394,Brewer Morris,2.0,England,GB,London,11-50 employees
232557,VT Group (VTG),5.0,Virginia,US,Alexandria,501-1000 employees
232761,LocalEdge,4.0,New York,US,Buffalo,201-500 employees
232839,IPG (Initial Production Group),1.0,CO,US,Arvada,1-10 employees
233054,Computech Corporation,5.0,Michigan,US,Detroit,501-1000 employees
233779,Catapult Employers Association,2.0,North Carolina,US,Charlotte,11-50 employees
235340,Stuzo,2.0,PA,US,Philadelphia,11-50 employees
236019,ECOM,2.0,Texas,US,Houston,11-50 employees
236235,"Credere Associates, LLC",1.0,Maine,US,Westbrook,1-10 employees
237403,Grit Printing & Direct Mail,1.0,Pennsylvania,US,Montoursville,1-10 employees
240179,GCI Communication Corp.,5.0,AK,US,Anchorage,501-1000 employees
241214,SRG,2.0,Luton,GB,Capability Green,11-50 employees
241762,Hyde Engineering + Consulting,3.0,CO,US,Boulder,51-200 employees
242230,Enterprise Solutions Inc.,4.0,IL,US,Naperville,201-500 employees
243711,JCW,2.0,England,GB,London,11-50 employees
243836,Easterseals MORC,4.0,MI,US,Auburn Hills,201-500 employees
245148,TekniPlex,6.0,PA,US,Wayne,1001-5000 employees
245238,Thoughtwave Software and Solutions,2.0,IL,US,Aurora,11-50 employees
246704,Shalby Limited,5.0,Gujarat,IN,Ahmedabad,501-1000 employees
247429,StaffingForce,1.0,Unknown,US,Los Angeles,1-10 employees
248184,Creative Financial Staffing (CFS),5.0,Massachusetts,US,Boston,501-1000 employees
248599,"Reinsurance Group of America, Incorporated",5.0,Missouri,US,Chesterfield,501-1000 employees
249004,"Charles Abbott Associates, Inc. (CAA)",2.0,California,US,Mission Viejo,11-50 employees
249657,Proven Recruiting,2.0,CA,US,San Diego,11-50 employees
250671,Balchem Corporation,5.0,New Jersey,US,Montvale,501-1000 employees
250774,Grid Dynamics,5.0,California,US,San Ramon,501-1000 employees
251028,WuXi AppTec,7.0,Shanghai,CN,Shanghai,5001-10000 employees
251336,Accuro,5.0,North Carolina,US,Raleigh,501-1000 employees
251337,Life Search Technologies,1.0,Unknown,US,United States,1-10 employees
251970,Shipley Do-Nuts,2.0,Texas,US,Houston,11-50 employees
252398,ICE,6.0,GA,US,Atlanta,1001-5000 employees
252624,AWP Safety,6.0,OH,US,North Canton,1001-5000 employees
254975,The Baltimore Life Insurance Company,3.0,MD,US,Owings Mills,51-200 employees
255406,"Palmer & Sicard, Inc.",2.0,New Hampshire,US,Exeter,11-50 employees
255522,"TTL, Inc.",3.0,Al,US,Tuscaloosa,51-200 employees
256109,Strategic HR Business Advisors,1.0,OH,US,Cincinnati,1-10 employees
256744,SiriusXM,5.0,NY,US,New York,501-1000 employees
259589,"IDR, Inc.",4.0,Georgia,US,Alpharetta,201-500 employees
259718,Lexicon Solutions,2.0,OR,US,Portland,11-50 employees
260295,Synergis,3.0,Georgia,US,Alpharetta,51-200 employees
260775,Park City Municipal Corporation,4.0,UT,US,Park City,201-500 employees
260776,Formulated Solutions,4.0,FL,US,Largo,201-500 employees
261456,Merlin Entertainments,7.0,England,GB,Poole,5001-10000 employees
261933,WorldLink US,5.0,TX,US,Frisco,501-1000 employees
263580,New Jersey Board of Public Utilities,3.0,NJ,US,Trenton,51-200 employees
265869,Trinity Health,7.0,MI,US,Livonia,5001-10000 employees
266132,On-Demand Group,3.0,MN,US,Minneapolis,51-200 employees
266375,Austin Allen Company - Professional Recruitment,,TN,US,Memphis,Unknown
266635,Channing House,2.0,Unknown,US,0,11-50 employees
267430,"ActiveSoft, Inc",3.0,Georgia,US,Smyrna,51-200 employees
268123,Littleton Coin Company,3.0,NH,US,Littleton,51-200 employees
268278,ROCS Grad Staffing,2.0,Virginia,US,Reston,11-50 employees
268974,JSI,3.0,Maryland,US,Greenbelt,51-200 employees
269397,NextEra Energy Resources,7.0,FL,US,Juno Beach,5001-10000 employees
269675,Kratos Defense and Security Solutions,5.0,California,US,San Diego,501-1000 employees
269797,Telit Cinterion,5.0,Calif.,US,Irvine,501-1000 employees
270020,TrainingPros,2.0,GA,US,Atlanta,11-50 employees
271422,"Channellock, Inc.",3.0,PA,US,Meadville,51-200 employees
277732,Compass Systems & Programming,1.0,NH,US,Exeter,1-10 employees
277805,Health Monitor Network,2.0,New Jersey,US,Montvale,11-50 employees
278243,MBS Professional Staffing,2.0,Ohio,US,Cincinnati,11-50 employees
278493,Byron Bank,2.0,IL,US,Byron,11-50 employees
278713,Ohio Department of Rehabilitation and Correction (ODRC),7.0,Ohio,US,Columbus,5001-10000 employees
278880,IGT Solutions,7.0,Haryana,IN,Gurugram,5001-10000 employees
280561,Office of the Public Defender Maryland,4.0,Maryland,US,Baltimore,201-500 employees
280603,Harnham,3.0,London,GB,Wimbledon,51-200 employees
280956,Infoway Software,2.0,NJ,US,Sayreville,11-50 employees
281351,Plastic Executive Recruiters,1.0,Indiana,US,Fort Wayne,1-10 employees
281801,Comcentia,1.0,Wisconsin,US,Mequon,1-10 employees
282563,Salvo Pool & Spa,1.0,FL,US,Tallahassee,1-10 employees
283666,PJM Consulting,,CA,US,San Diego,Unknown
283807,FirstService Residential Florida,7.0,FL,US,Hollywood,5001-10000 employees
284382,IA Interior Architects,4.0,CA,US,San Francisco,201-500 employees
285027,LSS Life Safety Services®,3.0,Kentucky,US,Louisville,51-200 employees
285809,City Point Partners LLC,1.0,MA,US,Boston,1-10 employees
285852,"Interpreters and Translators, Inc",1.0,Connecticut,US,Glastonbury,1-10 employees
287711,Morton's The Steakhouse,7.0,Texas,US,Houston,5001-10000 employees
288703,Collins Medical Equipment,1.0,CT,US,Fairfield,1-10 employees
289597,Edlin Gallagher Huie + Blum,2.0,CA,US,San Francisco,11-50 employees
289663,Gladstone Institutes,3.0,California,US,San Francisco,51-200 employees
290493,UCC Environmental ,3.0,IL,US,Waukegan,51-200 employees
290727,CallRevu,2.0,Maryland,US,Towson,11-50 employees
294125,Tekshapers,4.0,MI,US,Troy,201-500 employees
294502,Spectrum Staffing Services/HRStaffers Inc.,2.0,New Jersey,US,Parsippany,11-50 employees
295604,"FreshPoint, Inc.",5.0,Texas,US,Houston,501-1000 employees
295644,Bell Partners Inc,5.0,NC,US,Greensboro,501-1000 employees
296193,Forrest T. Jones & Company,3.0,MO,US,Kansas City,51-200 employees
298190,MatrixCare,4.0,MN,US,Bloomington,201-500 employees
298409,Roth Staffing,4.0,CA,US,Orange,201-500 employees
299305,Masiello Employment Services - A Leddy Group Company,1.0,NH,US,Keene,1-10 employees
299849,Orion Innovation,6.0,New Jersey,US,Edison,1001-5000 employees
300543,Summit Fire Protection,4.0,Minnesota,US,SAINT PAUL,201-500 employees
300828,Agrace,4.0,WI,US,Madison,201-500 employees
301215,New York State Assembly,5.0,NY,US,Albany,501-1000 employees
301266,Tri-County Suburban REALTORS ,,PA,US,Malvern,Unknown
302387,Arthur Lawrence,4.0,Texas,US,Houston,201-500 employees
304493,MAC Incorporated,1.0,CA,US,San Clemente,1-10 employees
305895,Arjo,6.0,Skane,SE,Malmö,1001-5000 employees
306672,Violet Ink Group,2.0,California,US,Silicon Valley,11-50 employees
307079,INNOCEAN USA,3.0,CA,US,Huntington Beach,51-200 employees
307460,CN,7.0,QC,CA,Montreal,5001-10000 employees
307494,"Securitas Security Services USA, Inc.",7.0,NJ,US,Parsippany,5001-10000 employees
307513,Compass Group USA,7.0,North Carolina,US,Charlotte,5001-10000 employees
307886,Canadian Solar Inc.,7.0,Ontario,CA,Guelph,5001-10000 employees
308135,Cordia Resources,2.0,VA,US,Vienna,11-50 employees
308409,California Department of Water Resources,5.0,CA,US,Sacramento,501-1000 employees
310015,Rangam,4.0,NJ,US,Somerset,201-500 employees
310140,Agropur,6.0,Quebec,CA,Saint-Hubert,1001-5000 employees
311835,enableIT,2.0,NY,US,New York,11-50 employees
311841,SCA Health,7.0,Illinois,US,Deerfield,5001-10000 employees
313431,Versapay,3.0,Ontario,CA,Toronto,51-200 employees
313558,JDM Funding Corporation,,CA,US,Los Angeles,Unknown
313823,CAE Parc Aviation,6.0,Unknown,IE,Dublin,1001-5000 employees
314350,Qualtrics,6.0,Unknown,US,"Provo, UT and Seattle, WA",1001-5000 employees
314772,Greater Kirkland Chamber of Commerce,,WA,US,Kirkland,Unknown
315817,Republic Services,7.0,Arizona,US,Phoenix,5001-10000 employees
316458,Planet Forward,5.0,Illinois,US,Western Springs,501-1000 employees
316610,"Sientra, Inc.",2.0,California,US,Irvine,11-50 employees
316938,LiftOne,5.0,NC,US,Charlotte,501-1000 employees
318540,Advanced Clinical,5.0,Illinois,US,Deerfield,501-1000 employees
318785,Gestamp,7.0,Community of Madrid,ES,Madrid,5001-10000 employees
319203,Palermo's Pizza,4.0,Wisconsin,US,Milwaukee,201-500 employees
319995,HAI Group,2.0,CT,US,Cheshire,11-50 employees
320132,"DatamanUSA, LLC",2.0,CO,US,Centennial,11-50 employees
321400,Federal Home Loan Bank of Des Moines,3.0,Iowa,US,Des Moines,51-200 employees
321712,NewGen Business Solutions: NetSuite ERP Consultants,1.0,Arizona,US,Scottsdale,1-10 employees
321986,Watts Water Technologies,6.0,MA,US,North Andover,1001-5000 employees
323887,Jackson Therapy Partners,5.0,FL,US,Orlando,501-1000 employees
324276,NAVY EXCHANGE SERVICE COMMAND (NEXCOM),7.0,Unknown,US,0,5001-10000 employees
325032,Teck Resources Limited,6.0,British Columbia,CA,Vancouver,1001-5000 employees
327412,Resonate,2.0,VA,US,Reston,11-50 employees
329384,Solar Optimum,2.0,CA,US,Glendale,11-50 employees
331239,Timberland Partners,3.0,Minnesota,US,Minneapolis,51-200 employees
331509,Ztek Consulting,3.0,Georgia,US,Atlanta,51-200 employees
331670,eCapital Corp.,4.0,Florida,US,Miami,201-500 employees
332139,"Infomatics, Inc",3.0,Michigan,US,Farmington Hills,51-200 employees
333323,Eurofins Lancaster Laboratories,5.0,PA,US,Lancaster,501-1000 employees
333785,Aquarius Professional Staffing,1.0,OH,US,Blue Ash,1-10 employees
334661,Projectmates by Systemates Inc.,1.0,TX,US,Richardson,1-10 employees
336380,Fluke Corporation,5.0,WA,US,Everett,501-1000 employees
337132,MMC Group LP,2.0,TX,US,Irving,11-50 employees
337476,IntelliGenesis LLC,2.0,Maryland,US,Columbia,11-50 employees
340377,Guardian Access Solutions,2.0,TN,US,Nashville-Davidson,11-50 employees
343453,"Acumen, LLC",4.0,California,US,Burlingame,201-500 employees
344299,CCS Global Tech,4.0,CA,US,Poway,201-500 employees
344707,Lush Fresh Handmade Cosmetics North America,5.0,BC,CA,Vancouver,501-1000 employees
344890,Private Consultancy,6.0,Unknown,US,0,1001-5000 employees
345564,Quadrant Resource ,5.0,WA,US,Redmond,501-1000 employees
346080,Places for People,7.0,London,GB,London,5001-10000 employees
347410,"Nexstar Media Group, Inc.",7.0,TX,US,Irving,5001-10000 employees
347466,"Prudent Technologies and Consulting, Inc.",3.0,TX,US,Dallas,51-200 employees
347685,"TotalMed, Inc.",3.0,Wisconsin,US,Appleton,51-200 employees
348709,Chobani,5.0,New York,US,New Berlin,501-1000 employees
348981,RBW Consulting,2.0,Sussex,GB,Crawley,11-50 employees
349014,Lactalis American Group,5.0,NY,US,Buffalo,501-1000 employees
349016,SBLI,3.0,MA,US,Woburn,51-200 employees
349297,Apptio,5.0,WA,US,Bellevue,501-1000 employees
349545,Cornerstone,3.0,Alabama,US,Tanner,51-200 employees
352051,STARPLAST,4.0,Unknown,IL,"Israel, Afula ",201-500 employees
352217,ISCI,3.0,VA,US,Manassas,51-200 employees
352246,Town of Mount Pleasant,4.0,South Carolina,US,Mount Pleasant,201-500 employees
352558,United Wholesale Mortgage,6.0,Michigan,US,Pontiac,1001-5000 employees
352970,Farmer Brothers,5.0,TX,US,Northlake,501-1000 employees
354575,Oilgear,3.0,Michigan,US,Traverse City,51-200 employees
354870,Black Diamond Networks,2.0,MA,US,Andover,11-50 employees
355678,Warren CAT,5.0,Texas,US,Midland,501-1000 employees
357142,"Komar Industries, LLC",2.0,OH,US,Groveport,11-50 employees
357168,Guthrie,6.0,PA,US,Sayre,1001-5000 employees
357287,"Point Blank Enterprises, Inc.",5.0,FL,US,Pompano Beach,501-1000 employees
358102,AVAILABILITY Professional Staffing,1.0,CA,US,Modesto,1-10 employees
359901,Sun Technologies,5.0,Unknown,US,Atlanta,501-1000 employees
359985,AFFCU,2.0,Texas,US,San Antonio,11-50 employees
362178,Course5i,5.0,Washington,US,Bellevue,501-1000 employees
362181,EMBREY,3.0,TX,US,San Antonio,51-200 employees
365785,Saatchi & Saatchi X,3.0,Arkansas,US,Springdale,51-200 employees
366025,Metropolitan Transportation Authority,7.0,NY,US,New York,5001-10000 employees
366469,The HealthCare Initiative,1.0,Colorado,US,Englewood,1-10 employees
367977,Morgan Truck Body,5.0,PA,US,Morgantown,501-1000 employees
368844,Hydrite,4.0,Wisconsin,US,Brookfield,201-500 employees
368900,ClifyX,4.0,NJ,US,South Plainfield,201-500 employees
370509,Sagamore,2.0,Massachusetts,US,Hingham,11-50 employees
373399,Pattern Energy Group,4.0,CA,US,San Francisco,201-500 employees
373568,Career Group,2.0,CA,US,Los Angeles,11-50 employees
374632,EmblemHealth,5.0,NY,US,New York,501-1000 employees
374699,NYC Department of Parks & Recreation,6.0,NY,US,New York,1001-5000 employees
375293,Open Systems Inc.,3.0,GA,US,Alpharetta,51-200 employees
375438,IT-SCIENT,5.0,CA,US,Fremont,501-1000 employees
377671,Aprio,5.0,Georgia,US,Atlanta,501-1000 employees
378234,JBT Corporation,6.0,IL,US,Chicago,1001-5000 employees
379207,"Construction Resources, LLC.",4.0,GA,US,Decatur,201-500 employees
380752,"ATI Restoration, LLC",5.0,California,US,Anaheim,501-1000 employees
380818,Community Bridges,3.0,California,US,Watsonville,51-200 employees
383000,Libbey,5.0,Ohio,US,Toledo,501-1000 employees
383161,Cadence Bank,6.0,MS,US,Tupelo,1001-5000 employees
383369,Irvine Technology Corporation,1.0,California,US,Santa Ana,1-10 employees
384676,DIA,2.0,DC,US,Washington,11-50 employees
388480,ASK Consulting,4.0,Georgia (GA),US,Alpharetta,201-500 employees
389481,GEA Group,7.0,Nordrhein-Westfalen,DE,Düsseldorf,5001-10000 employees
389597,On-Board Companies,5.0,New Jersey,US,East Windsor,501-1000 employees
390599,"Conner Industries, Inc.",4.0,Texas,US,Fort Worth,201-500 employees
392569,Macaroni KID,1.0,Unknown,US,Washington D.C.,1-10 employees
397181,Ancestry,5.0,UT,US,Lehi,501-1000 employees
398606,"Rush Enterprises, Inc",6.0,TX,US,New Braunfels,1001-5000 employees
400528,Twilio,6.0,California,US,San Francisco,1001-5000 employees
403409,Schuff Steel,5.0,AZ,US,Phoenix,501-1000 employees
406004,Equipment Depot,5.0,Texas,US,Houston,501-1000 employees
407656,Fresenius Medical Care,7.0,Frankfurt,DE,Bad Homburg,5001-10000 employees
407724,InfiCare Staffing,3.0,Virginia,US,Dulles,51-200 employees
408211,Girl Scouts of Southeastern Michigan,2.0,Michigan,US,Detroit,11-50 employees
408636,PSG Global Solutions,5.0,CA,US,Marina Del Rey,501-1000 employees
410756,LGC,5.0,Middlesex,GB,Teddington,501-1000 employees
411814,"Pinnacle Services, Inc.",3.0,MN,US,Minneapolis,51-200 employees
413275,HirePower,2.0,TX,US,Sugar Land,11-50 employees
413796,Synectics Inc.,3.0,Illinois,US,Chicago,51-200 employees
414551,"Kaygen, Inc. ",2.0,California,US,Irvine,11-50 employees
415552,Bubba Gump Shrimp Co.,7.0,Texas,US,Houston,5001-10000 employees
416541,Glanbia Performance Nutrition (GPN),5.0,Ireland,US,Kilkenny,501-1000 employees
416796,"RLM Communications, Inc.",2.0,NC,US,Spring Lake,11-50 employees
416904,Equity Staffing Group,4.0,Colorado,US,Englewood,201-500 employees
417618,PRI Global,3.0,MO,US,Ellisville,51-200 employees
418451,CenCal Health,3.0,CA,US,Santa Barbara,51-200 employees
421728,American Direct,3.0,Kansas,US,Lenexa,51-200 employees
422503,TIC - The Industrial Company,6.0,CO,US,Englewood,1001-5000 employees
423483,Mixpanel,3.0,CA,US,San Francisco,51-200 employees
424952,The NRP Group LLC,4.0,Ohio,US,Cleveland,201-500 employees
425698,"Managed Staffing, Inc.",4.0,Texas,US,Dallas,201-500 employees
425984,Seven Hills Foundation,5.0,Massachusetts,US,Worcester,501-1000 employees
426121,"ARK Solutions, Inc.",3.0,VA,US,Reston,51-200 employees
428258,Audubon Companies,5.0,Texas,US,Houston,501-1000 employees
432241,Venturi,2.0,Cheshire,GB,Wilmslow,11-50 employees
434598,Flywire,5.0,MA,US,Boston,501-1000 employees
436163,RRC Companies,3.0,Texas,US,Round Rock,51-200 employees
436931,Free People,5.0,PA,US,Philadelphia,501-1000 employees
437225,"iHerb, LLC",5.0,California,US,Irvine,501-1000 employees
438121,"Spectrum Plastics Group, A DuPont Business",5.0,Delaware,US,Wilmington,501-1000 employees
439853,ChargePoint,5.0,CA,US,Campbell,501-1000 employees
440105,"HealthSource Solutions, LLC",2.0,Minnesota,US,Plymouth,11-50 employees
440288,MMG,1.0,North Carolina,US,Asheville,1-10 employees
440542,Hunter Hamilton,2.0,Ohio,US,Cincinnati,11-50 employees
441947,HRCI,2.0,Virginia,US,Alexandria,11-50 employees
444038,"Staffing Resource Group, Inc",2.0,FL,US,Tampa,11-50 employees
444599,WellDyne,4.0,FL,US,Lakeland,201-500 employees
444905,Reaction Search International (RSI Executive Search),2.0,California,US,Newport Beach,11-50 employees
447530,Rocky Mountain Elk Foundation,2.0,MT,US,Missoula,11-50 employees
448814,NV Energy,5.0,NV,US,Las Vegas,501-1000 employees
449593,"Kinetic Personnel Group, Inc",4.0,California,US,Riverside,201-500 employees
450279,Lee Kum Kee USA,6.0,California,US,City of Industry,1001-5000 employees
450323,Scion Staffing,3.0,CA,US,San Francisco,51-200 employees
450985,"Children's Harbor, Inc.",2.0,Florida,US,Pembroke Pines,11-50 employees
451961,The Phoenix Group,2.0,NY,US,New York,11-50 employees
452426,Eating Recovery Center,5.0,Colorado,US,Denver,501-1000 employees
455602,Wurth Elektronik,6.0,SD,US,Watertown,1001-5000 employees
455961,SOCOTEC,6.0,Yvelines,FR,Saint-Quentin-en Yvelines,1001-5000 employees
456189,Codeworks IT Careers ,3.0,WI,US,Brookfield,51-200 employees
459969,PURIS,4.0,Texas,US,The Woodlands,201-500 employees
461301,Tavistock Development Company,2.0,Florida,US,Orlando,11-50 employees
461365,Fidelis Care,5.0,NY,US,Rego Park,501-1000 employees
461767,Ohio Department of Insurance,3.0,OH,US,Columbus,51-200 employees
462487,Kolla Soft Inc,1.0,Arizona,US,Scottsdale,1-10 employees
462732,RailPros,4.0,Texas,US,Irving,201-500 employees
463946,Valbridge Property Advisors | Las Vegas | Reno,1.0,NV,US,Las Vegas,1-10 employees
464772,"Prime Software Technologies, Inc.",2.0,Massachusetts,US,Woburn,11-50 employees
465010,Boxley Group,1.0,Texas,US,Houston,1-10 employees
466204,Parkside Financial Bank & Trust,2.0,MO,US,Clayton,11-50 employees
467038,"Paramount Software Solutions, Inc",2.0,Georgia,US,Alpharetta,11-50 employees
468782,WSP USA,7.0,NY,US,New York,5001-10000 employees
469945,Epoca International LLC,2.0,FL,US,Boca Raton,11-50 employees
471011,JMT Architecture,1.0,Maryland,US,Hunt Valley,1-10 employees
475428,Chabot College,4.0,CA,US,Hayward,201-500 employees
476988,E-J Electric Installation Co.,5.0,NY - New York,US,Long Island City,501-1000 employees
477012,Object CTalk Inc.,2.0,PA,US,King of Prussia,11-50 employees
478025,"Precision Measurements, Inc.",2.0,Virginia,US,Virginia Beach,11-50 employees
479154,Trillium Construction Services,3.0,Michigan,US,Kalamazoo,51-200 employees
479378,Tolmar,4.0,CO,US,Fort Collins,201-500 employees
479939,Matrix Finance and Accounting,1.0,WA,US,Seattle,1-10 employees
481873,National Pork Board,2.0,Iowa,US,Clive,11-50 employees
481931,Vokal,2.0,Illinois,US,Chicago,11-50 employees
482272,TRUGlobal,3.0,California,US,Dublin,51-200 employees
483347,Forbright Bank,3.0,Maryland,US,Chevy Chase,51-200 employees
484002,IMI Agency,1.0,GA,US,Woodstock,1-10 employees
484735,SUN PHARMA,7.0,Maharastra,IN,Mumbai,5001-10000 employees
485407,The Learning Experience,4.0,Florida,US,Deerfield Beach,201-500 employees
485573,FirstService Residential Texas,7.0,TX,US,Dallas,5001-10000 employees
485892,"h3 Technologies, LLC",2.0,Kentucky,US,Florence,11-50 employees
487174,OPENLANE,5.0,Indiana,US,Carmel,501-1000 employees
487710,Gallup-McKinley County Schools,2.0,Unknown,US,0,11-50 employees
488281,Mitchell Martin Inc.,4.0,New York,US,New York,201-500 employees
490432,NLB Services,6.0,Georgia,US,Alpharetta,1001-5000 employees
490595,Dashing Diva,2.0,NY,US,Port Washington,11-50 employees
491205,Big Fish Technology,,GA,US,Alpharetta,Unknown
491378,AmeriCorps,4.0,Unknown,US,0,201-500 employees
492566,CSafe,4.0,Ohio,US,Monroe,201-500 employees
493046,Reading Partners,3.0,California,US,Oakland,51-200 employees
493341,Nextgen Technologies Inc,7.0,California,US,San Jose,5001-10000 employees
493453,The Scion Group,5.0,Illinois,US,Chicago,501-1000 employees
495856,Salas O'Brien,5.0,CA,US,Santa Ana,501-1000 employees
496899,Attain Partners,3.0,Virginia,US,McLean,51-200 employees
496934,Opelousas General Health System,4.0,LA,US,Opelousas,201-500 employees
497017,Morgan Stanley,7.0,NY,US,New York,5001-10000 employees
497248,ConnectPoint Search Group,1.0,CA,US,Sacramento,1-10 employees
497515,AVI Foodsystems,6.0,OH,US,Warren,1001-5000 employees
501073,Reynolds School District,5.0,OR,US,FAIRVIEW,501-1000 employees
502882,Randstad Sourceright,6.0,Unknown,NL,Amsterdam,1001-5000 employees
503712,goTRG,5.0,FL,US,Miami,501-1000 employees
503757,"AmTrust Financial Services, Inc.",6.0,NY,US,New York,1001-5000 employees
508963,Veolia North America,6.0,MA,US,Boston,1001-5000 employees
510681,AKAM,3.0,NY,US,New York,51-200 employees
510951,Insight Recruiting,,California,US,Mill Valley,Unknown
513873,Arcondis Group,3.0,Basel-Country,CH,Allschwil,51-200 employees
521122,TEEMA,3.0,BC,CA,Vancouver,51-200 employees
521134,People Tech Group Inc,5.0,Washington,US,Redmond,501-1000 employees
521160,Meadows Behavioral Healthcare,2.0,Arizona,US,Phoenix,11-50 employees
522411,Munck Wilson Mandala LLP,2.0,Texas,US,Dallas,11-50 employees
522560,"Sakata Seed America, Inc.",3.0,Ca,US,Morgan Hill,51-200 employees
523382,INVISTA,6.0,Kansas,US,Wichita,1001-5000 employees
525424,"A10 Networks, Inc",4.0,California,US,San Jose,201-500 employees
527081,Population Services International,5.0,Unknown,US,"Washington, DC",501-1000 employees
528217,Erickson Incorporated,4.0,OR,US,Portland,201-500 employees
528422,Volunteers of America Chesapeake & Carolinas,4.0,MD,US,Lanham,201-500 employees
528424,"AGS Exposition Services, Inc.",1.0,Florida,US,Orlando,1-10 employees
529548,The Sage Group (Bay Area),2.0,California,US,San Francisco,11-50 employees
531400,CCY Architects,1.0,CO,US,Basalt,1-10 employees
532220,Interim Physicians,1.0,MO,US,Saint Louis,1-10 employees
535838,"PeopleSolutions, Inc.",1.0,Virginia,US,Three Chopt,1-10 employees
538029,"Moseley Technical Services, Inc.",3.0,AL,US,Huntsville,51-200 employees
542177,ADI Global Distribution,5.0,NY,US,Melville,501-1000 employees
543150,"Epcon Industrial Systems, LP",2.0,Texas,US,Conroe,11-50 employees
545086,Lazydays,4.0,Florida,US,Tampa,201-500 employees
545538,GL Staffing,5.0,Florida,US,Margate,501-1000 employees
545751,nTech Workforce,3.0,Maryland,US,Columbia,51-200 employees
547009,PLS Logistics Services,4.0,Pennsylvania,US,Cranberry Township,201-500 employees
547691,"Vogrinc & Short, Inc.",,IL,US,Rockford,Unknown
548385,The Doyle Group,1.0,CO,US,Denver,1-10 employees
549532,Argo Group,5.0,Bermuda,BM,Pembroke,501-1000 employees
550472,Dolce Bakery,1.0,KS,US,Prairie Village,1-10 employees
550530,First Financial Bank Texas,5.0,TX,US,Abilene,501-1000 employees
552829,HCA Florida Citrus Hospital,7.0,Florida,US,Inverness,5001-10000 employees
556848,RF-SMART,3.0,Florida,US,Jacksonville,51-200 employees
559698,Tavistock Restaurant Collection,5.0,Florida,US,Orlando,501-1000 employees
559761,interrupt,1.0,Ohio,US,Sylvania,1-10 employees
563407,"E&B Paving, Inc.",4.0,IN,US,Anderson,201-500 employees
563417,Mission Regional Medical Center,4.0,TX,US,Mission,201-500 employees
564726,SiTime,3.0,CA,US,Santa Clara,51-200 employees
565927,ATG (Auction Technology Group),3.0,England,GB,London,51-200 employees
566121,In Time Tec,4.0,ID,US,Meridian,201-500 employees
566521,"Goldbelt, Incorporated",4.0,AK,US,Juneau,201-500 employees
568781,The Kolter Group,5.0,Florida,US,Delray Beach,501-1000 employees
570101,"Infosoft, Inc.",3.0,CA,US,Gilroy,51-200 employees
570415,Neighborcare Health,4.0,WA,US,Seattle,201-500 employees
570420,NextGen | GTA: A Kelly Telecom Company,4.0,California,US,San Diego,201-500 employees
571440,Nfinity Athletic,1.0,GA,US,Atlanta,1-10 employees
572631,W.E. Lyons Construction Co.,1.0,CA.,US,Walnut Creek,1-10 employees
580089,"Volkert, Inc.",5.0,Alabama,US,Mobile,501-1000 employees
580693,Abpro,1.0,Massachusetts,US,Woburn,1-10 employees
581027,"Varsity Tutors, a Nerdy Company",4.0,MO,US,St. Louis,201-500 employees
581824,PENNYMAC,6.0,California,US,Westlake Village,1001-5000 employees
583005,First Legal,4.0,California,US,Monterey Park,201-500 employees
585138,Kalahari Resorts & Conventions,5.0,Wi,US,Wisconsin Dells,501-1000 employees
585887,DO & CO AG,7.0,Unknown,AT,Vienna,5001-10000 employees
586336,KYYBA Inc,4.0,MI,US,Farmington Hills,201-500 employees
586645,Trident Consulting ,2.0,California,US,San Ramon,11-50 employees
590130,MSRcosmos LLC,5.0,DE,US,Wilmington,501-1000 employees
593020,nextgen,3.0,Missouri,US,St. Louis,51-200 employees
594012,The Boelter Companies,4.0,WI,US,Waukesha,201-500 employees
594182,Minnehaha Creek Watershed District,1.0,MN,US,Minnetonka,1-10 employees
594302,FocusCFO®,2.0,OH,US,Columbus,11-50 employees
594846,AppDynamics,5.0,CA,US,San Francisco,501-1000 employees
594849,Hendricks Commercial Properties,4.0,WI,US,Beloit,201-500 employees
595749,EnergyHub,2.0,NY,US,Brooklyn,11-50 employees
598164,WiCell,1.0,WI,US,Madison,1-10 employees
598372,Corporate Resources of Illinois,2.0,IL,US,Schaumburg,11-50 employees
601919,Genesys,6.0,CA,US,Menlo Park,1001-5000 employees
602101,"Sparrow Company, LLC",,California,US,Los Angeles,Unknown
606385,ColonialWebb,4.0,VA,US,Richmond,201-500 employees
606700,M Force Staffing,1.0,TN,US,Knoxville,1-10 employees
607957,Siemens Energy,7.0,Unknown,0,0,5001-10000 employees
611131,US LBM,7.0,Georgia,US,Atlanta,5001-10000 employees
611628,Scott Dunn,2.0,Unknown,GB,London,11-50 employees
611987,Ohio Department of Mental Health & Addiction Services,5.0,Ohio,US,Columbus,501-1000 employees
612636,United Bank,5.0,Virginia,US,Vienna,501-1000 employees
613812,Avance Consulting,4.0,NJ,US,Somerset,201-500 employees
620532,Professional Engineering Consultants,3.0,KS,US,Wichita,51-200 employees
623716,CHAS Health,5.0,Washington,US,Spokane,501-1000 employees
628150,"KYield, Inc.",1.0,NM,US,Rio Rancho,1-10 employees
628213,South Carolina Department of Revenue,4.0,South Carolina,US,Columbia,201-500 employees
628427,R.F. MacDonald Co.,3.0,CA,US,Hayward,51-200 employees
629227,Coca-Cola Consolidated,7.0,NC,US,Charlotte,5001-10000 employees
629785,SAFEbuilt,5.0,CO,US,Loveland,501-1000 employees
631652,Sales Empowerment Group,2.0,IL,US,Chicago,11-50 employees
632140,Impellam Group,5.0,Bedfordshire,GB,Luton,501-1000 employees
633558,Odoo,5.0,Walloon Region,BE,Louvain-la-Neuve,501-1000 employees
634422,Pacific Clinics,5.0,Unknown,US,0,501-1000 employees
637038,Santa Catalina School,2.0,California,US,Monterey,11-50 employees
637937,RUTI INC.,2.0,CA,US,Palo Alto,11-50 employees
639802,"DigiFlight, Inc.",2.0,MD,US,Columbia,11-50 employees
641035,"Sun West Mortgage Company, Inc.",4.0,California,US,Cerritos,201-500 employees
643295,Havas Edge,3.0,CA,US,Carlsbad,51-200 employees
644776,LastPass,4.0,Massachusetts,US,Boston,201-500 employees
647285,"E2 Consulting Engineers, Inc.",4.0,California,US,Emeryville,201-500 employees
648141,"InvoiceCloud, Inc.",3.0,MA,US,Braintree,51-200 employees
649827,Meet,2.0,London,GB,London,11-50 employees
650594,Columbia Insurance Group,3.0,MO,US,Columbia,51-200 employees
656981,Brady Services,3.0,NC,US,Greensboro,51-200 employees
658814,Anaplan,5.0,California,US,San Francisco,501-1000 employees
660180,Rite of Passage,5.0,Nevada,US,Minden,501-1000 employees
661629,"ThermaClime Technologies, Inc.",2.0,Unknown,US,0,11-50 employees
662026,ecoATM Gazelle,3.0,CA,US,San Diego,51-200 employees
662171,RadGov Inc.,4.0,FL,US,Fort Lauderdale,201-500 employees
664795,"DigiDoc, Inc. dba Public Sector Solutions Group",2.0,District of Columbia,US,Washington,11-50 employees
665858,Patagonia,5.0,California,US,Ventura,501-1000 employees
667860,PLAE,2.0,Georgia,US,Canton,11-50 employees
668124,"TruckPro, LLC",5.0,Tennessee,US,Cordova,501-1000 employees
668353,MD Now Urgent Care,4.0,Florida,US,West Palm Beach,201-500 employees
670231,"Faith Lutheran Church, Golden CO",,Unknown,US,0,Unknown
670462,Encore Technologies,2.0,OH,US,Cincinnati,11-50 employees
674355,Stellar,4.0,FL,US,Jacksonville,201-500 employees
674541,Ontic,5.0,Gloucestershire,GB,Cheltenham,501-1000 employees
674609,Anderson Process,2.0,WI,US,Brookfield,11-50 employees
675562,Square,5.0,CA,US,San Francisco,501-1000 employees
675578,"TMS, Inc",1.0,Kansas,US,Kansas City,1-10 employees
676041,NextCare,5.0,Arizona,US,Tempe,501-1000 employees
683310,Gerber Collision & Glass,6.0,Illinois,US,Elmhurst,1001-5000 employees
683924,Project Partners,3.0,CA,US,Laguna Hills,51-200 employees
684228,RWM Home Loans,2.0,California,US,San Diego,11-50 employees
684457,Bespoke Careers,2.0,England,GB,Clerkenwell,11-50 employees
685741,Sparks Group,2.0,Maryland,US,Rockville,11-50 employees
686294,One Medical,5.0,California,US,San Francisco,501-1000 employees
688068,GS-Tek,,DE,US,Newark,Unknown
688249,Suna Solutions,4.0,California,US,San Diego,201-500 employees
689849,Simply Biotech,2.0,CA,US,San Diego,11-50 employees
690468,"Informatic Technologies, Inc.",3.0,NJ,US,North Brunswick,51-200 employees
690568,"Equity LifeStyle Properties, Inc.",5.0,Il,US,Chicago,501-1000 employees
692573,Ingeus,5.0,England,GB,London,501-1000 employees
695566,Roll & Hill,1.0,NY,US,New York,1-10 employees
696485,Trina Solar,7.0,Changzhou,CN,Jiangsu,5001-10000 employees
696573,Deering Companies,1.0,FL,US,Coral Gables,1-10 employees
698629,USA  Mortgage,4.0,Missouri,US,Saint Louis,201-500 employees
698935,"Gresham Partners, LLC",2.0,Illinois,US,Chicago,11-50 employees
701236,"Northwest Administrators, Inc",4.0,Washington,US,Seattle,201-500 employees
701854,loanDepot,6.0,California,US,Irvine,1001-5000 employees
703207,"Trademasters Service, Inc.",2.0,VA,US,Lorton,11-50 employees
704518,Studio 5678,1.0,PA,US,Coplay,1-10 employees
704813,Zulily,5.0,WA,US,Seattle,501-1000 employees
708393,"Atwell, LLC",5.0,MI,US,Southfield,501-1000 employees
708782,"Luna Data Solutions, Inc. ",2.0,TX,US,Austin,11-50 employees
709813,CoStrategix,2.0,Ohio,US,Blue Ash,11-50 employees
710023,Bruce & Merrilees Electric Co.,3.0,PA,US,New Castle,51-200 employees
712597,TravisMathew,3.0,CA,US,Huntington Beach,51-200 employees
713845,Harmony Public Schools,5.0,TX,US,Houston,501-1000 employees
716845,"Vantage Point Recruiters, LLC.",,FL,US,Oviedo,Unknown
719323,V2 Strategic Advisors,2.0,Florida,US,Delray Beach,11-50 employees
725358,Amherst,5.0,Texas,US,Austin,501-1000 employees
725927,Extreme Engineering Solutions,3.0,Wisconsin,US,Verona,51-200 employees
728536,Lambent Services,,NY,US,New York,Unknown
729238,"Reveille Technologies,Inc",2.0,NC,US,Charlotte,11-50 employees
731128,Swoon,3.0,IL,US,Chicago,51-200 employees
732744,Coalition Technologies,2.0,CA,US,Culver City,11-50 employees
733272,Thomas Thor,2.0,Unknown,NL,Amsterdam,11-50 employees
733622,Innovid,4.0,NY,US,New York,201-500 employees
734098,Rightware,2.0,Uusimaa,FI,Helsinki,11-50 employees
734180,Gesu School,2.0,PA,US,Philadelphia,11-50 employees
736239,"MJ Care, Inc.",4.0,WI,US,New Berlin,201-500 employees
738188,Atlantic Engineering Group,3.0,Georgia,US,Buford,51-200 employees
740278,Refresco,7.0,Unknown,NL,Rotterdam,5001-10000 employees
741062,SafeworkCM,2.0,California,US,Irvine,11-50 employees
741253,Hospice of the Chesapeake,3.0,MD,US,Pasadena,51-200 employees
741509,Thom Filicia Inc.,1.0,NY,US,New York,1-10 employees
742016,Postpartum Support International,2.0,Oregon,US,Portland,11-50 employees
743266,Kent School District,5.0,WA,US,Kent,501-1000 employees
743843,OSI Engineering,3.0,CA,US,Campbell,51-200 employees
744463,Power Equipment Direct,2.0,IL,US,Bolingbrook,11-50 employees
748875,Power Personnel,2.0,California,US,San Jose,11-50 employees
750072,E-Solutions,5.0,California,US,San Jose,501-1000 employees
754041,Global Project Management,1.0,LA,US,Slidell,1-10 employees
756621,SRS Distribution Inc.,6.0,Texas,US,McKinney,1001-5000 employees
760983,U.S. Renal Care,6.0,Texas,US,Plano,1001-5000 employees
762365,FirstService Residential,7.0,FL,US,Dania Beach,5001-10000 employees
763137,Spencer Ogden,3.0,England,GB,London,51-200 employees
763451,DPI Specialty Foods,5.0,CA,US,Ontario,501-1000 employees
766308,The Global Edge Consultants,2.0,Texas,US,Spring,11-50 employees
766544,AnaptysBio,2.0,California,US,San Diego,11-50 employees
766876,TekWissen ®,5.0,MI,US,Ann Arbor,501-1000 employees
770532,etf.com,1.0,NY,US,New York,1-10 employees
773342,Quest Financial,2.0,GA,US,Atlanta,11-50 employees
776909,Dean Transportation,5.0,MI,US,Lansing,501-1000 employees
777243,Ascendo Resources,3.0,FL,US,Coral Gables,51-200 employees
782367,American College of Lifestyle Medicine,1.0,MO,US,Chesterfield,1-10 employees
782549,Piedmont Airlines,6.0,Maryland,US,Salisbury,1001-5000 employees
783377,LCG Consulting,1.0,CA,US,LOS ALTOS,1-10 employees
784197,Nevada State University,3.0,Nevada,US,Henderson,51-200 employees
784330,Artisan Creative,1.0,CA,US,Los Angeles,1-10 employees
784586,Improve Group,2.0,NM,US, Albuquerque,11-50 employees
787339,Employment Development Department,6.0,CA,US,Sacramento,1001-5000 employees
789643,Axtria - Ingenious Insights,5.0,NJ,US,Berkeley Heights,501-1000 employees
791742,Garver,5.0,AR,US,North Little Rock,501-1000 employees
797698,PRIME Education,2.0,NY,US,New York,11-50 employees
797901,Dealers Electrical Supply,4.0,Texas,US,Waco,201-500 employees
803934,JPI,3.0,TX,US,Irving,51-200 employees
805305,Family Service of Rhode Island,3.0,RI,US,Providence,51-200 employees
808024,American Gem Society,1.0,Unknown,US,0,1-10 employees
808034,Aya Healthcare,6.0,CA,US,San Diego,1001-5000 employees
809218,Office of the New York State Attorney General,5.0,Unknown,US,New York,501-1000 employees
810033,The Rants Group,1.0,Wa,US,Olympia,1-10 employees
811848,Natirar,1.0,NJ,US,Peapack-Gladstone,1-10 employees
813581,Seattle Colleges,5.0,Washington,US,Seattle,501-1000 employees
814025,Elastic,5.0,CA,US,Mountain View,501-1000 employees
816297,Spring Hill Golf Club,2.0,MN,US,Wayzata,11-50 employees
822071,"Behavioral Health Network, Inc (BHN)",5.0,MA,US,Springfield,501-1000 employees
822239,Technology Navigators,2.0,TX,US,Austin,11-50 employees
826665,"Infinite Resource Solutions, LLC",2.0,Georgia,US,Alpharetta,11-50 employees
827183,Russell Tobin,3.0,New York,US,New York,51-200 employees
828170,"TSR Consulting Services, Inc.",4.0,New Jersey,US,Edison,201-500 employees
833576,"GACC Midwest - German American Chamber of Commerce of the Midwest, Inc.",1.0,Illinois,US,Chicago,1-10 employees
837188,Ventures Unlimited Inc,2.0,Unknown,US,Mount Laurel,11-50 employees
847311,IMS People Possible,5.0,Gujarat,IN,Ahmedabad,501-1000 employees
848818,AMBRION,1.0,Minnesota,US,Minneapolis,1-10 employees
850621,Quirch Foods,5.0,Florida,US,Coral Gables,501-1000 employees
851980,The University of Kansas Health System,6.0,KS,US,Kansas City,1001-5000 employees
853756,"Commonwealth Commercial Partners, LLC",2.0,VA,US,Glen Allen,11-50 employees
853789,JG Wentworth,4.0,PA,US,Chesterbrook,201-500 employees
856720,Spirit Halloween,7.0,NJ,US,Egg Harbor Township,5001-10000 employees
856887,Cryoport,3.0,TN,US,Brentwood,51-200 employees
858837,CenterForce USA,,NY,US,Brooklyn,Unknown
860999,Sunrun,7.0,CA,US,SAN FRANCISCO,5001-10000 employees
861806,Joe's Crab Shack,7.0,Texas,US,Houston,5001-10000 employees
868313,Faulconer Construction,3.0,VA,US,Charlottesville,51-200 employees
868336,Brilliant®,2.0,IL,US,Chicago,11-50 employees
869128,Crystal Equation Corporation,3.0,Illinois,US,Chicago,51-200 employees
869141,Caris Life Sciences,5.0,Texas,US,Irving,501-1000 employees
871491,CASBO,1.0,CA,US,Sacramento,1-10 employees
877938,Sila Solutions Group,2.0,WA,US,Seattle,11-50 employees
881304,TCWGlobal (formerly TargetCW),3.0,CA,US,San Diego,51-200 employees
881576,Staybridge Suites,1.0,Unknown,US,0,1-10 employees
882349,"Eric L. Davis Engineering, Inc.",2.0,TX,US,Forney,11-50 employees
884316,"Stanley Black & Decker, Inc.",7.0,CT,US,New Britain,5001-10000 employees
887776,LGH North America,2.0,IL,US,Bridgeview,11-50 employees
888055,ABC 10News San Diego | KGTV Channel 10,2.0,California,US,San Diego,11-50 employees
890145,VDart,5.0,GA,US,"Alpharetta,",501-1000 employees
893928,"Traylor Bros., Inc.",3.0,IN,US,Evansville,51-200 employees
893976,Blachford Acoustics Group,4.0,IL,US,West Chicago,201-500 employees
894315,LTS - Video Solutions for Security Professionals,3.0,CA,US,Industry,51-200 employees
894572,"NVE, Inc.",3.0,Virginia,US,Reston,51-200 employees
894640,Addition Management,,New York,US,New York,Unknown
899016,Veracity Solutions,2.0,Utah,US,Midvale,11-50 employees
899433,Non-Profit Organization,3.0,Unknown,US,0,51-200 employees
899708,Keck Medicine of USC,6.0,CA,US,Los Angeles,1001-5000 employees
905785,Celerion,5.0,NE,US,Lincoln,501-1000 employees
908113,Dental Care Alliance,5.0,FL,US,Sarasota,501-1000 employees
910171,"Data Intelligence, LLC",2.0,NJ,US,Marlton,11-50 employees
911430,Cerity Partners,4.0,NY,US,New York,201-500 employees
911461,Astrix,5.0,New Jersey,US,Red Bank,501-1000 employees
911928,Presbyterian Homes & Services,6.0,MN,US,Roseville,1001-5000 employees
912358,"Sunray Enterprise, Inc.",2.0,GA,US,Atlanta,11-50 employees
913591,ProChem Inc.,2.0,VA,US,Elliston,11-50 employees
917137,Electri-Cord Manufacturing,4.0,Pennsylvania,US,Westfield,201-500 employees
917557,Cetera Financial Group,5.0,CA,US,San Diego ,501-1000 employees
921329,Manuka Health,2.0,Auckland,NZ,Auckland,11-50 employees
922460,MNP Corporation,4.0,Unknown,US,0,201-500 employees
923162,Bruin,2.0,England,GB,London,11-50 employees
923923,EdgeLink,1.0,Oregon,US,Portland,1-10 employees
925902,TinyEYE Therapy Services,2.0,SK,CA,Saskatoon,11-50 employees
928232,XDuce,4.0,New Jersey,US,Edison,201-500 employees
931682,BrightLeaf Group Inc,1.0,TX,US,Austin,1-10 employees
931863,The Ford Agency,,DC,US,Washington,Unknown
932563,Discovery Land Company,5.0,AZ,US,Scottsdale,501-1000 employees
932766,St. Joseph's Health,5.0,NY,US,Syracuse,501-1000 employees
933942,Siri InfoSolutions Inc,3.0,New Jersey,US,Edison,51-200 employees
936584,Driven Brands Inc.,5.0,NC,US,Charlotte,501-1000 employees
937112,Warby Parker,5.0,NY,US,New York,501-1000 employees
938659,ZEISS Group,7.0,Unknown,DE,Oberkochen,5001-10000 employees
941454,Saint Michael's Medical Center,5.0,N.J.,US,Newark,501-1000 employees
946485,Hire Connections Staffing,2.0,CO,US,Centennial,11-50 employees
946733,"DeltaHawk Engines, Inc.",1.0,WI,US,Racine,1-10 employees
947715,BCforward,6.0,IN,US,Indianapolis,1001-5000 employees
947989,Mi Familia Vota,2.0,Unknown,US,0,11-50 employees
948229,Focuz Mindz Inc.,1.0,TX,US,Sugar Land,1-10 employees
950989,Armstrong Transport Group,3.0,NC,US,Charlotte,51-200 employees
956827,Vector Careers Inc,,Oregon,US,Beaverton,Unknown
959749,Mad Mobile,4.0,Florida,US,Tampa,201-500 employees
961273,SAPSOL Technologies Inc. : Systems and Process Solutions for your Enterprise,3.0,California,US,Santa Clara,51-200 employees
961661,CLEAR (clearme.com),5.0,NY,US,New York,501-1000 employees
962052,Peachtree Orthopedics,4.0,GA,US,Atlanta,201-500 employees
963453,RED SKY Consulting,2.0,CO,US,Denver,11-50 employees
963615,"Richline Group, a Berkshire Hathaway Company",5.0,NY,US,New York,501-1000 employees
963770,Bunzl Distribution NA,6.0,MO,US,St. Louis,1001-5000 employees
965922,"Soarus, LLC",1.0,Illinois,US,Arlington Heights,1-10 employees
966339,Pathstone,3.0,New Jersey,US,Englewood,51-200 employees
969396,KRG Technologies Inc.,4.0,CA,US,Valencia,201-500 employees
969699,"Fairview Search Group, LLC",1.0,North Carolina,US,Charlotte,1-10 employees
973375,The New Jewish Home,5.0,NY,US,New York,501-1000 employees
973957,Harbour,2.0,NY,US,New York,11-50 employees
978382,First Fed,3.0,Unknown,US,Northwest Washington,51-200 employees
981482,Priority Worldwide,2.0,Maryland,US,Hanover,11-50 employees
981830,Charitable Ventures,2.0,CA,US,Santa Ana,11-50 employees
982284,City of Poughkeepsie,2.0,New York,US,Poughkeepsie,11-50 employees
982394,Snow Companies,3.0,Virginia,US,Williamsburg,51-200 employees
982438,"BrightFields, Inc.",1.0,DE,US,Wilmington,1-10 employees
983286,Monster Energy,5.0,California,US,Corona,501-1000 employees
986449,CED,5.0,Unknown,US,0,501-1000 employees
988946,"Coherent Technical Services, Inc.",2.0,Maryland,US,Hollywood,11-50 employees
990745,Cheyenne Regional Medical Center,5.0,WY,US,Cheyenne,501-1000 employees
991068,AVer USA,4.0,CA,US,Fremont,201-500 employees
994224,Barton Associates Inc.,4.0,MA,US,Peabody,201-500 employees
995588,Med-Trans Corporation,4.0,Texas,US,Lewisville,201-500 employees
996271,Benchmark IT - Technology Talent,1.0,CT,US,Stamford,1-10 employees
997645,Manor Communities,2.0,PA,US,Lancaster,11-50 employees
997733,Talentfoot Executive Search and Staffing,1.0,Illinois,US,Chicago,1-10 employees
998131,Kansas Department of Health and Environment,4.0,KS,US,Topeka,201-500 employees
999245,Bournewood Health Systems,3.0,MA,US,Chestnut Hill,51-200 employees
1003064,Rylem Staffing,1.0,WA,US,Seattle,1-10 employees
1003396,PINKO,4.0,Parma,IT,Fidenza,201-500 employees
1007844,In Business magazine,1.0,Wisconsin,US,Madison,1-10 employees
1012425,Sisters of Mercy of the Americas,5.0,Unknown,US,Silver Spring,501-1000 employees
1012623,Real Staffing,3.0,Unknown,GB,London,51-200 employees
1012693,River Valley Cooperative,3.0,Iowa,US,Davenport,51-200 employees
1013110,Sev1Tech LLC,4.0,Virginia,US,Woodbridge,201-500 employees
1013451,Verst Logistics,5.0,KY,US,Walton,501-1000 employees
1015491,Distinctive Hospitality Group,3.0,MA,US,Natick,51-200 employees
1015589,Egnyte,4.0,CA,US,Mountain View,201-500 employees
1022308,"Merraine Group, Inc.",2.0,Florida,US,Port St Lucie,11-50 employees
1028988,Information & Technology Management,2.0,Unknown,US,0,11-50 employees
1036445,The Saint Paul Hotel,3.0,MN,US,Saint Paul,51-200 employees
1037202,MVM,7.0,Unknown,HU,Budapest,5001-10000 employees
1041095,Sonova Group,7.0,Unknown,CH,Stäfa,5001-10000 employees
1042230,Catholic Charities of Baltimore,5.0,MD,US,Baltimore,501-1000 employees
1042451,"HP Communications, Inc.",3.0,CA,US,Corona,51-200 employees
1045296,University of Colorado Medicine,4.0,CO,US,Aurora,201-500 employees
1049467,Verveba Telecom,4.0,TX,US,Richardson,201-500 employees
1051105,Microbiologics,3.0,Minnesota,US,Saint Cloud,51-200 employees
1051620,sourcemantra,2.0,New Jersey,US,South Plainfield,11-50 employees
1051720,MKS2 Technologies,3.0,TX,US,Austin,51-200 employees
1051903,Natera,5.0,Texas,US,Austin,501-1000 employees
1051998,"Anveta, Inc",2.0,Texas,US,Irving,11-50 employees
1056303,Canada Goose,5.0,ON,CA,Toronto,501-1000 employees
1057272,LaserAway,5.0,CA,US,Beverly Hills,501-1000 employees
1059379,Panorama - A Continuing Care Retirement Community,3.0,WA,US,Lacey,51-200 employees
1059609,Point & Pay,2.0,Florida,US,Oldsmar,11-50 employees
1061851,Apollo Technical,1.0,Georgia,US,Smyrna,1-10 employees
1066442,Datadog,5.0,NY,US,New York,501-1000 employees
1068467,Capabilities,2.0,OH,US,St. Marys,11-50 employees
1068662,Grover Lewis Johnson,2.0,MI,US,Grandville,11-50 employees
1070686,Kavaliro,4.0,FL,US,Orlando,201-500 employees
1072429,Bravens Inc.,4.0,Virginia,US,Chantilly,201-500 employees
1072536,Arizona Nutritional Supplements (ANS),4.0,Arizona,US,Chandler,201-500 employees
1075106,Southern Hills Hospital and Medical Center,5.0,Nevada,US,Las Vegas,501-1000 employees
1075291,MGM Resorts International,7.0,Nevada,US,Las Vegas,5001-10000 employees
1075434,"Blue Cross and Blue Shield of Illinois, Montana, New Mexico, Oklahoma & Texas",7.0,IL,US,Chicago,5001-10000 employees
1076175,Robert Heely Construction (RHC),3.0,CA,US,Paso Robles,51-200 employees
1076320,Jconnect Infotech Pvt. Ltd.,3.0,Unknown,IN,Noida,51-200 employees
1082195,ExecuSource,2.0,GA,US,Atlanta,11-50 employees
1087079,NYS Office of General Services,5.0,New York,US,Albany,501-1000 employees
1087408,Synergy Interactive,2.0,New York,US,New York,11-50 employees
1089558,Employvision Inc.,1.0,New Jersey,US,Somerset,1-10 employees
1090323,MAG Aerospace,5.0,Virginia,US,Fairfax,501-1000 employees
1090634,"Air Transport International, Inc.",5.0,OH,US,Wilmington,501-1000 employees
1091069,Thorne,3.0,New York,US,New York,51-200 employees
1093822,Express Oil Change & Tire Engineers,5.0,AL,US,Birmingham,501-1000 employees
1095818,Ardent Technologies Inc,1.0,Ohio,US,Dayton,1-10 employees
1096036,"Community Options, Inc.",5.0,NJ,US,Princeton,501-1000 employees
1096648,Marsh McLennan,7.0,NY,US,New York,5001-10000 employees
1098181,Keefe McCullough,2.0,Florida,US,Fort Lauderdale,11-50 employees
1100968,PayrHealth,1.0,Texas,US,Austin,1-10 employees
1102416,Organic Valley,4.0,WI,US,La Farge,201-500 employees
1102596,PRISM,2.0,VA,US,Reston,11-50 employees
1104193,Southwest Florida Water Management District,4.0,FL,US,Brooksville,201-500 employees
1104359,Adecco,7.0,Unknown,CH,Zurich,5001-10000 employees
1106954,Connvertex® Technologies,2.0,Utah,US,South Jordan,11-50 employees
1109157,Horizon Health Services,4.0,New York,US,Getzville,201-500 employees
1110268,Slingshot Architecture,1.0,Iowa,US,Des Moines,1-10 employees
1115776,Strata Clean Energy,3.0,North Carolina,US,Durham,51-200 employees
1117735,"Bonnie Jones Associates, L.L.C.",,VA,US,Fairfax,Unknown
1117761,MTI America,2.0,FL,US,Pompano Beach ,11-50 employees
1118764,Amalgamated Sugar Company,5.0,ID,US,Boise,501-1000 employees
1121961,Quantum Integrators,5.0,New Jersey,US,West Windsor,501-1000 employees
1121984,Virginia State Corporation Commission,4.0,Virginia,US,Richmond,201-500 employees
1122347,Buckelew Programs Inc,3.0,CA,US,Novato,51-200 employees
1122744,KeHE Distributors,6.0,IL,US,Naperville,1001-5000 employees
1124131,Pinterest,5.0,California,US,San Francisco,501-1000 employees
1124924,Thompson Thrift,4.0,Indiana,US,Indianapolis,201-500 employees
1127732,JDC Group,2.0,Georgia,US,Atlanta,11-50 employees
1128277,Chinese Laundry,2.0,CA,US,Los Angeles,11-50 employees
1133051,Flow Wine Group,2.0,Unknown,0,0,11-50 employees
1135366,W.W.Williams,4.0,Ohio,US,Dublin,201-500 employees
1138689,Fathom Realty,6.0,TX,US,Dallas,1001-5000 employees
1140750,Treasury Wine Estates,5.0,Victoria,AU,Melbourne,501-1000 employees
1146188,Ferreri Search,1.0,FL,US,Tampa,1-10 employees
1146463,Looking Glass Community Services,3.0,Oregon,US,Eugene,51-200 employees
1147000,Nichiha USA,2.0,Georgia,US,Johns Creek,11-50 employees
1151626,Avidia Bank,3.0,MA,US,Hudson,51-200 employees
1151910,Advanced Diabetes Supply,4.0,CA,US,Carlsbad,201-500 employees
1152888,Detroit Engineered Products,3.0,Michigan,US,Troy,51-200 employees
1155886,Kern Search,,TX,US,Houston,Unknown
1158192,Sterrofox,,Florida,US,Panama City,Unknown
1160854,American Idol Productions,1.0,Unknown,US,0,1-10 employees
1162405,Signature Bank,6.0,Unknown,US,New York,1001-5000 employees
1162496,"HigherEchelon, Inc.",2.0,AL,US,Huntsville,11-50 employees
1162908,Connexall,2.0,ONTARIO,CA,Toronto,11-50 employees
1167975,Legend Senior Living®,5.0,KS,US,Wichita,501-1000 employees
1168535,Tropical Smoothie Cafe,2.0,GA,US,Atlanta,11-50 employees
1175330,Bob's Watches,1.0,California,US,Newport Beach,1-10 employees
1177302,dormakaba Americas,7.0,Indiana,US,Indianapolis,5001-10000 employees
1179727,3-Dimensional Services Group,3.0,MI,US,Rochester Hills,51-200 employees
1179862,KMIZ-TV - ABC17 News ,2.0,Missouri,US,Columbia,11-50 employees
1180679,"Josephine's Professional Staffing, Inc.",2.0,CA,US,San Jose,11-50 employees
1180728,Diverse Staffing,5.0,Indiana,US,Indianapolis,501-1000 employees
1183247,South Carolina Department of Employment and Workforce,5.0,SC,US,Columbia,501-1000 employees
1186421,Smith Harvey Associates,,MA,US,cohasset,Unknown
1189848,RunSignup,2.0,NJ,US,Moorestown,11-50 employees
1191606,"Trendsetter Engineering, Inc.",3.0,Texas,US,Houston,51-200 employees
1192815,MarinHealth,5.0,CA,US,Greenbrae,501-1000 employees
1194847,PICS Inventory,5.0,MI,US,Holly,501-1000 employees
1197199,Satwic Inc,2.0,CA,US,Pasadena,11-50 employees
1199482,KTek Resourcing,3.0,Texas,US,Houston,51-200 employees
1205053,Sunset Tower Hotel,2.0,Unknown,US,0,11-50 employees
1207327,Pacific Staffing,1.0,California,US,Sacramento,1-10 employees
1208213,ONE15 Marina,2.0,Singapore,SG,Singapore,11-50 employees
1210463,DBSI Services,2.0,NJ,US,Bridgewater,11-50 employees
1211072,TQI Solutions,2.0,VA,US,Norfolk,11-50 employees
1211271,CultureFit,1.0,IL,US,Deerfield,1-10 employees
1215629,Atlantic Group,2.0,New York,US,New York,11-50 employees
1216721,Fulton County Schools,7.0,GA,US,Atlanta,5001-10000 employees
1219543,Chuwa America Corporation,4.0,California,US,Santa Clara,201-500 employees
1224492,Ebenezer,5.0,Minnesota,US,Edina,501-1000 employees
1228217,HOOPER,4.0,Wisconsin,US,De Forest,201-500 employees
1230210,AGILIANT,2.0,Washington,US,Seattle,11-50 employees
1230481,Midea America Corp,7.0,NJ,US,Parsippany,5001-10000 employees
1230582,CLPS Global,5.0,Hong Kong,HK,Kowloon,501-1000 employees
1239251,Global Inheritance,,CA,US,Los Angeles,Unknown
1240253,Texas Humane Legislation Network,,Unknown,US,0,Unknown
1242080,Sears Home Services,6.0,FL,US,Longwood,1001-5000 employees
1243700,Red Nucleus,4.0,PA,US,Yardley,201-500 employees
1244539,Ken Fulk Inc,1.0,California,US,San Francisco,1-10 employees
1247220,"Sunrise Systems, Inc.",4.0,New Jersey,US,Edison,201-500 employees
1248281,Vermont Housing & Conservation Board,1.0,Unknown,US,0,1-10 employees
1248476,The Brothers that just do Gutters,4.0,New York,US,Poughkeepsie,201-500 employees
1251463,"Armata Pharmaceuticals, Inc.",2.0,CA,US,Marina del Rey,11-50 employees
1251803,Jewish Family Service of San Diego,3.0,California,US,San Diego,51-200 employees
1252897,Navarro Research and Engineering,3.0,TN,US,Oak Ridge,51-200 employees
1257738,"National DCP, LLC",5.0,Georgia,US,Duluth,501-1000 employees
1258653,TELUS International,7.0,British Columbia,CA,Vancouver,5001-10000 employees
1258855,"Confidant Recruiting, Inc.",1.0,Unknown,0,0,1-10 employees
1259593,gategroup,7.0,Zürich,CH,Glattbrugg,5001-10000 employees
1260561,G&W Electric Co.,4.0,IL,US,Bolingbrook,201-500 employees
1265059,Carol Olsby & Associates,,Unknown,0,0,Unknown
1265173,"Ross & Yerger Insurance, Inc.",2.0,MS,US,Jackson,11-50 employees
1265257,ForceBrands,2.0,NY,US,New York,11-50 employees
1267359,Florida Health Care Plans,5.0,Florida,US,Daytona Beach,501-1000 employees
1267571,CrossCountry Freight Solutions,5.0,ND,US,Bismarck,501-1000 employees
1268739,Lang & Schwander Hotel Interiors,2.0,Florida,US,Miami,11-50 employees
1268806,BENCHMADE,3.0,OR,US,Oregon City,51-200 employees
1273631,"Volkswagen of America, Inc",5.0,VA,US,Herndon,501-1000 employees
1274529,Meissner,4.0,CA,US,Camarillo,201-500 employees
1275357,Ohio Department of Administrative Services,4.0,OH,US,Columbus,201-500 employees
1277980,"Partner's Consulting, Inc.",1.0,PA,US,Broomall,1-10 employees
1280557,Integrated Power Services,5.0,South Carolina,US,Greenville,501-1000 employees
1280678,Big City Mountaineers,1.0,CO,US,Golden,1-10 employees
1282463,"Blue Ridge Industries, Inc.",2.0,VA,US,Winchester,11-50 employees
1283277,OpSens Medical,3.0,Quebec,CA,Quebec City,51-200 employees
1284978,UICGS / Bowhead Family of Companies,5.0,Virginia,US,Springfield,501-1000 employees
1286891,W3Global,4.0,TX,US,Frisco,201-500 employees
1287418,SurplusGLOBAL,2.0,Gyeonggi-do,KR,Yongin-si,11-50 employees
1287697,The National Center For American Indian Enterprise Development,1.0,Arizona,US,Mesa,1-10 employees
1291555,Behlen Mfg. Co.,4.0,NE,US,Columbus,201-500 employees
1292340,Syndio,2.0,Washington,US,Seattle,11-50 employees
1293049,Foundation Partners Group,5.0,FL,US,Orlando,501-1000 employees
1297696,Globe Life,5.0,Texas,US,McKinney,501-1000 employees
1297779,Gemini Rosemont Commercial Real Estate,2.0,California,US,Los Angeles,11-50 employees
1299566,Christian Louboutin,5.0,Paris,FR,Paris,501-1000 employees
1300885,Intelligent Audit,2.0,New Jersey,US,Rochelle Park,11-50 employees
1302410,"Walrath Recruiting, Inc.",,NY,US,Albany,Unknown
1305693,RE/MAX INTEGRITY,1.0,California ,US,Ventura County,1-10 employees
1307665,Avantor,7.0,Pennsylvania,US,Radnor Township,5001-10000 employees
1313100,VeeAR Projects Inc.,3.0,California,US,Pleasanton,51-200 employees
1313822,"Epionce / Episciences, Inc.",2.0,ID,US,Boise,11-50 employees
1316967,Damcosoft,5.0,NY,US,New York,501-1000 employees
1318870,"Urban League of Nebraska, Inc.",2.0,Nebraska,US,Omaha,11-50 employees
1321042,Permasteelisa North America Corp.,5.0,Connecticut,US,Bloomfield,501-1000 employees
1324822,HTI,5.0,SC,US,Greenville,501-1000 employees
1326052,"Burns Engineering, Inc.",3.0,PA,US,Philadelphia,51-200 employees
1329647,Altamont Capital Partners,1.0,CA,US,Palo Alto,1-10 employees
1329750,Monte Nido,5.0,FL,US,Miami,501-1000 employees
1330147,Ocean West Capital Partners,1.0,California,US,El Segundo,1-10 employees
1332329,"TEC Group, Inc.",5.0,MI,US,Troy,501-1000 employees
1335118,Intone,4.0,New Jersey,US,Iselin,201-500 employees
1335225,"Natech Plastics, Inc.",2.0,NY,US,Ronkonkoma,11-50 employees
1339209,Topgolf,7.0,Texas,US,Dallas,5001-10000 employees
1342014,Sauder Manufacturing Co.,3.0,Ohio,US,Archbold,51-200 employees
1343149,"Rubbercraft, an Integrated Polymer Solutions Company",3.0,CA,US,Long Beach,51-200 employees
1343839,ReVireo,1.0,New Jersey,US,Springfield,1-10 employees
1344009,Epson America Inc.,4.0,California,US,Los Alamitos,201-500 employees
1344410,DevCare Solutions,4.0,Ohio,US,Westerville,201-500 employees
1350297,High Point Networks,2.0,ND,US,West Fargo,11-50 employees
1350660,"Runbeck Election Services, Inc.",2.0,Arizona,US,Phoenix,11-50 employees
1352764,JTEKT North America Corporation,6.0,South Carolina,US,Greenville,1001-5000 employees
1354028,Monument Chemical,4.0,IN,US,Indianapolis,201-500 employees
1357922,Spectrum Center Schools and Programs,3.0,CA,US,San Pablo,51-200 employees
1358177,Royal Hawaiian Movers: A DeWitt Company,2.0,HI,US,Honolulu,11-50 employees
1359336,Clarity Technology Partners,2.0,CA,US,San Francisco Bay Area,11-50 employees
1359624,Funko,5.0,WA,US,Everett,501-1000 employees
1364228,KAnand Corporation,2.0,Texas,US,Austin,11-50 employees
1366457,Anthony & Sylvan Pools,4.0,PA,US,Warminster,201-500 employees
1369363,BlueWater Federal Solutions,3.0,Virginia,US,Arlington,51-200 employees
1372291,Aimic Inc,1.0,Virginia,US,Chantilly,1-10 employees
1373835,Chancelight Education,5.0,TN,US,Nashville,501-1000 employees
1374310,Casey's,7.0,Iowa,US,Ankeny,5001-10000 employees
1375518,"BCN Technical Services, Inc.",4.0,MI,US,Hastings,201-500 employees
1376946,Academic Partnerships,4.0,TX,US,Dallas,201-500 employees
1379054,First Federal Bank of LA,3.0,LA,US,Lake Charles,51-200 employees
1382996,Acrisure,7.0,Michigan,US,Grand Rapids,5001-10000 employees
1383862,The Carroll Companies,3.0,NC,US,Greensboro,51-200 employees
1384029,Cali Mortgage,,California,US,Roseville,Unknown
1384369,TekisHub Consulting Services ,5.0,Delaware,US,Wilmington,501-1000 employees
1386950,Savannah River Nuclear Solutions,6.0,South Carolina,US,Aiken,1001-5000 employees
1387626,RPM Living,5.0,Texas,US,Austin,501-1000 employees
1388212,"Search Max, Inc",1.0,Florida,US,Sunrise,1-10 employees
1388551,Rockwood Shutters,2.0,TX,US,Houston,11-50 employees
1392051,Movement Search & Delivery,2.0,MI,US,Clarkston,11-50 employees
1394616,Integrity Express Logistics,4.0,Ohio,US,Blue Ash,201-500 employees
1394857,Seneca Resources,3.0,VA,US,Reston,51-200 employees
1396879,American Heritage Credit Union,4.0,PA,US,Philadelphia,201-500 employees
1397482,The Woodmark Hotel & Still Spa,2.0,Washington,US,Kirkland,11-50 employees
1400125,SpectrumCareers,2.0,Virginia,US,Vienna,11-50 employees
1404437,Jettison,2.0,Illinois,US,Mundelein,11-50 employees
1404838,The Brand Guild,2.0,District of Columbia,US,Washington,11-50 employees
1409798,LVI Associates,5.0,Greater London,US,London,501-1000 employees
1410268,Cabrillo Economic Development Corporation,2.0,California,US,Ventura,11-50 employees
1410451,Betterworks,2.0,CA,US,Menlo Park,11-50 employees
1410985,Badger Infrastructure Solutions,5.0,United States,CA,Canada ,501-1000 employees
1417153,iRiS Recruiting Solutions,1.0,IN,US,Carmel,1-10 employees
1447496,ProTeX the PT Xperts,2.0,Arizona,US,Tempe,11-50 employees
1447520,Samsung Electronics America,5.0,NJ,US,Ridgefield Park,501-1000 employees
1452948,VySystems,4.0,CA,US,Santa Clara,201-500 employees
1456190,CoolAutomation,1.0,Unknown,IL, Petach Tikva,1-10 employees
1457175,Complete Staffing Solutions,2.0,Massachusetts,US,Marlboro,11-50 employees
1457702,The Carolan Group,,New Jersey,US,Montville,Unknown
1457906,"Arkansas Enterprises for the Developmentally Disabled, Inc. (AEDD)",4.0,AR,US,Little Rock,201-500 employees
1458905,City Mattress,3.0,Florida,US,Bonita Springs,51-200 employees
1459822,"Manning Personnel Group, Inc.",1.0,Massachusetts,US,Boston,1-10 employees
1466837,City Teaching Alliance,2.0,Maryland,US,Baltimore,11-50 employees
1468926,Monumental Sports & Entertainment,5.0,DC,US,Washington,501-1000 employees
1470173,ennVee TechnoGroup Inc,3.0,Illinois,US,Naperville,51-200 employees
1472684,Chenega MIOS SBU,5.0,VA,US,Lorton,501-1000 employees
1474852,TribolaTech Inc,2.0,California,US,San Ramon,11-50 employees
1476197,GoNo Food Finder,1.0,MN,US,Minneapolis,1-10 employees
1476408,Ace Hotel / Atelier Ace,4.0,New York,US,New York,201-500 employees
1478028,Teachstone,2.0,VA,US,Charlottesville,11-50 employees
1479721,Murray McIntosh & Associates,1.0,England,GB,Reading,1-10 employees
1482552,Parts Town,5.0,IL,US,Addison,501-1000 employees
1486134,RCM Health Care Services,2.0,NY,US,New York,11-50 employees
1486572,Keylent Inc,3.0,DE,US,Wilmington,51-200 employees
1487716,Boston Centerless,2.0,MA,US,Woburn,11-50 employees
1491880,Alliance Resource Consulting,,CA,US,La Palma,Unknown
1503525,SBH Fashion,1.0,New York,US,Manhattan,1-10 employees
1504533,"ANUSCHKA by The Basu Group, Inc.",3.0,NJ,US,North Brunswick,51-200 employees
1505704,TriState Capital Bank,2.0,PA,US,Pittsburgh,11-50 employees
1507699,John McNeil Studio,2.0,CA,US,Berkeley,11-50 employees
1517824,Softek International,,Unknown,0,0,Unknown
1518461,Premier Financial Search,,California,US,Agoura Hills,Unknown
1524656,Village Capital & Investment LLC,2.0,Nevada,US,Henderson,11-50 employees
1536386,Gavin de Becker & Associates,4.0,CA,US,Glendale,201-500 employees
1536514,Non-Profit Organization - Confidential,1.0,Unknown,0,0,1-10 employees
1536527,Inspire - Orange County Cerebral Palsy Association,3.0,NY,US,Goshen,51-200 employees
1540702,Service King Collision,6.0,Texas,US,Richardson,1001-5000 employees
1548938,NARS Cosmetics,3.0,NY,US,New York,51-200 employees
1550138,Soho House & Co,6.0,England,GB,Strand,1001-5000 employees
1550444,O.N.S Clothing,1.0,NY,US,New York ,1-10 employees
1551641,Engage Partners Inc.,1.0,NY,US,Melville,1-10 employees
1552040,Lacrosse Unlimited,3.0,New York,US,Edgewood,51-200 employees
1552084,Gen II Fund Services,4.0,NY,US,New York,201-500 employees
1552540,Excelitas Technologies Corp.,6.0,Massachusetts,US,Waltham,1001-5000 employees
1552579,U.S. Silica Company,5.0,TX,US,Katy,501-1000 employees
1557314,Nevadaworks,,Nevada,US,Reno,Unknown
1557324,Panzer Solutions LLC,3.0,CT,US,Norwalk,51-200 employees
1557409,Crown Castle,5.0,TX,US,Houston,501-1000 employees
1560402,Bay Shore Staffing,,MA,US,Plymouth,Unknown
1561600,Woven,1.0,CA,US,SOUTH SAN FRANCISCO,1-10 employees
1570328,Demant,7.0,Unknown,DK,Smørum,5001-10000 employees
1576969,NewSouth Window Solutions,4.0,Florida,US,Tampa,201-500 employees
1579375,SoftHQ Inc,2.0,CA,US,San Diego,11-50 employees
1579491,Buffkin / Baker,1.0,TN,US,Brentwood,1-10 employees
1582517,Metz & Associates PLLC,1.0,AZ,US,Phoenix,1-10 employees
1584751,The Beneva Group,1.0,FL,US,Sarasota,1-10 employees
1585669,HCT Healthcare Transformation,2.0,Illinois,US,Chicago,11-50 employees
1586478,Ardagh Group,7.0,Unknown,LU,56 Rue Charles Martel,5001-10000 employees
1587140,Ondamax Films,,CA,US,Los Angeles,Unknown
1587570,Performance Contractors,5.0,LA,US,Baton Rouge,501-1000 employees
1589941,Nevro,5.0,California,US,Redwood City,501-1000 employees
1608684,"Systemart, LLC",2.0,New Jersey,US,Parsippany,11-50 employees
1609261,"Mark Scott Construction, Inc.",2.0,California,US,Pleasant Hill,11-50 employees
1611410,"Morbark, LLC",3.0,MI,US,Winn,51-200 employees
1611662,The Photonics Group,,NC,US,Durham,Unknown
1612340,"Rezult Group, Inc.",2.0,Tennessee,US,Brentwood,11-50 employees
1612748,Slack,5.0,California,US,San Francisco,501-1000 employees
1613038,"The Brixton Group, Inc.",2.0,North Carolina,US,Charlotte,11-50 employees
1618718,"D3 Air and Space Operations, Inc.",2.0,FL,US,Saint Augustine,11-50 employees
1628169,REMINC — Research Engineering and Manufacturing Inc.,1.0,RI,US,Middletown,1-10 employees
1632149,Art of Problem Solving,3.0,California,US,San Diego,51-200 employees
1633103,EV Connect,2.0,CA,US,El Segundo,11-50 employees
1633243,BUILD Chicago,2.0,IL,US,Chicago,11-50 employees
1633836,JobsPro Staffing (JPS),2.0,CA,US,Los Angeles,11-50 employees
1637012,Unison Health,2.0,Ohio,US,Toledo,11-50 employees
1642843,Pronix Inc,2.0,New Jersey,US,Plainsboro,11-50 employees
1646245,The Tile Shop,5.0,MN,US,Plymouth,501-1000 employees
1646289,James Bell Associates,2.0,Virginia,US,Arlington,11-50 employees
1656268,Jade Global,5.0,California,US,San Jose,501-1000 employees
1666657,USClaims,2.0,Florida,US,Delray Beach,11-50 employees
1670700,ACS Professional Staffing,3.0,Washington,US,Vancouver,51-200 employees
1673105,Valor Hospitality Partners,2.0,Georgia,US,Atlanta,11-50 employees
1675576,Tompkins Community Bank,5.0,New York,US,Ithaca,501-1000 employees
1676298,Cognascents Consulting Group,1.0,Texas,US,Houston,1-10 employees
1679692,Aclat Technologies Pvt Ltd,1.0,Telangana,IN,Hyderabad,1-10 employees
1683442,Lorven Technologies Inc.,2.0,New Jersey,US,Plainsboro,11-50 employees
1683487,St. Vincent de Paul of Baltimore,3.0,MD,US,Baltimore,51-200 employees
1684870,Soleo Health,4.0,Texas,US,Frisco,201-500 employees
1711692,Shamrock Environmental Corporation,3.0,North Carolina,US,Browns Summit,51-200 employees
1712352,Resolute,1.0,Arizona,US,Scottsdale,1-10 employees
1713645,Roc Nation,2.0,Unknown,US,New York,11-50 employees
1724775,The Bergaila Companies,4.0,Texas,US,Houston,201-500 employees
1728091,Phaidon International,5.0,England,GB,London,501-1000 employees
1728689,The Middleby Corporation,6.0,IL,US,Elgin,1001-5000 employees
1729578,Comtech Telecommunications Corp.,5.0,NY,US,Melville,501-1000 employees
1730515,AgState,3.0,Iowa,US,Albert City,51-200 employees
1732887,CrossLink,3.0,Georgia,US,Norcross,51-200 employees
1742506,INSPYR Solutions,4.0,FL,US,Fort Lauderdale,201-500 employees
1744728,Newberg Downtown Coalition,,Unknown,0,0,Unknown
1745669,ComTec Information Systems (IT),4.0,Texas,US,Irving,201-500 employees
1749533,Colony Hardware,4.0,CT,US,Orange,201-500 employees
1750455,The Emlin Group,,Pennsylvania,US,Fort Washington,Unknown
1753550,Brilliant Infotech Inc.,2.0,New Jersey,US,Edison,11-50 employees
1755661,Innovalus Technologies,1.0,MD,US,Rockville,1-10 employees
1759010,"Tech Providers, Inc",2.0,AL,US,Birmingham,11-50 employees
1759630,AMSALE,1.0,New York,US,New York,1-10 employees
1763822,To The Point Acupuncture,,Unknown,0,0,Unknown
1766026,Vivint,7.0,UT,US,Provo,5001-10000 employees
1766119,"Capital Search Network, Inc.",1.0,Texas,US,Portland,1-10 employees
1768090,Perry Homes,5.0,TX,US,Houston,501-1000 employees
1768093,WVU Hospitals — Ruby Memorial Hospital,6.0,WV,US,Morgantown,1001-5000 employees
1770684,DFM & Associates,,Texas,US,Addison,Unknown
1779663,AMI Network,1.0,CA,US,Santa Monica,1-10 employees
1783020,Currey & Company,2.0,GA,US,Atlanta,11-50 employees
1790997,Realtime Recruitment,1.0,Unknown,IE,Dublin,1-10 employees
1791517,Urschel,3.0,IN,US,Chesterton,51-200 employees
1793031,Civic Committee of the Commercial Club of Chicago,1.0,Illinois,US,Chicago,1-10 employees
1802725,Pangea Talent Solutions,2.0,London,GB,London,11-50 employees
1805509,Summit Materials,6.0,CO,US,Denver,1001-5000 employees
1811031,Northpointe Staffing Professionals ,,New York,US,New York,Unknown
1815139,iLS Network,,Florida,US,Orlando,Unknown
1818176,Promax,1.0,CA,US,Los Angeles,1-10 employees
1839577,IXL Learning,4.0,CA,US,San Mateo (San Francisco Bay Area),201-500 employees
1842410,SoftNice,4.0,PA,US,Allentown,201-500 employees
1842856,TEC Equipment,5.0,OR,US,Portland,501-1000 employees
1846629,Sartori Company,4.0,Wisconsin,US,Plymouth,201-500 employees
1850810,BURGEON IT SERVICES,2.0,Delaware,US,Claymont,11-50 employees
1851642,Arrowmac,2.0,CA,US,Costa Mesa,11-50 employees
1852454,Educational Media Foundation K-LOVE & Air1 Media Networks,3.0,TN,US,Franklin,51-200 employees
1861293,TekStream Solutions,2.0,GA,US,Atlanta,11-50 employees
1862569,"Norton Staffing, Inc.",1.0,MO,US,St. Louis,1-10 employees
1867264,Integritus Healthcare,5.0,MA,US,Pittsfield,501-1000 employees
1867321,Moncler,5.0,Unknown,IT,Milan,501-1000 employees
1877098,Hire Horizons,,Ohio,US,Pickerington,Unknown
1878126,Dawson Logistics,2.0,IL,US,Danville,11-50 employees
1882926,SENS Research Foundation,1.0,California,US,Mountain View,1-10 employees
1885564,Sparkbox,1.0,Ohio,US,Bellbrook,1-10 employees
1886806,"Chief Technologies, LLC",1.0,Virginia,US,Leesburg,1-10 employees
1889003,J&J Companies,2.0,PA,US,Columbia,11-50 employees
1889643,Propelsys Technologies LLC,2.0,TX,US,Plano,11-50 employees
1891806,United IT,2.0,Texas,US,Irving,11-50 employees
1898749,Hylink Group,5.0,Unknown,OO,Worldwide,501-1000 employees
1902376,"CsS Services, Inc.",1.0,GA,US,Decatur,1-10 employees
1903333,See.Spark.Go,1.0,GA,US,Athens,1-10 employees
1907823,"Flight Centre Travel Group, The Americas",5.0,NJ,US,Montvale,501-1000 employees
1908498,PT Solutions Physical Therapy,5.0,GA,US,Atlanta,501-1000 employees
1909256,LeeShanok Network Solutions,1.0,AZ,US,Tucson,1-10 employees
1909776,NAM Info Inc,2.0,New Jersey,US,Cranbury,11-50 employees
1916708,Nextdoor,4.0,California,US,San Francisco,201-500 employees
1923480,FuseGlobal Partners,2.0,CA,US,San Francisco,11-50 employees
1923902,Elie Creative,,Unknown,0,0,Unknown
1931371,"Splendid, a contemporary lifestyle brand",4.0,NY,US,New York,201-500 employees
1932056,St. John's Community Care,1.0,IL,US,Collinsville,1-10 employees
1933181,Mexilink Inc,2.0,TX,US,Houston,11-50 employees
1938443,Best Lighting Products,2.0,OH,US,Pataskala,11-50 employees
1939425,Midwest Holding Inc.,1.0,Nebraska,US,Lincoln,1-10 employees
1940473,Brembo North America,4.0,Unknown,US,0,201-500 employees
1941596,Lumicell,2.0,MA,US,Newton,11-50 employees
1943057,All3Media International,2.0,England,GB,London,11-50 employees
1944335,Splashtop Inc.,3.0,California,US,Cupertino,51-200 employees
1946459,Stage 4 Solutions,2.0,CA,US,SARATOGA,11-50 employees
1947704,Vergent Products,2.0,CO,US,Loveland,11-50 employees
1948429,"Ethan Allen Retail, Inc.",,Unknown,0,0,Unknown
1951980,Action Day Schools,3.0,California,US,San Jose,51-200 employees
1952028,DUAL North America,3.0,CA,US,San Diego,51-200 employees
1955819,HEXPOL Compounding,5.0,Skane County,SE,Malmö,501-1000 employees
1958316,Progressive,2.0,Texas,US,Houston,11-50 employees
1960295,NFT Inc. by Alpha Safety ,2.0,Colorado,US,Golden,11-50 employees
1963255,ChenMed,5.0,FL,US,Miami Gardens,501-1000 employees
1965562,"Investment Concepts, Inc.",3.0,California,US,Orange,51-200 employees
1967752,Ascend SC,1.0,Texas,US,Houston,1-10 employees
1969276,AVITA Medical,2.0,California,US,Santa Clarita,11-50 employees
1975748,"The Watkins Law Firm, PLLC",,Unknown,0,0,Unknown
1975865,My3Tech,2.0,South Dakota,US,Pierre,11-50 employees
1977034,Taylor Johnson Public Relations,1.0,Illinois,US,Chicago,1-10 employees
1981697,Pacific Northwest Research Institute,2.0,WA,US,Seattle,11-50 employees
1984030,PamTen Inc,2.0,New Jersey,US,Princeton,11-50 employees
1996803,Fracht Group,5.0,TX,US,Houston,501-1000 employees
1999147,Navigare Yachting,2.0,Unknown,SE,Malmö,11-50 employees
2010945,Institute for Creation Research,2.0,Texas,US,Dallas,11-50 employees
2012594,MCE,2.0,CA,US,San Rafael,11-50 employees
2012680,Pamela Love,1.0,New York,US,New York,1-10 employees
2012779,Flexton Inc.,2.0,California,US,San Jose,11-50 employees
2014725,Redis,4.0,CA,US,Mountain View,201-500 employees
2015890,Pyramid Technology Solutions,2.0,Indiana,US,Indianapolis,11-50 employees
2021565,"Energy Choice, Inc.",1.0,MA,US,Medford,1-10 employees
2024489,KP Recruiting Group,1.0,MO,US,Kansas City,1-10 employees
2029124,Studio A Architecture,1.0,Kentucky,US,Louisville,1-10 employees
2034303,AP Professionals of WNY,2.0,New York,US,Williamsville,11-50 employees
2045038,Regency Fireplace Products,3.0,British Columbia,CA,Delta,51-200 employees
2045607,Homeowners Association,,Unknown,0,0,Unknown
2049094,"Promantis, Inc.",2.0,North Carolina,US,Wake Forest,11-50 employees
2055594,Trexservices,3.0,Texas,US,Deer Park,51-200 employees
2057437,Scopely,5.0,CA,US,Culver City,501-1000 employees
2058906,Whatfix,4.0,CA,US,San Jose,201-500 employees
2060607,Mahoney Communications Group ,1.0,New York,US,New York City,1-10 employees
2070896,Beneficial State Bank,3.0,CA,US,Oakland,51-200 employees
2073050,Air Squared,2.0,Colorado,US,Thornton,11-50 employees
2073870,Appen,4.0,WA,US,Bellvue,201-500 employees
2076992,Vision Community Management | RealManage Family of Brands,2.0,AZ,US,Phoenix,11-50 employees
2083295,Gravity Media,3.0,Herts,GB,Watford,51-200 employees
2087756,Solutions by Text,2.0,Texas,US,Dallas,11-50 employees
2102144,Liberty,5.0,ON,CA,Oakville,501-1000 employees
2106853,First Tech Federal Credit Union,5.0,Oregon,US,Hillsboro,501-1000 employees
2107983,"Apogee Enterprises, Inc.",6.0,MN,US,Minneapolis,1001-5000 employees
2111459,RIMOWA,5.0,North-Rhine-Westphalia,DE,Köln,501-1000 employees
2113831,GovCIO,5.0,Virginia,US,Fairfax,501-1000 employees
2114711,"J.R. Berry Search Group, Inc.",,California,US,Los Angeles,Unknown
2117915,"Keystone Ridge Designs, Inc.",2.0,PA,US,Butler,11-50 employees
2119128,The ODA Group,,Texas,US,Dallas,Unknown
2121817,DSJ Global,5.0,Unknown,GB,London,501-1000 employees
2124763,Kurita America,4.0,Minnesota,US,Minneapolis,201-500 employees
2125412,"4Staff, LLC",,DC,US,Washington,Unknown
2125658,Omni Logistics,5.0,Texas,US,Dallas,501-1000 employees
2125741,Hall's Culligan,5.0,Kansas,US,Wichita,501-1000 employees
2132152,Atlanta Athletic Club,3.0,Georgia,US,Johns Creek,51-200 employees
2132727,Arch Metals,,Unknown,0,0,Unknown
2132939,swipejobs,3.0,Texas,US,Dallas,51-200 employees
2134473,Shionogi Inc.,4.0,New Jersey,US,Florham Park,201-500 employees
2138573,"FSI Architecture, PC",1.0,NY,US,New York,1-10 employees
2139520,"Relievant Medsystems, Inc.",2.0,MN,US,Minneapolis,11-50 employees
2144386,Worldwide Assurance for Employees of Public Agencies (WAEPA),1.0,VA,US,Falls Church,1-10 employees
2144424,Saje Natural Wellness,4.0,British Columbia,CA,Vancouver,201-500 employees
2144509,RM Cotton Company,1.0,Minnesota,US,Brooklyn Park,1-10 employees
2146167,Sohum Inc,,California,US,San Jose,Unknown
2146221,The Advocates,2.0,Utah,US,Salt Lake City,11-50 employees
2155460,Ascend Learning,5.0,MA,US,Burlington,501-1000 employees
2158596,Axiom,2.0,TX,US,Austin,11-50 employees
2159572,Cameron's Coffee and Distribution,2.0,MN,US,Shakopee,11-50 employees
2163962,"Carlex Glass America, LLC",5.0,TN,US,Nashville,501-1000 employees
2164319,East Baton Rouge Sheriff's Office,4.0,LA,US,Baton Rouge,201-500 employees
2166352,Venteon,3.0,MI,US,Troy,51-200 employees
2168893,Truity Partners,2.0,Wisconsin,US,Madison,11-50 employees
2169454,Busy Beaver Button Company,1.0,IL,US,Chicago,1-10 employees
2169501,Trylak Technologies,,Unknown,0,0,Unknown
2171249,Kernutt Stokes,2.0,Oregon,US,Eugene,11-50 employees
2174958,FabFitFun,4.0,California,US,Los Angeles,201-500 employees
2180169,MarketSource Inc.,6.0,Georgia,US,Alpharetta,1001-5000 employees
2183652,Confidential,,Unknown,US,Vancouver,Unknown
2188226,Fromm Family Foods,2.0,Wisconsin,US,Mequon,11-50 employees
2193256,GFL Environmental Inc.,7.0,Ontario,CA,Vaughan,5001-10000 employees
2197447,VERSEVO Inc.,2.0,Wisconsin,US,"Hartland, Village of",11-50 employees
2201548,"Mont Surfaces by Mont Granite, Inc.",2.0,Ohio,US,Solon,11-50 employees
2203697,Experis,7.0,WI,US,Milwaukee,5001-10000 employees
2213829,Pride Health,2.0,NY,US,New York,11-50 employees
2214679,USHEALTH Advisors,3.0,Texas,US,Grapevine,51-200 employees
2214694,Construction Solutions Group,5.0,MO,US,Kansas City,501-1000 employees
2214751,Quantum University,1.0,Hawaii,US,Honolulu,1-10 employees
2220929,Hira Industries LLC,5.0,Dubai,AE,Dubai,501-1000 employees
2229850,"ClimateMaster, Inc.",4.0,OK,US,Oklahoma City,201-500 employees
2236492,"Allied Consultants, Inc.",2.0,Texas,US,Austin,11-50 employees
2240218,Strategic Employment Partners (SEP),2.0,California,US,Los Angeles,11-50 employees
2241197,LiveRamp,4.0,CA,US,San Francisco,201-500 employees
2245498,Perfetto Contracting Co. Inc.,2.0,New York,US,Brooklyn,11-50 employees
2248203,FUJIFILM Diosynth Biotechnologies,5.0,Unknown,GB,Billingham,501-1000 employees
2254883,Curley Adjustment Bureau,1.0,PA,US,Philadelphia,1-10 employees
2254994,Coda Search│Staffing,2.0,NY,US,New York,11-50 employees
2257863,"Diazyme Laboratories, Inc.",2.0,CA,US,Poway,11-50 employees
2260687,Inspire Medical Systems,4.0,Minnesota,US,Golden Valley,201-500 employees
2261227,PROLIM Corporation,3.0,TX,US,Plano,51-200 employees
2261627,Rahi,5.0,CA,US,Fremont,501-1000 employees
2263179,Daimler Truck North America,7.0,OR,US,Portland,5001-10000 employees
2269862,Tranzeal Incorporated,3.0,CA,US,San Jose,51-200 employees
2272001,Jackson Nurse Professionals,4.0,FL,US,Orlando,201-500 employees
2272345,"EDDA Technology, Inc.",1.0,Unknown,0,0,1-10 employees
2275216,"Ranger Construction Company, Inc.",1.0,North Carolina,US,Charlotte,1-10 employees
2275433,ESET North America,2.0,CA,US,San Diego,11-50 employees
2275518,Uglobal,1.0,CA,US,Irvine,1-10 employees
2279709,Care Center Vets,3.0,Ohio,US,Cincinnati,51-200 employees
2281751,Waterdog,,Pennsylvania,US,Devon,Unknown
2283870,"DataStaff, Inc.",2.0,NC,US,Raleigh,11-50 employees
2287481,Kounkuey Design Initiative,1.0,Unknown,KE,Nairobi,1-10 employees
2296178,Salesloft,4.0,GA,US,Atlanta,201-500 employees
2297786,"SnapDragon Associates, LLC",1.0,New Hampshire,US,Bedford,1-10 employees
2297840,MSH,3.0,FL,US,Ft. Lauderdale,51-200 employees
2302703,Summit Real Estate Services,,Indiana,US,Evansville,Unknown
2309404,Pet Paradise,5.0,Florida,US,Jacksonville,501-1000 employees
2312114,Top Aces,3.0,Quebec,CA,Dorval,51-200 employees
2314143,EA Team Inc,3.0,NJ,US,Edison,51-200 employees
2320776,HCA Florida Fawcett Hospital,7.0,Florida,US,Port Charlotte,5001-10000 employees
2324727,Franklin Fitch,2.0,Unknown,GB,London,11-50 employees
2326570,Turnberry Solutions,5.0,PA,US,Philadelphia,501-1000 employees
2327867,ASR International,3.0,NY,US,Hauppauge,51-200 employees
2341099,First Beacon Group LLC,,Unknown,US,Hopkinton,Unknown
2343421,C Spire,5.0,MS,US,Ridgeland,501-1000 employees
2343541,Yanow,1.0,MA,US,Brockton,1-10 employees
2343688,Sentient Vision Systems,1.0,Victoria,AU,Port Melbourne,1-10 employees
2344502,Balance Staffing Company,2.0,CA,US,Stockton,11-50 employees
2344811,"Unified Office, Inc.",1.0,NH,US,Nashua,1-10 employees
2345562,Alpine Research Optics,1.0,CO,US,Boulder,1-10 employees
2348603,"Murphy & Associates, Inc.",3.0,WA,US,Kirkland,51-200 employees
2354064,ISGF,3.0,Florida,US,Orlando,51-200 employees
2355182,Del Frisco's Restaurant Group,5.0,Texas,US,Houston,501-1000 employees
2361252,Legacy Community Health,5.0,TX,US,Houston,501-1000 employees
2365947,Reveal Global Intelligence,1.0,NC,US,Charlotte,1-10 employees
2372885,Xylem,7.0,District of Columbia,US,Washington,5001-10000 employees
2376166,Free Country,2.0,NY,US,New York,11-50 employees
2376705,"Cyber Power Systems (USA), Inc.",2.0,MN,US,Shakopee,11-50 employees
2381434,AliveCor,2.0,CA,US,Mountain View,11-50 employees
2382849,Pacific Retirement Services,5.0,OR,US,Medford,501-1000 employees
2382910,Amazon Web Services (AWS),7.0,WA,US,Seattle,5001-10000 employees
2388609,Chief of Staff KC,1.0,MO,US,Kansas City,1-10 employees
2389778,FlexDex Surgical,1.0,Michigan,US,Brighton,1-10 employees
2393241,"Bell & Associates, Inc.",1.0,KS,US,Stilwell,1-10 employees
2394593,Cambia Health Solutions,6.0,OR,US,Portland,1001-5000 employees
2394652,Fortune Brands Innovations,7.0,IL,US,Deerfield,5001-10000 employees
2395089,Swagelok Southern California,2.0,CA,US,Camarillo,11-50 employees
2396310,Randstad USA,5.0,GA,US,Atlanta,501-1000 employees
2397781,Custom Rubber Corp.,2.0,OH,US,Cleveland,11-50 employees
2401255,PeerSource,1.0,CO.,US,Englewood,1-10 employees
2403625,"Hire IT People, Inc",3.0,New Jersey,US,Piscataway,51-200 employees
2413926,StartupTAP,1.0,California,US,Los Angeles,1-10 employees
2415664,Element Materials Technology,6.0,Unknown,GB,London,1001-5000 employees
2420612,Engage PEO,3.0,FL,US,Fort Lauderdale,51-200 employees
2424317,Landis & Associates,,PA,US,Lancaster,Unknown
2429989,World Insurance Associates LLC,5.0,New Jersey,US,Iselin,501-1000 employees
2430668,XPO,7.0,CT,US,Greenwich,5001-10000 employees
2432001,Sawdey Solution Services,3.0,OH,US,Beavercreek,51-200 employees
2432099,KidsQuest Children's Museum,1.0,WA,US,Bellevue,1-10 employees
2434292,imatters,,Florida,US,Winter Park,Unknown
2438445,Nozzle Nolen Pest & Lawn Solutions,2.0,FL,US,West Palm Beach,11-50 employees
2445968,503 Motoring,1.0,Oregon,US,Beaverton,1-10 employees
2446172,Institute for Health Metrics and Evaluation,3.0,Washington,US,Seattle,51-200 employees
2447993,Prolink,4.0,Ohio,US,Cincinnati,201-500 employees
2450045,Beneficial Talent Source,1.0,Ohio,US,Milford,1-10 employees
2454643,HelloFresh,7.0,Berlin,DE,Berlin,5001-10000 employees
2461650,MHQ,2.0,MA,US,Marlborough,11-50 employees
2465968,The Evolvers Group,2.0,Unknown,0,0,11-50 employees
2466485,Avid Placement,1.0,Gujarat,IN,Ahmedabad,1-10 employees
2467404,"Thomasson Marketing Group, Inc.",1.0,California,US,Ontario,1-10 employees
2468875,"Zodiac Solutions, Inc",3.0,Texas,US,Carrollton,51-200 employees
2470025,Ntelicor is becoming INSPYR Solutions,3.0,TX,US,Dallas,51-200 employees
2471716,"CELSIUS Holdings, Inc.",2.0,FL,US,Boca Raton,11-50 employees
2471868,RemX | The Workforce Experts,5.0,Georgia,US,Atlanta,501-1000 employees
2472062,Modern Family Law,2.0,CO,US,Denver,11-50 employees
2473798,"Fulcrum Technology Solutions, LLC",2.0,TX,US,Houston,11-50 employees
2474489,SWCORP,2.0,FL,US,Miami,11-50 employees
2474662,Planet Pharma,5.0,Illinois,US,Deerfield,501-1000 employees
2474970,DiLytics,2.0,CA,US,San Mateo,11-50 employees
2476170,BGCDT,2.0,Illinois,US,Carpentersville,11-50 employees
2480405,Reeves Construction Company,4.0,SC,US,Duncan,201-500 employees
2483413,Teatro ZinZanni,2.0,WA,US,Seattle,11-50 employees
2489101,"Career Moves, LLC",,CT,US,Hartford,Unknown
2489937,ALKU,3.0,MA,US,Andover,51-200 employees
2491385,"Pickett and Associates, LLC",2.0,Florida,US,Tampa,11-50 employees
2491610,Gypsum Management and Supply,6.0,GA,US,Tucker,1001-5000 employees
2492528,CoSourcing Partners - Intelligent Automation and Staffing Solutions Company,2.0,Illinois,US,Westmont,11-50 employees
2497653,CrowdStrike,6.0,Unknown,US,Remote,1001-5000 employees
2499560,Incedo Inc.,5.0,Unknown,US,"Florham Park, New Jersey ",501-1000 employees
2502526,LS Direct,1.0,New York,US,Suffern,1-10 employees
2503130,Noom,5.0,NY,US,New York,501-1000 employees
2505051,Make-A-Wish Orange County and the Inland Empire,1.0,CA,US,Irvine,1-10 employees
2510434,The START Center for Cancer Care,3.0,Texas,US,San Antonio,51-200 employees
2511837,Vastika Inc,3.0,TX,US,Irving,51-200 employees
2517134,Hub Recruiting- a ZRG Partners Company,2.0,MA,US,Westford,11-50 employees
2518106,OwnBackup,4.0,New Jersey,US,Englewood Cliffs,201-500 employees
2520146,Northeast Youth & Family Services,2.0,MN,US,"Shoreview,",11-50 employees
2520192,Advanced Sterilization Products,5.0,CA,US,Irvine,501-1000 employees
2524729,Consolidated Analytics,4.0,California,US,Santa Ana,201-500 employees
2529188,iHealth Labs,2.0,Unknown,US,Nationwide,11-50 employees
2531104,"Connect Search, LLC",2.0,Illinois,US,Chicago,11-50 employees
2532635,Hirewell,2.0,IL,US,Chicago,11-50 employees
2535517,Sabik,2.0,Unknown,FI,Porvoo,11-50 employees
2538921,Blue Health Intelligence,2.0,Illinois,US,Chicago,11-50 employees
2539226,City and County of San Francisco - Human Services Agency,5.0,California,US,San Francisco,501-1000 employees
2541700,MountainView Hospital,5.0,Nevada,US,Las Vegas,501-1000 employees
2543692,Cygnus Professionals Inc.,4.0,NJ,US,Princeton ,201-500 employees
2545750,MLee Healthcare Staffing and Recruiting,2.0,Texas,US,Austin,11-50 employees
2547931,Integral Molecular,2.0,Pennsylvania,US,Philadelphia,11-50 employees
2548108,Ogden Regional Medical Center,4.0,UT,US,Ogden,201-500 employees
2549127,"Pilot, Inc",1.0,MA,US,Boston,1-10 employees
2552597,Diligente Technologies,2.0,California,US,Santa Clara,11-50 employees
2558753,MorningStar Senior Living,5.0,Colorado,US,Denver,501-1000 employees
2560251,The Hughes Agency,3.0,Arkansas,US,North Little Rock,51-200 employees
2560345,TechDigital,3.0,MN,US,Burnsville,51-200 employees
2561313,"Wiser Solutions, Inc.",4.0,CA,US,San Mateo,201-500 employees
2562128,"Tanisha Systems, Inc",5.0,MA,US,Boston,501-1000 employees
2562534,MASC Medical Recruitment Firm,,Florida,US,Fort Lauderdale,Unknown
2564886,Colas USA,6.0,New Jersey,US,Morristown,1001-5000 employees
2564992,Park Hyatt,7.0,Unknown,0,0,5001-10000 employees
2564994,Hyatt Place,7.0,Unknown,0,0,5001-10000 employees
2564997,Grand Hyatt,7.0,Unknown,0,0,5001-10000 employees
2575734,Saatva,3.0,Unknown,US,New York,51-200 employees
2575850,Chase & Associates,,TX,US,Austin,Unknown
2576548,Phillips 66,7.0,Texas,US,Houston,5001-10000 employees
2576930,HNC Virtual Solutions,1.0,MI,US,Wixom,1-10 employees
2578208,Bioventus,5.0,NC,US,Durham,501-1000 employees
2578499,Stonebrooke Engineering,2.0,MN,US,Burnsville,11-50 employees
2580086,WalletHub,2.0,FL,US,Miami,11-50 employees
2584492,HCA Florida Osceola Hospital​,5.0,Florida,US,Kissimmee,501-1000 employees
2584494,HCA Florida Bayonet Point Hospital,7.0,Florida,US,Hudson,5001-10000 employees
2584496,HCA Florida South Shore Hospital,7.0,FL,US,Sun City Center,5001-10000 employees
2598400,Cureatr,2.0,NY,US,New York,11-50 employees
2604933,Tachyon Technologies,4.0,Texas,US,Southlake,201-500 employees
2604972,Yuba-Sutter Chamber of Commerce,,California,US,Yuba City,Unknown
2612230,McClure & Feuer,,California,US,San Francisco,Unknown
2615606,"Bregman, Berbert, Schwartz & Gilday, LLC",1.0,Maryland,US,Bethesda,1-10 employees
2615835,Piper Companies,4.0,VA,US,McLean,201-500 employees
2619610,Orgro,1.0,DC,US,Washington,1-10 employees
2619748,"Premier Worldwide Marketing, LLC",1.0,FL,US,Miami,1-10 employees
2620735,Lyft,6.0,CA,US,San Francisco,1001-5000 employees
2625582,"MissionCare Collective (myCNAjobs, CoachUp Care, MissionCare)",2.0,FL,US,ST PETERSBURG,11-50 employees
2631743,CitiStaffing,1.0,New York,US,New York,1-10 employees
2632918,NAVEX,5.0,OR,US,Lake Oswego,501-1000 employees
2633346,Dwyer & Knight Law Firm,,Florida,US,Tallahassee,Unknown
2636280,"Fairmont Orchid, Hawaii",7.0,Hawaii,US,"Kohala Coast, Hawaii Island",5001-10000 employees
2640689,KeyStaff Professionals- A Division of Midwest Staffing,5.0,MN,US,Minnetonka,501-1000 employees
2642477,Numentica LLC,2.0,CA,US,Torrance,11-50 employees
2644830,A&J Mobility,1.0,Wisconsin,US,Valders,1-10 employees
2645381,Health Recovery Solutions,2.0,New Jersey,US,Hoboken,11-50 employees
2647843,ThoughtSpot,4.0,California,US,Mountain View,201-500 employees
2648958,"Paradigm Group, Inc.",,TX,US,Katy,Unknown
2651262,CNS | Concise Network Solutions,1.0,District of Columbia,US,Washington,1-10 employees
2654590,AIXIAL GROUP,5.0,Ile de France,FR,Boulogne-Billancourt,501-1000 employees
2655319,Boys & Girls Club of San Marcos,2.0,California,US,San Marcos,11-50 employees
2658876,Peloton Interactive,5.0,Unknown,US,New York,501-1000 employees
2661961,Whetstone Capital Advisors,,Kansas,US,Mission Woods,Unknown
2664185,Ironwear,2.0,FL,US,Riviera Beach,11-50 employees
2665404,Gymshark,3.0,West Midlands,GB,Solihull,51-200 employees
2667419,St. Mary's School for the Deaf,2.0,NY,US,Buffalo,11-50 employees
2668792,Veterinary Practice Partners,5.0,PA,US,King of Prussia,501-1000 employees
2669261,Berke-Weiss Law PLLC,,New York,US,NEW YORK,Unknown
2669550,Omnitracs,6.0,Texas,US,Westlake,1001-5000 employees
2670623,"Ernest Sports, Inc.",1.0,Georgia,US,Peachtree Corners,1-10 employees
2670805,Suja Life,2.0,CA,US,Oceanside,11-50 employees
2671586,"AAA Northern California, Nevada & Utah",5.0,CA,US,Walnut Creek,501-1000 employees
2673675,Progressive Leasing,5.0,Utah,US,Draper,501-1000 employees
2673722,Cynosure Technologies LLC,2.0,Texas,US,Houston,11-50 employees
2680550,Village Learning Place,1.0,Unknown,0,0,1-10 employees
2681180,gorjana,2.0,California,US,laguna beach,11-50 employees
2681277,GE Digital,5.0,California,US,San Ramon,501-1000 employees
2682058,Minnesota Department of Employment and Economic Development,5.0,MN,US,St. Paul,501-1000 employees
2684081,Optomi,4.0,GA,US,Atlanta,201-500 employees
2686249,V R Della Infotech INC,3.0,New Jersey,US,Princeton,51-200 employees
2689618,VIP Structures,2.0,New York,US,Syracuse,11-50 employees
2689946,BayOne Solutions,4.0,CA,US,Pleasanton,201-500 employees
2691463,Apidel Technologies,6.0,Illinois,US,Plainfield,1001-5000 employees
2692195,Ten-8 Fire & Safety,2.0,FL,US,Bradenton,11-50 employees
2692259,City of Madera,3.0,CA,US,Madera,51-200 employees
2693316,ATARID Specialist Recruiters to the Property & Asset Management Industry,1.0,FL,US,Jacksonville ,1-10 employees
2695488,Skywalk Global,2.0,IA,US,Des Moines,11-50 employees
2697764,Industrial Kiln & Dryer Group,3.0,Kentucky,US,Louisville,51-200 employees
2699082,Concero,2.0,Missouri,US,Chesterfield,11-50 employees
2700167,"Capstone Logistics, LLC",7.0,Georgia,US,Peachtree Corners,5001-10000 employees
2701198,Quantum Search Partners,1.0,Virginia,US,Arlington,1-10 employees
2708254,WebTPA,4.0,Texas,US,Irving,201-500 employees
2711920,Mercedes-Benz Financial Services USA LLC,5.0,Michigan,US,Farmington Hills,501-1000 employees
2713586,Reformation,4.0,CA,US,Vernon,201-500 employees
2716085,Blue Yonder,6.0,Arizona,US,Scottsdale,1001-5000 employees
2716125,AnyRoad,2.0,CA,US,San Francisco,11-50 employees
2718193,Glatt Group,5.0,Baden-Württemberg,DE,Binzen,501-1000 employees
2718681,Fresno Madera Farm Credit,2.0,CA,US,Fresno,11-50 employees
2721914,Brightspeed,5.0,NC,US,Charlotte,501-1000 employees
2724097,Team Red Dog,1.0,WA,US,Bellevue,1-10 employees
2724823,"Jolly Pets (FYF-JB, LLC)",2.0,Ohio,US,Streetsboro,11-50 employees
2727542,United Way of Weld County,1.0,Colorado,US,Greeley,1-10 employees
2731814,Aparium Hotel Group,5.0,Illinois,US,Chicago,501-1000 employees
2736308,ATC,2.0,Iowa,US,Clive,11-50 employees
2737970,Regional Finance (Regional Management Corp.),5.0,South Carolina,US,Greer,501-1000 employees
2738213,ThinkCERCA,1.0,Illinois,US,Chicago,1-10 employees
2739771,"Iconergy, Ltd.",1.0,Colorado,US,Denver,1-10 employees
2740813,Yochana IT Solutions INC,4.0,Michigan,US,Farmington,201-500 employees
2746223,Blue Signal Search,2.0,AZ,US,Phoenix,11-50 employees
2747538,OBXtek,4.0,Virginia,US,McLean,201-500 employees
2749637,BSH Home Appliances Corporation - North America,5.0,CA,US,Irvine,501-1000 employees
2749736,"Focal Point, LLC",4.0,Il,US,Chicago,201-500 employees
2754376,Aeyon,4.0,Virginia,US,Vienna,201-500 employees
2756204,Medasource,4.0,Indiana,US,Indianapolis,201-500 employees
2762306,Impactful Resources,1.0,California,US,Irvine,1-10 employees
2763211,Stoneridge Software,3.0,Minnesota,US,St. Louis Park,51-200 employees
2764631,Teledyne Microwave Solutions (TMS),5.0,CA,US,Mountain View,501-1000 employees
2774891,Appier,4.0,Taiwan,TW,Taipei,201-500 employees
2777233,Skybeck Construction,2.0,Texas,US,West Lake Hills,11-50 employees
2778062,ISSI Integrated Silicon Solution Inc.,4.0,CA,US,Milpitas,201-500 employees
2779571,Go West IT,1.0,Colorado,US,Greenwood Village,1-10 employees
2780388,Invitation Homes,5.0,Texas,US,Dallas,501-1000 employees
2781211,"LivingRite, The Center for Behavioral Health",1.0,Illinois,US,Sycamore,1-10 employees
2785040,MIT Investment Management Company,2.0,Massachusetts,US,Cambridge,11-50 employees
2787112,moveBuddha,,Georgia,US,Athens,Unknown
2788204,Rang Technologies Inc,3.0,NJ,US,Piscataway,51-200 employees
2794879,"United Business Solutions, Inc.",1.0,NJ,US,Avenel,1-10 employees
2802262,Seattle City Light,5.0,WA,US,Seattle,501-1000 employees
2803017,"Spellbinders Paper Arts, LLC",1.0,AZ,US,Phoenix,1-10 employees
2804770,G-P/Globalization Partners,5.0,Unknown,US,Remote First Company,501-1000 employees
2804888,Digital Room,5.0,California,US,Sherman Oaks,501-1000 employees
2808921,IQPC Exchange,3.0,Florida,US,Tampa,51-200 employees
2811769,A+E Networks,5.0,New York,US,New York,501-1000 employees
2819944,SchoolStatus,3.0,Mississippi,US,Ridgeland,51-200 employees
2820867,Loring Smart Roast,1.0,CA,US,Santa Rosa,1-10 employees
2821604,Riskified,4.0,NY,US,New York,201-500 employees
2824374,Coupang,7.0,Seoul,KR,Seoul,5001-10000 employees
2824640,Link2USA ,1.0,California,US,Menlo Park,1-10 employees
2826091,Pine Ridge Bible Camp,1.0,Michigan,US,Cedar Springs,1-10 employees
2829085,Diamond View - Creative Video Agency,2.0,Florida,US,Tampa,11-50 employees
2831596,North American Dental Group (NADG),5.0,Pennsylvania,US,Pittsburgh,501-1000 employees
2832056,"Boston Government Services, LLC (BGS)",2.0,Tennessee,US,Oak Ridge,11-50 employees
2837417,EarnIn,3.0,California,US,Palo Alto,51-200 employees
2837787,Talkdesk,5.0,CA,US,San Francisco,501-1000 employees
2838631,ZimZee Recruiting,,Utah,US,Mapleton,Unknown
2842489,ABS Group,5.0,TX,US,Spring,501-1000 employees
2843538,Redbock - an NES Fircroft company,2.0,California,US,Encinitas,11-50 employees
2847303,Coventry Workers' Comp & Auto Networks,5.0,Arizona,US,Tucson,501-1000 employees
2848937,MSD,7.0,New Jersey,US,Rahway,5001-10000 employees
2849719,Benevis,5.0,GA,US,Atlanta,501-1000 employees
2853559,Tantillo Architecture LLC,,Pennsylvania,US,Philadelphia,Unknown
2853989,Kelley | Uustal Trial Attorneys,1.0,Florida,US,Fort Lauderdale,1-10 employees
2855441,Detroit Manufacturing Systems (DMS),5.0,MI,US,Detroit,501-1000 employees
2857634,Coinbase,5.0,Unknown,US,Remote First,501-1000 employees
2857649,Legend Premium Trailers,2.0,MI,US,ALMA,11-50 employees
2864539,eStaff LLC,,Texas,US,Austin,Unknown
2866215,Compass,5.0,NY,US,New York,501-1000 employees
2870989,EPM Scientific,5.0,Unknown,GB,London,501-1000 employees
2871754,PERC Engineering,2.0,TX,US,Houston,11-50 employees
2871879,Tritium®,3.0,Queensland,AU,Murarrie,51-200 employees
2872071,Zytus,,Unknown,0,0,Unknown
2872912,SkyWater Search Partners,2.0,MN,US,Minnetonka,11-50 employees
2878362,University of Alaska Southeast,3.0,AK,US,Juneau,51-200 employees
2880768,Allianz Trade in North America,4.0,Maryland,US,Owings Mills,201-500 employees
2881203,O'Fallon Casting,2.0,MO,US,O'Fallon,11-50 employees
2887000,HandStands PROMO,2.0,UT,US,Draper,11-50 employees
2888865,Repeat Consultants,2.0,Virginia,US,Arlington,11-50 employees
2890366,TouchPoint Support Services,6.0,Georgia,US,Atlanta,1001-5000 employees
2893575,"Creative Resources Technology Group, Inc.",1.0,CA,US,Costa Mesa,1-10 employees
2899266,Rootshell Inc,2.0,CA,US,Santa Clara,11-50 employees
2904046,PFES,2.0,Illinois,US,Western Springs,11-50 employees
2908367,gpac,4.0,South Dakota,US,Sioux Falls,201-500 employees
2908815,Klaviyo,5.0,Massachusetts,US,Boston,501-1000 employees
2909349,Growatt New Energy,5.0,Guangdong,CN,Shenzhen,501-1000 employees
2910116,ERMCO-ECI,5.0,TN,US,Dyersburg,501-1000 employees
2913934,Mississippi Export Railroad,2.0,MS,US,Moss Point,11-50 employees
2922575,"Denken Solutions, Inc.",4.0,CA,US,Irvine,201-500 employees
2923642,Aero Operating LLC and Family of Companies,3.0,NY,US,Westbury,51-200 employees
2925058,Toppan Merrill,5.0,New York,US,New York,501-1000 employees
2925555,Apetan Consulting LLC,3.0,NJ,US,Jersey City,51-200 employees
2925665,Schechter Reed,1.0,VA,US,Reston,1-10 employees
2926262,Music & Arts,6.0,MD,US,Frederick,1001-5000 employees
2927980,National Network of Public Health Institutes,2.0,LA,US,New Orleans,11-50 employees
2928506,Swedish Medical Center,5.0,Colorado,US,Englewood,501-1000 employees
2928642,Arbor Financial Group,2.0,California,US,Santa Ana,11-50 employees
2930550,Crowd Surf,1.0,TN,US,Nashville,1-10 employees
2932527,"SHK Partners, Inc",1.0,Unknown,US,0,1-10 employees
2934272,Revitalize Milwaukee - changing the lives of homeowners by providing free home repairs.,1.0,Wisconsin,US,Milwaukee,1-10 employees
2934678,ApTask,3.0,New Jersey,US,Iselin,51-200 employees
2935380,Software Technology Inc.,3.0,NJ,US,Princeton,51-200 employees
2936694,Zoetis,7.0,NJ,US,Parsippany,5001-10000 employees
2937226,Myticas Consulting,2.0,Ontario,CA,Ottawa,11-50 employees
2937325,Mobile Loaves & Fishes,2.0,TX,US,Austin,11-50 employees
2937626,Mighty Oak Medical,1.0,Colorado,US,Englewood,1-10 employees
2939816,908 Devices,3.0,Massachusetts,US,Boston,51-200 employees
2944478,Cargomatic,2.0,California,US,Long Beach,11-50 employees
2945366,"McKeithan Design Studio, LLC",,Unknown,US,Nashville,Unknown
2951796,"BHI, CO",4.0,Utah,US,Vernal,201-500 employees
2952162,Pacxa,2.0,Hawaii,US,Honolulu,11-50 employees
2952271,Porch Group,5.0,WA,US,Seattle,501-1000 employees
2953670,Access Global Group,2.0,Texas,US,Southlake,11-50 employees
2958789,Overland Park Regional Medical Center,5.0,KS,US,Overland Park,501-1000 employees
2966330,P&C Global,5.0,Ontario,CA,Toronto,501-1000 employees
2971337,"Dynamic Systems Technology, Inc. (DysTech)",2.0,VA,US,Fairfax,11-50 employees
2972588,North Carolina Department of Public Safety,7.0,NC,US,Raleigh,5001-10000 employees
2980915,Vallarta Supermarkets,6.0,CA,US,Los Angeles,1001-5000 employees
2982156,KMS Lighthouse,2.0,Israel,IL,Petach Tikva,11-50 employees
2983157,Packard Culligan Water,4.0,MN,US,Minnetonka,201-500 employees
2985733,Aditi Consulting,4.0,Washington,US,Bellevue,201-500 employees
2989624,Derris,2.0,NY,US,New York,11-50 employees
2992048,Affiliated Monitoring,4.0,NJ,US,Union,201-500 employees
2999886,Talent Table,1.0,CA,US,Oakland,1-10 employees
2999998,The Chef Agency,2.0,Unknown,US,New York,11-50 employees
3006946,Giveffect,2.0,New York,US,New York,11-50 employees
3008681,Apex Fintech Solutions,4.0,Texas,US,Dallas,201-500 employees
3009879,Vertisystem,3.0,California,US,Fremont,51-200 employees
3011879,Whova,2.0,California,US,San Diego,11-50 employees
3012034,Forge Manufacturing Solutions,,Unknown,0,0,Unknown
3018149,BuzzClan,4.0,Texas,US,Dallas,201-500 employees
3025562,Faherty Brand,3.0,Unknown,US,New York,51-200 employees
3029525,Oak Street Health,5.0,IL,US,Chicago,501-1000 employees
3032528,Radinnova,,CA,US,San Diego,Unknown
3032973,Stone Alliance Group,1.0,DC,US,Washington DC,1-10 employees
3037695,Justworks,5.0,NY,US,New York,501-1000 employees
3037935,Ascendant,2.0,CA,US,Pleasant Hill,11-50 employees
3041246,Nasdaq Private Market,2.0,New York,US,New York,11-50 employees
3042905,Coverys,4.0,MA,US,Boston,201-500 employees
3043632,Cherry Optical Lab - Independent Wholesale Optical Laboratory,2.0,WI,US,Green Bay,11-50 employees
3045437,Power Digital Marketing,4.0,CA,US,San Diego,201-500 employees
3046921,"UCanTrade, Inc.",1.0,WA,US,Ferndale,1-10 employees
3048445,AWM Global Advisors,,CA,US,San Diego,Unknown
3053638,Mobley & Sons of Birmingham,,Alabama,US,Mountain Brook,Unknown
3064910,Confluence Running Company,1.0,NY,US,Ithaca,1-10 employees
3077586,Catapult Solutions Group,3.0,TX,US,Plano,51-200 employees
3079692,MAS Law,2.0,Texas,US,Richardson,11-50 employees
3083333,Chicken Salad Chick,5.0,Georgia,US,Atlanta,501-1000 employees
3085943,Index Exchange,4.0,Ontario,CA,Toronto,201-500 employees
3086374,SBJ Capital,1.0,CA,US,Walnut Creek,1-10 employees
3089114,Urth Caffe,3.0,CA,US,West Hollywood,51-200 employees
3094595,GroupA,2.0,California,US,San Francisco,11-50 employees
3101619,Source One Hospitality,,Illinois,US,West Chicago,Unknown
3104354,Skillz,2.0,NV,US,Las Vegas,11-50 employees
3109444,"Jazwares, LLC",5.0,Florida,US,Sunrise,501-1000 employees
3112877,Pax8,5.0,Colorado,US,Greenwood Village,501-1000 employees
3123217,Glocomms,5.0,Unknown,US,New York,501-1000 employees
3124398,Hamilton Architects,,CA,US,Los Angeles,Unknown
3125763,Specialty Restaurants,5.0,California,US,Costa Mesa,501-1000 employees
3128709,Creative Juice,,Georgia,US,Atlanta,Unknown
3131483,Flexport,5.0,California,US,San Francisco,501-1000 employees
3133230,HRmango,1.0,Utah,US,Lehi,1-10 employees
3136318,Lummus Corporation,3.0,Georgia,US,Savannah,51-200 employees
3143455,Carvana,7.0,Arizona,US,Tempe,5001-10000 employees
3149515,American Horticultural Society,1.0,Virginia,US,Alexandria,1-10 employees
3150784,TalentRemedy,1.0,USA,US,"Washington, DC",1-10 employees
3152520,Gulfport Energy Corporation,3.0,OK,US,Oklahoma City,51-200 employees
3158134,TruConnect,3.0,CA,US,Los Angeles,51-200 employees
3159554,Snap! Mobile,3.0,Washington,US,Seattle,51-200 employees
3163363,PEG Companies,5.0,UT,US,Provo,501-1000 employees
3163788,ASCO - (Asphalt Surfacing Company),1.0,SD,US,Sioux Falls,1-10 employees
3165672,Solstice Consulting Group LLC,1.0,Texas,US,Sugar Land,1-10 employees
3168240,Boys & Girls Clubs of Sonoma-Marin,3.0,CA,US,Santa Rosa,51-200 employees
3176132,"Ruby-Collins, Inc. ",2.0,Georgia,US,Smyrna,11-50 employees
3178910,Diamond,2.0,Nevada,US,Las Vegas,11-50 employees
3180238,McLaren Health Care,7.0,MI,US,Grand Blanc,5001-10000 employees
3180574,Fund for Public Health in NYC,3.0,New York,US,New York,51-200 employees
3181342,AVASO Technology Solutions,5.0,Unknown,DK,"Denmark, Germany, UK, USA, Canada, Australia, India, Malaysia, Singapore, Hong Kong, China, Japan, S Korea ",501-1000 employees
3185967,Precision Solutions,1.0,Virginia,US,Leesburg,1-10 employees
3194237,Mitchell's Fish Market,7.0,Texas,US,Houston,5001-10000 employees
3194825,COOP Ale Works,2.0,Oklahoma,US,Oklahoma City,11-50 employees
3195033,Gandara Center,4.0,Massachusetts,US,West Springfield,201-500 employees
3198016,SC Engineers,1.0,CA,US,San Diego,1-10 employees
3202422,California Department of Health Care Access and Information,3.0,California,US,Sacramento,51-200 employees
3205573,DoorDash,7.0,California,US,San Francisco,5001-10000 employees
3210501,Astellas Gene Therapies,3.0,CA,US,San Francisco,51-200 employees
3215718,Sovereign Insurance Group,1.0,Pennsylvania,US,Berwyn,1-10 employees
3215834,aquesst,2.0,GA,US,Atlanta,11-50 employees
3220813,Pediatrix Medical Group,6.0,FL,US,Sunrise,1001-5000 employees
3223482,AssuredPartners,6.0,Florida,US,Orlando,1001-5000 employees
3234221,"SDG Architects, Inc.",1.0,CA,US,Brentwood,1-10 employees
3234670,RIIM,2.0,AZ,US,Scottsdale,11-50 employees
3240627,Saatchi & Saatchi (We Are Saatchi),3.0,California,US,El Segundo,51-200 employees
3242773,Glocal RPO,4.0,USA,US,Wilmington DE,201-500 employees
3247282,Forefront Dermatology,5.0,Wisconsin,US,Manitowoc,501-1000 employees
3252148,Skedulo,3.0,CA,US,San Francisco,51-200 employees
3254263,Robinhood,5.0,California,US,Menlo Park,501-1000 employees
3260314,Coral Gables Museum,1.0,Florida,US,Coral Gables,1-10 employees
3263648,Chesapeake Search Partners,1.0,MD,US,Towson,1-10 employees
3264857,Legal Aid Association of California (LAAC),1.0,California,US,Berkeley,1-10 employees
3269275,Victor Lundeen Company,1.0,Minnesota,US,Fergus Falls,1-10 employees
3270028,The Sterling Choice,1.0,Cambs,GB,Peterborough,1-10 employees
3271453,Monterey Peninsula Foundation,1.0,CA,US,Monterey,1-10 employees
3273657,OrganizeIn,1.0,Karnataka,IN,Bangalroe,1-10 employees
3277638,Miramonte Resort & Spa,3.0,CA,US,Indian Wells,51-200 employees
3279188,"edBridge Partners, LLC",,NY,US,New York,Unknown
3283052,Grubhub,5.0,Illinois,US,Chicago,501-1000 employees
3286848,ARCO National Construction Company,2.0,MO,US,St. Louis,11-50 employees
3294602,Covetus,2.0,Texas,US,Dallas,11-50 employees
3295320,Intelletec,1.0,California,US,Los Angeles,1-10 employees
3299457,MGA Homecare,5.0,Arizona,US,Scottsdale,501-1000 employees
3304338,The Alexander,2.0,IN,US,Indianapolis,11-50 employees
3308149,Deployable Technologies LLC,2.0,Virginia,US,Leesburg,11-50 employees
3308308,Rocket Lab,5.0,California,US,Long Beach,501-1000 employees
3309820,CBS News and Stations,4.0,Unknown,US,New York,201-500 employees
3313008,Inside Talent,,Minnesota,US,Minneapolis,Unknown
3325979,Plaxonic,3.0,Uttar Pradesh,IN,Noida,51-200 employees
3326615,BrickRed Systems,4.0,WA,US,Redmond,201-500 employees
3334708,Finley Wealth Advisors,,FL,US,Estero,Unknown
3335447,"1st Fruits Consulting, Inc.",,Arizona,US,Phoenix,Unknown
3338050,Netskope,5.0,California,US,Santa Clara,501-1000 employees
3340388,Garry A. Jones & Associates,,California,US,Westlake Village,Unknown
3348019,"Advanced Correctional Healthcare, Inc.",4.0,Tennessee,US,Franklin,201-500 employees
3350832,"Merit Advisors, LLC",2.0,Texas,US,Addison,11-50 employees
3356865,WalkWater Technologies,3.0,California,US,San Jose,51-200 employees
3360328,Moose Knuckles Canada,3.0,Quebec,CA,Montreal,51-200 employees
3477320,Primary Recruiting Services,1.0,Florida,US,Maitland,1-10 employees
3480059,Vectorsoft,2.0,Texas,US,Irving,11-50 employees
3486320,Körber Pharma,7.0,Hamburg,DE,Hamburg,5001-10000 employees
3489028,Global Data Management Inc,2.0,NJ,US,Woodbridge,11-50 employees
3495423,"Patterson Companies, Inc.",6.0,MN,US,St Paul,1001-5000 employees
3499302,"IT Architechs, Inc.",,Missouri,US,St Louis,Unknown
3500602,"Farmers & Merchants Bank (Berlin, WI)",2.0,WI,US,Berlin,11-50 employees
3502352,Webflow,4.0,California,US,San Francisco,201-500 employees
3505052,"Arthritis and Rheumatism Associates, PC",3.0,MD,US,Wheaton,51-200 employees
3505146,A Free Bird™,1.0,NY,US,Brooklyn,1-10 employees
3506516,"DigiFX, LLC",,Massachusetts,US,Boston,Unknown
3507064,tastylive,2.0,IL,US,Chicago,11-50 employees
3507955,Descanso Gardens Foundation,2.0,California,US,La Canada Flintridge,11-50 employees
3509022,Xometry,5.0,MD,US,North Bethesda,501-1000 employees
3513426,Greven Executive Search,,Indiana,US,Terre Haute,Unknown
3518569,Westcliff University,2.0,California,US,Irvine,11-50 employees
3520952,KLONDIKE Lubricants Corporation,1.0,British Columbia,CA,Langley,1-10 employees
3521798,St. Peter's Health Partners,7.0,NY,US,Albany,5001-10000 employees
3523360,Riverside Natural Foods Ltd. (Home of MadeGood),4.0,Ontario,CA,Toronto,201-500 employees
3523887,World Vision USA,7.0,Washington,US,Federal Way,5001-10000 employees
3527968,Universal Studios Hollywood,5.0,CA,US,Universal City,501-1000 employees
3533175,Latitude Legal,3.0,Tennessee,US,Nashville,51-200 employees
3534837,Classic Collision ,5.0,Georgia,US,Atlanta,501-1000 employees
3536644,HiFunda LLC,,Utah,US,Salt Lake City,Unknown
3540705,OMD USA,5.0,NY,US,New York,501-1000 employees
3540711,Moquin Press,2.0,CA,US,Belmont,11-50 employees
3542182,Cofman Townsley Attorneys at Law,1.0,MO,US,St. Louis,1-10 employees
3543707,Nexthermal,2.0,Michigan,US,Battle Creek,11-50 employees
3543771,Wizeline,5.0,Jalisco,MX,Zapopan,501-1000 employees
3552395,HealthTrust Workforce Solutions,5.0,FL,US,Sunrise,501-1000 employees
3557082,Mercy Health,7.0,MI,US,Grand Rapids,5001-10000 employees
3559874,Busby Park Recruiting LLC,,CA,US,Los Angeles,Unknown
3560604,AHV Communities,1.0,Texas,US,San Antonio,1-10 employees
3561956,GIRRAPHIC,2.0,NSW,AU,Surry Hills,11-50 employees
3566984,Warren Transport Inc.,2.0,iowa,US,Waterloo,11-50 employees
3569228,Anonymous,,Unknown,0,0,Unknown
3570660,City Lifestyle,3.0,MO,US,Kansas City,51-200 employees
3573533,Lendmark Financial Services,5.0,GA,US,Lawrenceville,501-1000 employees
3577168,Feuji Inc,3.0,Texas,US,Dallas,51-200 employees
3577263,"Senseye, Inc.",1.0,Texas,US,Austin,1-10 employees
3578241,ROOST™ Real Estate at eXp Realty,1.0,North Carolina,US,Davidson,1-10 employees
3579155,Campos EPC,4.0,CO,US,Denver,201-500 employees
3579761,Home Chef,5.0,Illinois,US,Chicago,501-1000 employees
3586991,UW-Madison College of Letters & Science,5.0,Unknown,US,Madison,501-1000 employees
3589068,Regents Capital Corporation,2.0,CA,US,Costa Mesa,11-50 employees
3590771,Emerald,4.0,NY,US,New York,201-500 employees
3591245,Winter Park Lodging Company,1.0,Colorado,US,Winter Park,1-10 employees
3591263,"Park Place Finance, LLC - Hard Money Lender",2.0,Texas,US,Austin,11-50 employees
3591568,Markforged,3.0,Massachusetts,US,Waltham,51-200 employees
3593313,Canopy,2.0,Utah,US,Draper,11-50 employees
3596579,Yami,4.0,California,US,Greater Los Angeles,201-500 employees
3598087,"Visual i Solutions, Inc.",1.0,California,US,Tustin,1-10 employees
3598625,Forge,3.0,CA,US,San Francisco,51-200 employees
3599257,CA Department of Corrections & Rehabilitation,7.0,CA,US,Sacramento,5001-10000 employees
3602072,Gulf Electroquip,3.0,Texas,US,Houston,51-200 employees
3607492,DigniFi,2.0,WA,US,Bellevue,11-50 employees
3607929,ALTEN Technology USA,4.0,North Carolina,US,Greensboro,201-500 employees
3609818,PainTEQ,2.0,Florida,US,Tampa,11-50 employees
3612137,Illinois Tollway,5.0,IL,US,Downers Grove,501-1000 employees
3616117,"Mulligan Funding, LLC",2.0,California,US,San Diego,11-50 employees
3617392,Fit Recruiting,,Alabama,US,Mobile,Unknown
3618762,TeeTurtle,2.0,Missouri,US,Hazelwood,11-50 employees
3619383,Collective Health,4.0,California,US,San Francisco,201-500 employees
3621765,"PMCS Group, Inc.",2.0,California,US,Long Beach,11-50 employees
3624887,Matellio Inc.,3.0,California,US,San Jose,51-200 employees
3626487,Randstad Life Sciences US,5.0,IL,US,Deerfield,501-1000 employees
3628379,Razny Jewelers,2.0,IL,US,Addison,11-50 employees
3634748,The Steely Group,1.0,Unknown,US,"La Grange, IL",1-10 employees
3637229,Discovery Senior Living,7.0,FL,US,Bonita Springs,5001-10000 employees
3638332,Alchemy Software Solutions,5.0,Karnataka,IN,Bangalore,501-1000 employees
3641994,Insite Property Solutions,1.0,Washington,US,Kirkland,1-10 employees
3642491,Sunglass Hut,7.0,Italia,IT,Milano,5001-10000 employees
3647879,STRIVR,2.0,CA,US,Santa Clara,11-50 employees
3649864,GOAT Group,5.0,California,US,Los Angeles,501-1000 employees
3651935,BetterHelp,3.0,California,US,Mountain View,51-200 employees
3653845,Snowflake,6.0,Unknown,US,The Cloud,1001-5000 employees
3654739,Golden Nugget Lake Charles,5.0,LA,US,Lake Charles,501-1000 employees
3663488,Synclovis Systems Pvt. Ltd. - Top Mobile & Web App Development Company,1.0,KARNATAKA,IN,Bangalore,1-10 employees
3665203,MillenniTEK,1.0,TN,US,Knoxville,1-10 employees
3670337,GAT Sport,1.0,CT,US,Monroe,1-10 employees
3676298,Chick-fil-A Restaurants,7.0,GA,US,Atlanta,5001-10000 employees
3681497,California Department of Toxic Substances Control,4.0,California,US,Sacramento,201-500 employees
3683451,Safe Fleet,5.0,MO,US,Belton,501-1000 employees
3690818,Colorado Department of Transportation,5.0,Colorado,US,Denver,501-1000 employees
3693158,"CareDx, Inc.",4.0,California,US,Brisbane,201-500 employees
3698584,Overture,2.0,Colorado,US,Longmont,11-50 employees
3700354,TektreeInc,3.0,Delaware,US,Newark,51-200 employees
3706348,Tenderling Design,,Texas,US,AUSTIN,Unknown
3710414,AGI - Ag Growth International,5.0,Manitoba,CA,Winnipeg,501-1000 employees
3711368,Sky Ridge Medical Center,5.0,CO,US,Lone Tree,501-1000 employees
3711385,HB Construction,2.0,New Mexico,US,Albuquerque,11-50 employees
3711824,Third Way Center,2.0,CO,US,Denver,11-50 employees
3713985,Clear Demand,1.0,Arizona,US,Scottsdale,1-10 employees
3714038,"Magellan Financial & Insurance Services, Inc.",1.0,Kansas,US,Topeka,1-10 employees
3715022,Simplex.,,TX,US,Austin,Unknown
3719102,"Acme Food Sales, INC",1.0,WA,US,Seattle,1-10 employees
3719466,Hope Inspired Ministries (HIM),1.0,Alabama,US,Montgomery,1-10 employees
3725929,"Metalex, powered by UPG",4.0,IL,US,Libertyville,201-500 employees
3730982,"Javen Technologies, Inc.",3.0,MN,US,Bloomington,51-200 employees
3731368,Sempra Infrastructure,5.0,CA,US,San Diego,501-1000 employees
3731451,"AB2 Consulting, Inc.",2.0,IL,US,Rolling Meadows,11-50 employees
3732076,Colorado Governor's Office of Information Technology,4.0,Colorado,US,Denver,201-500 employees
3732622,CENTREX,1.0,Oregon,US,Portland,1-10 employees
3735187,SIA Engineering Company,6.0,Unknown,SG,Singapore,1001-5000 employees
3738695,Chime,5.0,CA,US,San Francisco,501-1000 employees
3738912,At Home Group Inc.,7.0,Texas,US,Coppell,5001-10000 employees
3742270,YUPRO Placement,2.0,Massachusetts,US,Boston,11-50 employees
3743186,Kalmar,6.0,Unknown,FI,Helsinki,1001-5000 employees
3753860,California Department of Health Care Services,5.0,California,US,Sacramento,501-1000 employees
3757480,Aduro Advisors,3.0,Unknown,0,0,51-200 employees
3766239,Allen Institute for AI (AI2),2.0,WA,US,Seattle,11-50 employees
3769582,"Flesch Engineering, LLC.",1.0,Texas,US,Houston,1-10 employees
3775779,Samsung Semiconductor US,5.0,CA,US,San Jose,501-1000 employees
3777778,INA Solution,2.0,"Lincolnwood, Illinois",US,Lincolnwood,11-50 employees
3779159,"IDEAHELIX, Inc",3.0,CA,US,Fremont,51-200 employees
3781515,Veritiv Corporation,6.0,Georgia,US,Atlanta,1001-5000 employees
3781808,Lerner & Rowe Injury Attorneys,3.0,Nevada,US,Las Vegas,51-200 employees
3783876,RWE,7.0,North Rhine-Westphalia,DE,Essen,5001-10000 employees
3789747,Wheeler Staffing Partners,3.0,TX,US,Plano,51-200 employees
3797960,Indigo Slate,2.0,Washington,US,Seattle,11-50 employees
3802195,RightTalents LLC,1.0,New Jersey,US,Nutley,1-10 employees
3807153,Nextracker Inc.,4.0,CA,US,Fremont,201-500 employees
3807582,Cornerstone Fund Services,1.0,Utah,US,Sandy,1-10 employees
3807788,California Department of State Hospitals,7.0,CA,US,Sacramento ,5001-10000 employees
3809210,"3E Promotions, LLC",1.0,Unknown,0,0,1-10 employees
3810572,Superior Ink Printing,1.0,Colorado,US,Denver,1-10 employees
3812750,Keysight Technologies,7.0,California,US,Santa Rosa,5001-10000 employees
3815031,KPG99 INC,2.0,NJ,US,Hamilton,11-50 employees
3816028,Spokane Transit Authority,3.0,Washington,US,Spokane,51-200 employees
3817445,Beltone Alliance,3.0,IL,US,O'Fallon,51-200 employees
3825965,Eaze,2.0,Unknown,US,Los Angeles,11-50 employees
3860052,Malvi Marshmallow Confections,,Unknown,0,0,Unknown
3866043,One Source Staffing,1.0,WI,US,Milwaukee,1-10 employees
3867218,Cartney,,TX,US,Dallas,Unknown
3873058,Claris Vision,3.0,Rhode Island,US,Warwick,51-200 employees
3885443,Stock Day Media,,Arizona,US,Phoenix,Unknown
3887031,Atlas Real Estate,2.0,Colorado,US,Denver,11-50 employees
3887035,E3 OMI,2.0,Mississippi,US,Clinton,11-50 employees
3894635,Sunnyland Farms,2.0,Georgia,US,Albany,11-50 employees
3895037,Fohr,2.0,New York,US,New York,11-50 employees
3898242,Qualified Interiors Inc,1.0,Ohio,US,Cleveland,1-10 employees
3900368,"BIOQUAL, Inc.",3.0,Maryland,US,Rockville,51-200 employees
3928505,Plasidyne Engineering & Mfg,1.0,California,US,Long Beach,1-10 employees
3954657,Fivetran,5.0,California,US,Oakland,501-1000 employees
3956151,Manomin Resawn Timbers,1.0,Minnesota,US,Hugo,1-10 employees
3960998,Semper Valens Solutions,2.0,Texas,US,Canyon Lake,11-50 employees
3963179,State of North Dakota,7.0,ND,US,Bismarck,5001-10000 employees
3966490,Accelon Inc.,1.0,CA,US,San Ramon,1-10 employees
3996786,"FieldRoutes, a ServiceTitan company",4.0,TX,US,McKinney,201-500 employees
3998479,Info Way Solutions,3.0,California,US,Fremont,51-200 employees
4004283,Color Interiors,1.0,Texas,US,Conroe,1-10 employees
4005968,Ortho Rhode Island,3.0,Rhode Island,US,Warwick,51-200 employees
4007381,NORMS Restaurants,5.0,CA,US,Bellflower,501-1000 employees
4019701,"Easton Architects, LLP",,NY,US,New York,Unknown
4019848,Macomb County Community Mental Health,4.0,Michigan,US,Clinton Township,201-500 employees
4023852,Anira Solutions Inc,2.0,Virginia,US,Ashburn,11-50 employees
4023956,"Clinicas del Camino Real, Inc.",4.0,California,US,Camarillo,201-500 employees
4026801,Canteen Services Inc,2.0,Michigan,US,Coldwater,11-50 employees
4030721,Lazer Logistics,6.0,Georgia,US,Alpharetta,1001-5000 employees
4030966,NDI Engineering Company,2.0,New Jersey,US,Thorofare,11-50 employees
4031020,Tapestry Folkdance Center,1.0,Minnesota,US,Minneapolis,1-10 employees
4031973,"LG2 (LG2 Environmental Solutions, Inc.)",1.0,Florida,US,Jacksonville,1-10 employees
4032374,Hoboken Charter School,2.0,New Jersey,US,Hoboken,11-50 employees
4094193,Stamford Public Schools,5.0,Connecticut,US,Stamford,501-1000 employees
4096566,Alpha Grand Rapids,1.0,Michigan,US,Grand Rapids,1-10 employees
4099996,Glendale Career College,2.0,California,US,Glendale,11-50 employees
4102645,Wayside Publishing,2.0,Maine,US,Freeport,11-50 employees
4111455,American Sugar Refining Inc,3.0,NY,US,Yonkers,51-200 employees
4122221,Briarpatch Enterprises Inc,,Connecticut,US,Milford,Unknown
4196994,Teachers Aide,1.0,Virginia,US,Staunton,1-10 employees
4221934,Everest,5.0,New Jersey,US,Warren,501-1000 employees
4235104,San Manuel Band of Mission Indians,6.0,California,US,Highland,1001-5000 employees
4249497,Seattle Parks and Recreation,5.0,Washington,US,Seattle,501-1000 employees
4290725,Adventure Christian School,2.0,California,US,Roseville,11-50 employees
4324337,Luna Grill,5.0,California,US,San Diego,501-1000 employees
4344175,Oaks Senior Living,5.0,Georgia,US,Alpharetta,501-1000 employees
4363181,Montessori School Of Duluth,1.0,Minnesota,US,Duluth,1-10 employees
4375680,Rhode Island Army National Guard,5.0,Rhode Island,US,East Greenwich,501-1000 employees
4376443,Bowers Transport,,California,US,Walnut,Unknown
4514431,Frandson Safety Inc,1.0,Wyoming,US,Worland,1-10 employees
4545821,WHSmith North America,5.0,Nevada,US,Las Vegas,501-1000 employees
4668865,Firmo Construction,1.0,Florida,US,Sarasota,1-10 employees
4669019,Desert Valley Ent,1.0,Arizona,US,Chandler,1-10 employees
4697690,Seattle Human Services Department,3.0,Washington,US,Seattle,51-200 employees
4743385,AES Northeast,1.0,New York,US,Plattsburgh,1-10 employees
4752375,Blue Star Growers Inc,3.0,Washington,US,Cashmere,51-200 employees
4754521,Carroll Primary Care,1.0,Maryland,US,Eldersburg,1-10 employees
4757283,Discovery Living Inc,2.0,Iowa,US,Cedar Rapids,11-50 employees
4808751,Bridge Investment Group,5.0,UT,US,Sandy,501-1000 employees
4809166,EpicVue,1.0,Utah,US,Midvale,1-10 employees
4810440,FoxFuel Creative,1.0,Tennessee,US,Nashville,1-10 employees
4810482,Aroma360,3.0,Florida,US,Miami,51-200 employees
4815837,"KEB America, Inc.",2.0,MN,US,Shakopee,11-50 employees
4818381,Novi Labs,1.0,TX,US,Austin,1-10 employees
4821517,"NSI Group, LLC",1.0,Unknown,0,0,1-10 employees
4822178,FactoryFix,2.0,Illinois,US,Chicago,11-50 employees
4822542,Excelerate Capital,2.0,California,US,Irvine,11-50 employees
4823650,Magnify,2.0,Virginia,US,Richmond,11-50 employees
4824711,GrubMarket Inc.,5.0,Unknown,0,0,501-1000 employees
4827450,The Premier Resources Group (PRG),1.0,OH,US,Cincinnati,1-10 employees
4828495,Loxo@Lilly,4.0,CT,US,Stamford,201-500 employees
4828770,Kahu Malama Nurses,2.0,HI,US,Honolulu,11-50 employees
4832201,Fiona Hutton & Associates,1.0,CA,US,Los Angeles,1-10 employees
4835523,Terran Orbital Corporation,4.0,Florida,US,Boca Raton,201-500 employees
4836197,Collinwood Technology Partners,1.0,Illinois,US,West Chicago,1-10 employees
4836891,"Idaho site works, LLC",1.0,Unknown,US,Nampa,1-10 employees
4837940,DataSkate,2.0,Texas,US,Irving,11-50 employees
4840301,Rubrik,5.0,California,US,Palo Alto,501-1000 employees
4851811,"Qorvo, Inc.",6.0,Unknown,OO,0,1001-5000 employees
4854165,Gravity IT Resources,2.0,FL,US,Fort Lauderdale,11-50 employees
4857886,TOA Global,5.0,Queensland,AU,Southport,501-1000 employees
4864931,"Growers Transplanting, Inc.",2.0,CA,US,Salinas,11-50 employees
4872007,Atlas Search,2.0,NY,US,New York,11-50 employees
4983419,Toshiba Global Commerce Solutions,5.0,North Carolina,US,Durham,501-1000 employees
4985469,Security Instrument Corp.,2.0,Delaware,US,Wilmington,11-50 employees
4990022,Recursion,3.0,Utah,US,Salt Lake City,51-200 employees
4991265,X-energy,2.0,MD,US,Rockville,11-50 employees
5000890,"The Goodkind Group, LLC",2.0,New York,US,New York,11-50 employees
5005549,TestingXperts,5.0,Pennsylvania,US,Mechanicsburg,501-1000 employees
5013440,Darktrace,5.0,Cambridgeshire,GB,Cambridge,501-1000 employees
5013850,goop,3.0,California,US,Santa Monica,51-200 employees
5018413,"Diversified Safety Services, LLC.",2.0,Maryland,US,Belcamp,11-50 employees
5021998,Reliant Vision Group Inc,2.0,New Jersey,US,Metuchen,11-50 employees
5023955,"Engineering Search Partners, Inc.",,GA ,US,Atlanta ,Unknown
5025162,Tech-Nique Partners,1.0,New York,US,New York,1-10 employees
5028465,Anord Mardix,5.0,Ireland,IE,Dundalk,501-1000 employees
5033370,Norris Square Neighborhood Project,1.0,Pennsylvania,US,Philadelphia,1-10 employees
5034592,Center for Social Dynamics,4.0,CA,US,Alameda,201-500 employees
5038190,LufCo,1.0,MD,US,Havre de Grace,1-10 employees
5040587,Woodsville Guaranty Savings Bank,2.0,NH,US,Woodsville,11-50 employees
5055637,New Acquisitions,2.0,Georgia,US,Atlanta,11-50 employees
5059324,The Procopio Companies,1.0,Massachusetts,US,Middleton,1-10 employees
5061336,Tremco Commercial Sealants & Waterproofing,4.0,Ohio,US,Beachwood,201-500 employees
5061855,Comprehensive Care Services,4.0,Michigan,US,Plymouth,201-500 employees
5062412,AdvantageCare Physicians,5.0,NY,US,New York,501-1000 employees
5064123,Hartford HealthCare,7.0,Connecticut,US,Hartford,5001-10000 employees
5067678,VASS LATAM,5.0,Unknown,CO,Bogotá D.C.,501-1000 employees
5081590,GT Global Talent,1.0,Madrid,ES,Madrid,1-10 employees
5084329,CARTO,2.0,New York,US,New York,11-50 employees
5085662,Gap Power Rental,1.0,Unknown,0,0,1-10 employees
5090924,Aegis Protective Services,3.0,OH,US,Cincinnati,51-200 employees
5094510,America Needs You,1.0,New York,US,New York,1-10 employees
5095714,Sante Group Companies,3.0,MD,US,Silver Spring,51-200 employees
5100383,Grey Matter Recruitment,1.0,Central London ,GB,London,1-10 employees
5100724,Chain IQ Group AG,4.0,Zug,CH,Baar,201-500 employees
5103135,Èccolo,1.0,New York,US,Brooklyn,1-10 employees
5131340,emnify,2.0,Berlin,DE,Berlin,11-50 employees
5171302,Pinnacle Branding,1.0,NC,US,Wilmington,1-10 employees
5196975,Masters Speciality Pharma,2.0,Herts,GB,Elstree,11-50 employees
5214874,High Environmental Health & Safety Consulting Ltd.,,PA,US,Lancaster,Unknown
5215734,Woden,1.0,PA,US,Philadelphia,1-10 employees
5229910,Fort Point LLC,1.0,Unknown,0,0,1-10 employees
5233302,Zwift,4.0,CA,US,0,201-500 employees
5234457,Hamilton Barnes 🌳,2.0,London,GB,London,11-50 employees
5236573,Unicon Pharma Inc,2.0,New Jersey,US,South Plainfield,11-50 employees
5236983,Coded by Kids,1.0,Pennsylvania,US,Philadelphia,1-10 employees
5242206,SouthState Bank,5.0,Florida,US,Winter Haven,501-1000 employees
5243263,"Aledade, Inc.",5.0,Maryland,US,Bethesda,501-1000 employees
5247803,"Shirley Parsons, North America",2.0,Massachusetts,US,Boston,11-50 employees
5258121,Slate Asset Management,2.0,Ontario,CA,Toronto,11-50 employees
5258388,Craft,,England,GB,Manchester,Unknown
5260930,SourceNow,2.0,Florida,US,Boca Raton,11-50 employees
5262441,IT Minds LLC,2.0,California,US,Irvine,11-50 employees
5266489,SmileDirectClub,5.0,TN,US,Nashville,501-1000 employees
5301913,Nakupuna Companies,4.0,HI,US,Honolulu,201-500 employees
5301939,Baccarat Hotel & Residences,5.0,Unknown,US,New York,501-1000 employees
5301959,1 Hotels,5.0,Florida,US,Miami,501-1000 employees
5310955,Curate Partners,2.0,Massachusetts,US,Woburn,11-50 employees
5313382,Gallaghers Steakhouse,,Unknown,0,0,Unknown
5323150,University Recruiters,2.0,MD,US,Fulton,11-50 employees
5323389,Hamberger White Accountants & Consultants,,Pennsylvania,US,York,Unknown
5334810,Envision Health,1.0,MICHIGAN,US,Bloomfield Hills,1-10 employees
5336314,"Fluid Cooling Systems, LLC.",1.0,Michigan,US,Burton,1-10 employees
5347434,Little Words Project,1.0,New Jersey,US,Moutainside,1-10 employees
5352294,Raas Infotek,3.0,Delaware,US,Newark,51-200 employees
5352880,Finsight Group Inc (FINSIGHT),2.0,Unknown,US,New York,11-50 employees
5354823,Oculus Search Partners LLC,,MA,US,Lexington,Unknown
5376471,Restaurant Zone Recruiting,1.0,Nevada,US,Las Vegas,1-10 employees
5384095,DL1961 Premium Denim,1.0,New York,US,New York,1-10 employees
5386170,Empower,7.0,CO,US,Greenwood Village,5001-10000 employees
5389219,Acadia Center,1.0,ME,US,Rockport,1-10 employees
5396873,hackajob,2.0,Unknown,GB,London,11-50 employees
5499736,Dalton Ag Products Inc,,Iowa,US,Lenox,Unknown
5508849,Folk Williams Financial Management,,CA,US,Los Angeles,Unknown
5536521,eighteentwentysix ,1.0,California,US,North Hollywood,1-10 employees
5581198,West Anaheim Medical Center,3.0,California,US,Anaheim,51-200 employees
5719434,Bevier Engineering,,California,US,Gold River,Unknown
5785700,Bonterra Organic Estates,3.0,CA,US,Hopland,51-200 employees
5872503,Keeley Construction Group,4.0,MO,US,St. Louis,201-500 employees
5946486,ASAP Freight Systems,1.0,Texas,US,Houston,1-10 employees
6028702,Guardian Healthstaff LLC,3.0,Unknown,US,United States,51-200 employees
6059153,North Vista Hospital,4.0,Nevada,US,North Las Vegas,201-500 employees
6060518,Galliford Try,5.0,Middlesex,GB,Uxbridge,501-1000 employees
6062532,CHRISTUS St Frances Cabrini,7.0,Louisiana,US,Alexandria,5001-10000 employees
6103794,Pacific Coast Companies Inc,2.0,CA,US,Rancho Cordova,11-50 employees
6117985,ExamWorks,6.0,GA,US,Atlanta,1001-5000 employees
6148675,Vashon Maury Island Land Trust,,Unknown,0,0,Unknown
6186466,Bally’s Corporation,7.0,Rhode Island,US,Providence,5001-10000 employees
6274163,DLH Fluid Power Inc.,1.0,CA,US,South El Monte,1-10 employees
6278073,Recovery Centers of America,5.0,Pennsylvania,US,King of Prussia,501-1000 employees
6290331,Vital Staffing ,2.0,Utah,US,Salt Lake City,11-50 employees
6367266,Shockwave Medical,5.0,California,US,Santa Clara,501-1000 employees
6369906,Beckett Financial Group,,South Carolina,US,West Columbia,Unknown
6376689,Naked Prosthetics,2.0,WA,US,Olympia,11-50 employees
6379951,Benjamin Douglas,,Florida,US,South Miami,Unknown
6381495,Wedgewood Weddings & Events,5.0,CA,US,Temecula,501-1000 employees
6382239,Vuesol Technologies Inc,2.0,GA,US,Alpharetta,11-50 employees
6389771,San Luis Valley Behavioral Health Group,2.0,Colorado,US,Alamosa,11-50 employees
6392689,BrightView,5.0,Ohio,US,Cincinnati,501-1000 employees
6396497,Coast Medical Service,3.0,California,US,Hermosa Beach,51-200 employees
6398401,Association of Universities for Research in Astronomy,5.0,District of Columbia,US,Washington,501-1000 employees
6402014,"BOXFOX, Inc.",1.0,California,US,Los Angeles,1-10 employees
6405924,IT Motives,,Oregon,US,Portland,Unknown
6411544,Dermatology Recruiters®,2.0,FL,US,Port Saint Lucie,11-50 employees
6424460,Sentry (sentry.io),3.0,California,US,San Francisco,51-200 employees
6433967,"Southeastern Metals Mfg. Co., Inc.",,Unknown,0,0,Unknown
6441846,Vive Health,2.0,FL,US,Naples,11-50 employees
6442470,"Ingles Markets, Inc.",7.0,NC,US,Black Mountain,5001-10000 employees
6445786,Whisker Labs,1.0,MD,US,Germantown,1-10 employees
6449530,Lettieri & Co.,1.0,CA,US,Brisbane,1-10 employees
6449564,Landsea Homes,3.0,Texas,US,Dallas,51-200 employees
6450492,Luxer One,2.0,California,US,Sacramento,11-50 employees
6453451,"Placement By Design, Inc.",,TX,US,Fort Worth,Unknown
6455591,Cloud and Things,2.0,New York,US,Troy,11-50 employees
6457945,Sushi Confidential,1.0,CA,US,Campbell,1-10 employees
6458462,PayOli Solar,1.0,FL,US,Miami,1-10 employees
6459955,Talent Acquisitions Group Inc - Executive Search Firm,1.0,Illinois,US,Chicago,1-10 employees
6464060,"Ursus, Inc. ",2.0,Unknown,US,San Franciso Bay Area,11-50 employees
6470711,"EPC STAFF Acquisition and Development, LLC",,Nevada,US,Las Vegas,Unknown
6472500,Amerock Hardware,3.0,North Carolina,US,Huntersville,51-200 employees
6503570,MCV Foundation,1.0,Virginia,US,Richmond,1-10 employees
6533604,Dup15q Alliance,,IL,US,Highland Park,Unknown
6547149,Newport Healthcare,5.0,Unknown,US,0,501-1000 employees
6561434,YWCA RHODE ISLAND,1.0,RI,US,Woonsocket,1-10 employees
6575553,ByteDance,7.0,China,CN,China,5001-10000 employees
6575603,Calculated Hire,2.0,IN,US,Indianapolis,11-50 employees
6575960,Pocketbook Agency,1.0,California,US,West Hollywood,1-10 employees
6577635,Cruise,5.0,California,US,San Francisco,501-1000 employees
6583007,FlowWest,1.0,CA,US,Oakland,1-10 employees
6587396,"Redaptive, Inc",3.0,CO,US,Denver,51-200 employees
6587671,"Broad Shoulders Management, Inc.",1.0,IL,US,Chicago,1-10 employees
6591301,"PDS Management Services, LLC",3.0,NY,US,Suffern,51-200 employees
6591488,Teledyne Marine,5.0,Florida,US,Daytona Beach,501-1000 employees
6592912,Pursuit,2.0,Texas,US,Dallas,11-50 employees
6600327,Olympic Sports & Spine,3.0,Washington,US,Tacoma,51-200 employees
6600658,S2G Ventures,1.0,Illinois,US,Chicago,1-10 employees
6602097,"Service Global, Inc.",5.0,CA,US,Fremont,501-1000 employees
6615723,Business Integra Inc,4.0,Maryland,US,Bethesda,201-500 employees
6617371,Tran Singh LLP,,Texas,US,Houston,Unknown
6617639,ESP Personnel,3.0,CA,US,Thousand Palms,51-200 employees
6618000,Hansen Talent Group (HTG),1.0,South Carolina,US,Columbia,1-10 employees
6627430,"McMillan IT Engineering - Fresno, CA",1.0,CA,US,Fresno,1-10 employees
6627808,"Fumari, INC",1.0,CA,US,San Diego,1-10 employees
6631661,Hunter International Recruiting,3.0,Ohio,US,Avon,51-200 employees
6636388,Expert Dojo,1.0,CA,US,Santa Monica,1-10 employees
6638223,TechTriad,3.0,New York,US,White Plains,51-200 employees
6639977,IOWN Renewable Energy Inc.,1.0,California,US,La Jolla,1-10 employees
6641761,Ceramic Pro,3.0,California,US,San Diego,51-200 employees
6643679,Lead Health,2.0,California,US,Los Angeles,11-50 employees
6645155,"Foresight Planning & Engineering Services, LLC",1.0,TX,US,Austin,1-10 employees
6646428,TalentZök,2.0,CA,US,San Diego,11-50 employees
6647752,True North Social,1.0,California,US,Culver City,1-10 employees
6648075,Eastward Partners Inc.,1.0,NY,US,New York,1-10 employees
6654288,FullStack Labs,4.0,California,US,Granite Bay,201-500 employees
6675725,Wise Medical,3.0,Ohio,US,Chillicothe,51-200 employees
6732937,HCA Florida Poinciana Hospital​,7.0,Florida,US,Poinciana,5001-10000 employees
6782778,Kelly Services,,Unknown,MX,Centro Delegacional 6,Unknown
6791218,HuMetis Technologies Inc.,2.0,New Jersey,US,New Jersey,11-50 employees
6793658,iLocatum,,CA,US,San Diego,Unknown
6842116,Dolan Law Group PC,,Unknown,US,0,Unknown
6870363,Wentzville School District,5.0,Unknown,US,0,501-1000 employees
6891304,Parkridge East Hospital,3.0,TN,US,Chattanooga,51-200 employees
6953029,Theracare Pediatric Services,3.0,Arizona,US,Phoenix ,51-200 employees
6978821,Black Rifle Coffee Company,4.0,UT,US,Salt Lake City,201-500 employees
6994834,FORVIS,6.0,Unknown,US,US,1001-5000 employees
7003330,Perham Health,4.0,MN,US,Perham,201-500 employees
7012604,Exaways Corporation,1.0,California,US,Fremont,1-10 employees
7032083,Galaxy i technologies Inc,2.0,Arizona,US,Scottsdale,11-50 employees
7042786,Mohawk Valley Health System,5.0,New York,US,Utica,501-1000 employees
7083767,Santa Fe Recovery Center,2.0,NM,US,Santa Fe,11-50 employees
7099708,"Team Builders Recruiting and Consulting, LLC",,Texas,US,The Woodlands,Unknown
7119929,D6 Inc.,3.0,Texas,US,Sulphur Springs,51-200 employees
7122557,HealthCore Clinic ,2.0,KS,US,Wichita,11-50 employees
7139223,IronShore Contracting,2.0,Maryland,US,Baltimore,11-50 employees
7147770,Bowling Green Independent Schools,,KY,US,Bowling Green,Unknown
7152617,Todd Miner Law,1.0,Florida,US,Orlando,1-10 employees
7288391,Defense Company,,Unknown,US,0,Unknown
7291754,Glorvigen | Tierney | & Co,1.0,MN,US,Grand Rapids,1-10 employees
7295562,"Dietz, Gilmor & Chazen",2.0,CA,US,San Diego,11-50 employees
7307355,Itineris Inc.,2.0,Maryland,US,Baltimore,11-50 employees
7307421,Masterbilt Incorporated,2.0,Indiana,US,South Bend,11-50 employees
7586104,HiBob,4.0,Unknown,US,New York,201-500 employees
7586408,Enfec,2.0,WA,US,Redmond,11-50 employees
7587252,"Edgewater Federal Solutions, Inc.",4.0,Maryland,US,Frederick,201-500 employees
7587304,Upside,3.0,District of Columbia,US,Washington,51-200 employees
7587370,GrayWolf,5.0,Kentucky,US,Owensboro,501-1000 employees
7587729,Ironclad,4.0,California,US,San Francisco,201-500 employees
7590279,Hygge Coworking,,North Carolina,US,Charlotte,Unknown
7595534,"Atticus, LLC",2.0,NC,US,Cary,11-50 employees
7597308,Zoox,5.0,California,US,Foster City,501-1000 employees
7600286,"Clover Consulting, Inc.",2.0,Unknown,0,0,11-50 employees
7600398,EROS Technologies Inc,3.0,DE,US,Lewes,51-200 employees
7602005,InstantServe LLC,2.0,Pennsylvania,US,Wayne,11-50 employees
7602352,BitBranding,1.0,Texas ,US,Allen,1-10 employees
7602863,Zipline,4.0,CA,US,San Francisco,201-500 employees
7603371,Vaxcyte,2.0,California,US,San Carlos,11-50 employees
7788794,Green Thumb Industries (GTI),5.0,Illinois,US,Chicago,501-1000 employees
7791736,HIC Global Solutions ,2.0,Wisconsin,US,Milwaukee,11-50 employees
7794161,Opusing LLC,5.0,MA,US,Boston,501-1000 employees
7796921,Modulus,,MT,US,Bozeman,Unknown
7803233,Blackstone Talent Group,2.0,California,US,Burlingame,11-50 employees
7883050,NITYA Software Solutions Inc,2.0,Unknown,US,Fremont CA,11-50 employees
7893064,NewAgeSys Solutions,2.0,Kerala,IN,Kochi,11-50 employees
7932726,OneMain Financial,7.0,Unknown,US,0,5001-10000 employees
7934671,LeadStack Inc.,2.0,CA,US,South San Francisco,11-50 employees
7941225,Swift Strategic Solutions Inc,2.0,CA,US,Irvine,11-50 employees
7941826,REDLEO SOFTWARE INC.,2.0,Delaware,US,Wilmington,11-50 employees
7942528,"Law Offices of Perona, Langer, Beck, Serbin, Harrison",2.0,California,US,Long Beach,11-50 employees
7946947,Explorer Development Center,1.0,CA,US,Carlsbad,1-10 employees
7947803,Juniper Square,3.0,California,US,San Francisco,51-200 employees
7950773,La-Z-Boy | Lebco Industries,3.0,Texas,US,Dallas,51-200 employees
7952957,"Medical Review Institute of America, LLC",3.0,Utah,US,Salt Lake City,51-200 employees
7956302,Second Order Effects,2.0,California,US,El Segundo,11-50 employees
7962426,Intellibee Inc,1.0,Michigan,US,southfield,1-10 employees
7962472,Henry's House Of Coffee,1.0,CA,US,San Francisco,1-10 employees
7962583,Synapsis Inc.,3.0,Illinois,US,Springfield,51-200 employees
7962985,Veryable,2.0,Texas,US,Dallas,11-50 employees
7970989,AstraWorks,4.0,Missouri,US,Kansas City,201-500 employees
7972561,Karius,2.0,CA,US,Redwood City,11-50 employees
7973087,TEK Inspirations LLC,3.0,TX,US,Frisco,51-200 employees
7990298,"Supplier Management Solutions (SMS), a TRIGO Company",5.0,California,US,Carlsbad,501-1000 employees
8014996,Keoke LLC,,Oregon,US,Philomath,Unknown
8047188,Empower Professionals Inc,3.0,New Jersey,US,Somerset,51-200 employees
8054664,Esys The Energy Control Company,2.0,CA,US,Bakersfield,11-50 employees
8151492,"Turnkey Processing Solutions, LLC",3.0,Tennessee,US,Franklin,51-200 employees
8167270,"Douglas Electrical Components, Inc.",2.0,NJ,US,Randolph,11-50 employees
8230919,Natron Energy,2.0,California,US,Santa Clara,11-50 employees
8239496,Wabtec Corporation,7.0,Pennsylvania,US,Pittsburgh,5001-10000 employees
8308965,Creed Mortgage LLC - NMLS 2057608,,Florida,US,Lehigh Acres,Unknown
8337578,Cormedix Inc.,1.0,New Jersey,US,Berkeley Heights,1-10 employees
8463119,Innovative Renal Care,5.0,Tennessee,US,Franklin,501-1000 employees
8479403,Spotsylvania Regional Medical Center,4.0,Virginia,US,Fredericksburg,201-500 employees
8520024,Sara Campbell,2.0,MA,US,Boston,11-50 employees
8619466,River Garden Senior Services - River Garden Hebrew Home For The Aged,3.0,Florida,US,Jacksonville,51-200 employees
8642055,Thomas R. Kline School of Law of Duquesne University,3.0,PA,US,Pittsburgh,51-200 employees
8825493,Somic America Inc.,3.0,Virginia,US,Wytheville,51-200 employees
8861597,Prime Lumber Company,1.0,North Carolina,US,Thomasville,1-10 employees
8948083,Desert Valley Hospital & Medical Group,3.0,CA,US,Victorville,51-200 employees
8993296,"Park DuValle Community Health Center, Inc.",2.0,Kentucky,US,Louisville,11-50 employees
9035196,Liberty Point Behavioral Healthcare,2.0,VA,US,Staunton,11-50 employees
9104115,A R Sandri Inc,1.0,New Hampshire,US,Lebanon,1-10 employees
9177279,Advantia Health,4.0,Virginia,US,Arlington,201-500 employees
9180398,Life Enriching Communities,4.0,Ohio,US,Loveland,201-500 employees
9185109,Human Capital Ventures,,Michigan,GB,Troy,Unknown
9185958,ATTN:,2.0,CA,US,Los Angeles,11-50 employees
9187114,PURVIEW,5.0,Scotland,GB,Edinburgh,501-1000 employees
9190490,Wright Construction Company Inc.,2.0,TN,US,Collierville,11-50 employees
9190691,Diati Staffing,1.0,NJ,US,Cherry Hill,1-10 employees
9195529,TechIntelli Solutions,3.0,Texas,US,Irving,51-200 employees
9201883,The Jonus Group,2.0,Pennsylvania,US,Wayne,11-50 employees
9210946,ACV Auctions,5.0,New York,US,Buffalo,501-1000 employees
9211944,E-IT,2.0,Michigan,US,Livonia,11-50 employees
9212834,Digital Gaming Corporation,2.0,Hertfordshire,GB,Elstree,11-50 employees
9216906,Ankura,5.0,NY,US,New York,501-1000 employees
9217002,Chase Properties Ltd.,1.0,OH,US,Beachwood,1-10 employees
9219414,Elite Health Partners,2.0,Colorado,US,Longmont,11-50 employees
9223341,Planet Healthcare,2.0,Ohio,US,Westlake,11-50 employees
9225358,Medical City Healthcare,7.0,Texas,US,Dallas,5001-10000 employees
9236263,Magna Search Group,1.0,BC,CA,Vancouver,1-10 employees
9238932,Lifeguard Press,2.0,KY,US,Bowling Green,11-50 employees
9251256,EquipmentShare,5.0,Missouri,US,Columbia,501-1000 employees
9260752,Titus Talent Strategies,2.0,Wisconsin,US,Milwaukee,11-50 employees
9268609,Riithink Digital Marketing,1.0,NC,US,Chapel Hill,1-10 employees
9282983,Leadership Memphis,1.0,Tennessee,US,Memphis,1-10 employees
9286450,UF Health,7.0,FL,US,Gainesville,5001-10000 employees
9296626,"MillerBlowers, Inc.",,FL,US,Tampa,Unknown
9302284,Vorto,3.0,Colorado,US,Denver,51-200 employees
9308035,Crossover ,5.0,TX,US,Austin,501-1000 employees
9314363,Concrete Pump Partners LLC,3.0,Tennessee,US,Nashville,51-200 employees
9316780,"The ART, a hotel Denver",3.0,CO,US,Denver,51-200 employees
9319707,Beyond Menu,1.0,Georgia,US,Atlanta,1-10 employees
9322302,Radiant Plumbing & Air Conditioning,2.0,Texas,US,Austin,11-50 employees
9325840,EG Life Sciences,3.0,Massachusetts,US,Reading,51-200 employees
9328925,PriceSenz,1.0,Texas,US,Irving,1-10 employees
9334721,Performance Health,5.0,Illinois,US,Warrenville,501-1000 employees
9339049,Charlotte Tilbury Beauty,4.0,Strand,GB,London,201-500 employees
9343190,"Investment Real Estate, LLC",1.0,Pennsylvania,US,York,1-10 employees
9361151,Flexicrew Technical Services,1.0,LA,US,Metairie,1-10 employees
9365938,South32,7.0,Western Australia,AU,Perth,5001-10000 employees
9371344,Masis Staffing Solutions,2.0,MA,US,Worcester,11-50 employees
9392485,The Chemours Company,6.0,DE,US,Wilmington,1001-5000 employees
9401140,HCA Houston Healthcare,7.0,TX,US,Houston,5001-10000 employees
9414302,"Progyny, Inc.",3.0,New York,US,new york,51-200 employees
9415689,PACE Southeast Michigan,4.0,Michigan,US,Southfield,201-500 employees
9423452,"Big Brothers Big Sisters of Central Mass & Metrowest, Inc.",1.0,MA,US,Worcester,1-10 employees
9428125,SoftSages Technology,3.0,PA,US,Malvern,51-200 employees
9438134,John Hughes Company,,NC,US,Raleigh,Unknown
9454649,"Radians, Inc.",3.0,TN,US,Memphis,51-200 employees
9460096,Hendrick Health,5.0,Texas,US,Abilene,501-1000 employees
9472599,Guideline Healthcare,2.0,Colorado,US,Boulder,11-50 employees
9479776,"Spectrum Health Services, Inc.",2.0,Pennsylvania,US,Philadelphia,11-50 employees
9487217,Enterprise Center,2.0,MO,US,St. Louis,11-50 employees
9488625,CSuite Financial Partners,1.0,California,US,Manhattan Beach,1-10 employees
9496791,Integrative Emergency Services,3.0,TX,US,Dallas,51-200 employees
9498255,"John G. Ullman & Associates, Inc.",2.0,New York,US,Horseheads,11-50 employees
9498845,Cerapedics Inc.,2.0,CO,US,Westminster,11-50 employees
9499963,Nazelrod & Associates,,MD,US,Towson,Unknown
9502542,GENTLE MONSTER,4.0,Unknown,0,0,201-500 employees
9527703,Carlisle,6.0,Tennessee,US,Memphis,1001-5000 employees
9564701,J. Ambrogi Foods,3.0,NJ,US,West Deptford,51-200 employees
9599126,"University Gastroenterology, LLC",2.0,Rhode Island,US,Providence,11-50 employees
9609634,DAHLAK,,Texas,US,PLANO,Unknown
9671432,PACCAR Financial Corp.,3.0,Washington,US,Bellevue,51-200 employees
9682879,"Endo Technologies, LLC",1.0,Tennessee,US,Smyrna,1-10 employees
9714055,"URBN (Urban Outfitters, Anthropologie Group, Free People & Nuuly)",7.0,Pennsylvania,US,Philadelphia,5001-10000 employees
9730586,Printful,5.0,NC,US,Charlotte,501-1000 employees
9762263,"Optima Energy, Inc",2.0,California,US,Artesia,11-50 employees
9764145,Star View Adolescent Center,2.0,CA,US,Torrance,11-50 employees
9776895,Shaker Historical Society,,OH,US,Shaker Heights,Unknown
9817526,Hiossen,4.0,New Jersey,US,Englewood Cliffs,201-500 employees
9848517,Quantitative Systems,,NY,US,New York,Unknown
9889773,"LaFata Contract Services, LLC",3.0,Pennsylvania,US,King of Prussia,51-200 employees
9901130,Sumeru Inc,4.0,District of Columbia,US,Washington,201-500 employees
9999119,Largeton Inc,2.0,VA,US,Herndon,11-50 employees
10003261,WhistlePig Whiskey,2.0,Vermont,US,Shoreham,11-50 employees
10005158,GRAMMER Americas,2.0,OH,US,Toledo,11-50 employees
10016224,Optiv,5.0,Colorado,US,Denver,501-1000 employees
10017534,The Specialty Company,1.0,Mississippi,US,Ridgeland,1-10 employees
10035810,WestRock Company,7.0,Georgia,US,Atlanta,5001-10000 employees
10046361,"HandledNow, LLC",2.0,IN,US,Indianapolis,11-50 employees
10046521,The PHOENIX Health Search Group,,Unknown,0,0,Unknown
10047989,Yanfeng,7.0,Unknown,CN,Shanghai ,5001-10000 employees
10055939,hear.com,4.0,FL,US,Coral Gables,201-500 employees
10064814,Clarifai,2.0,Delaware,US,Wilmington,11-50 employees
10069048,Inhospital Physicians,2.0,Pennsylvania,US,East Norriton Township,11-50 employees
10071781,"Omniskope, Inc",1.0,Missouri,US,St Louis,1-10 employees
10072541,Hercules Incorporated,2.0,Alabama,US,Eclectic,11-50 employees
10073356,AptAmigo,2.0,Illinois,US,Chicago,11-50 employees
10075319,"Infinity, Stamford Technology Solutions",3.0,CT,US,Stamford,51-200 employees
10076831,Lotus Engineering and Sustainability,1.0,CO,US,Denver,1-10 employees
10083641,Sourceability,3.0,FL,US,Doral,51-200 employees
10089202,InnovaCare Health,5.0,Florida,US,Orlando,501-1000 employees
10093812,Tandigm Health,2.0,PA,US,West Conshohocken,11-50 employees
10096293,American PCS Inc.,,IA,US,Council Bluffs,Unknown
10110776,DECA Dental Group,5.0,TX,US,Dallas,501-1000 employees
10112277,Hire For Success @ CCA Global Partners,2.0,Unknown,0,0,11-50 employees
10117934,Nexus Business Solutions Group,3.0,Bucks,GB,Milton Keynes,51-200 employees
10123767,Anna Lucia Events,,FL,US,Tampa,Unknown
10126224,Buffington Homes of Arkansas,1.0,Arkansas,US,Fayetteville,1-10 employees
10126963,Planet Technology,5.0,MA,US,Bedford,501-1000 employees
10130073,Offerpad,4.0,Arizona,US,Chandler,201-500 employees
10140364,R2 Global,1.0,California,US,San Francisco,1-10 employees
10148940,MISSION BBQ,5.0,MD,US,Glen Burnie,501-1000 employees
10149011,"Niantic, Inc.",4.0,CA,US,San Francisco,201-500 employees
10150959,The Carvonis Group,1.0,Florida,US,Miami,1-10 employees
10153008,"MEKRA Lang North America, LLC",3.0,South Carolina,US,Ridgeway,51-200 employees
10154666,St. Elizabeth’s Medical Center,4.0,MA,US,Brighton,201-500 employees
10155606,Canvas Worldwide,3.0,CA,US,Los Angeles,51-200 employees
10155672,Associated Recreation Council,3.0,Washington,US,Seattle,51-200 employees
10165687,Aspire Software,2.0,Missouri,US,Chesterfield,11-50 employees
10169823,Winmo,2.0,GA,US,Atlanta,11-50 employees
10180967,Queen Consulting Group,3.0,MA,US,Boston,51-200 employees
10180986,HNI Workplace Furnishings,6.0,Iowa,US,Muscatine,1001-5000 employees
10213494,Linde Engineering,7.0,Unknown,DE,Pullach im Isartal,5001-10000 employees
10223966,Wealthstream Advisors Inc.,1.0,NY,US,New York,1-10 employees
10225730,Landry's Seafood,7.0,Texas,US,Houston,5001-10000 employees
10226155,Mastro's Restaurants,7.0,Texas,US,Houston,5001-10000 employees
10229031,RMS Beauty,1.0,SC,US,Charleston,1-10 employees
10229802,Ohio Department of Public Safety,5.0,Ohio,US,Columbus,501-1000 employees
10236817,Allspring Global Investments,5.0,NC,US,Charlotte,501-1000 employees
10239155,The Good Food Institute,2.0,DC,US,Washington,11-50 employees
10247020,CONFLUX SYSTEMS,2.0,Georgia,US,Alpharetta,11-50 employees
10252405,"VoidForm Products, LLC",2.0,Colorado,US,Englewood,11-50 employees
10260832,Sim&Cure,2.0,Occitanie,FR,Montpellier,11-50 employees
10267289,"Taurean Consulting Group, Inc",,Nevada,US,Las Vegas,Unknown
10279209,Merative,5.0,MI,US,Ann Arbor,501-1000 employees
10279563,Costa Fruit & Produce,2.0,Massachusetts,US,Boston,11-50 employees
10279761,GE Renewable Energy,7.0,Ile-de-France,FR,Boulogne-Billancourt,5001-10000 employees
10282659,Grey State Apparel,1.0,Unknown,US,New York,1-10 employees
10287094,Design Force Marketing,1.0,MI,US,Grand Haven,1-10 employees
10299747,Select Recruiting Group,1.0,Maryland,US,Gaithersburg,1-10 employees
10309372,"Stellar Consulting Solutions, LLC",3.0,Georgia,US,Alpharetta,51-200 employees
10324456,KAPITAL,1.0,Pennsylvania,US,Yardley,1-10 employees
10324459,Lenora Systems Inc,4.0,Washington,US,Redmond,201-500 employees
10329666,"FROM, The Digital Transformation Agency",2.0,NY,US,New York,11-50 employees
10331781,English Meadows Senior Living,4.0,Virginia,US,Elliston,201-500 employees
10341654,ProAmpac,6.0,Ohio,US,Cincinnati,1001-5000 employees
10346153,Uniper,7.0,NRW,DE,Düsseldorf,5001-10000 employees
10346400,Career Movement,1.0,CA,US,El Segundo,1-10 employees
10357467,Springboard,2.0,California,US,San Francisco,11-50 employees
10358016,"QuVa Pharma, Inc.",4.0,Texas,US,Sugar Land,201-500 employees
10366520,SiteOne Landscape Supply,5.0,GA,US,Roswell,501-1000 employees
10378892,Fortive,7.0,Washington,US,Everett,5001-10000 employees
10399839,GRAIL,4.0,CA,US,Menlo Park,201-500 employees
10407220,forceMAJEURE Design,1.0,NY,US,Brooklyn,1-10 employees
10407976,Piper Maddox,1.0,Unknown,GB,London,1-10 employees
10408914,Purple,5.0,Utah,US,Lehi,501-1000 employees
10409601,"Castlerock Asset Management, LLC.",3.0,TN,US,Nashville,51-200 employees
10412396,Chemsearch FE,5.0,TX,US,Irving,501-1000 employees
10420321,The Mom Project,2.0,Illinois,US,Chicago,11-50 employees
10432667,KBX,4.0,WI,US,Green Bay,201-500 employees
10432834,Strukmyer Medical,2.0,Texas,US,Mesquite,11-50 employees
10439499,LevelUP,2.0,NY,US,New York,11-50 employees
10439738,KYOCERA Document Solutions Inc.,7.0,Osaka,JP,"Chuo-ku, Osaka",5001-10000 employees
10440912,"X, the moonshot factory",3.0,CA,US,Mountain View,51-200 employees
10442082,Healthmap Solutions,3.0,FL,US,Tampa,51-200 employees
10443336,Kinetic Brands,2.0,NY,US,New York,11-50 employees
10445287,Iceberg (Cyber Security),,London,GB,London,Unknown
10447496,InterEx Group,2.0,England,GB,London,11-50 employees
10462531,Thor Companies,2.0,England,GB,London,11-50 employees
10469647,Hirexa Solutions,3.0,Unknown,GB,"London, UK",51-200 employees
10472291,King Insurance Partners,3.0,FL,US,Gainesville,51-200 employees
10473285,Safe Harbor Marinas,5.0,Unknown,US,Dallas,501-1000 employees
10490165,BOLD,4.0,Unknown,PR,San Juan,201-500 employees
10496448,"Multi Media, LLC",2.0,CA,US,Lake Forest,11-50 employees
10500667,Bluestone Lane,4.0,Unknown,US,New York,201-500 employees
10500736,"All About Therapy, PLLC",,North Carolina,US,Apex,Unknown
10507585,MTA Maryland,5.0,Maryland,US,Baltimore,501-1000 employees
10514179,DocCafe,2.0,California,US,San Diego,11-50 employees
10515345,Satyam Venture Engineering Services,5.0,Telangana,IN,Hyderabad,501-1000 employees
10515650,Overwatch Imaging,1.0,Oregon,US,Hood River,1-10 employees
10525955,Stackline,3.0,Washington,US,Seattle,51-200 employees
10530485,Liberty's Promise,1.0,Virginia,US,Alexandria,1-10 employees
10545600,ektello,3.0,MI,US,Troy,51-200 employees
10561079,KOLOGIK,2.0,Louisiana,US,Baton Rouge,11-50 employees
10563478,Cape Reserve,1.0,Tennessee,US,Nashville,1-10 employees
10572272,Snapback Digital,1.0,New York,US,New York,1-10 employees
10577525,The CARIAN Group,2.0,New Jersey ,US,South Plainfield ,11-50 employees
10583513,Judge Direct Placement,5.0,Pennsylvania,US,West Chester,501-1000 employees
10589520,Pi Square Technologies,3.0,Michigan,US,Farmington hills,51-200 employees
10592265,Atlas Technica,3.0,New York,US,New York,51-200 employees
10592585,Ledgent Technology,4.0,CA,US,Orange,201-500 employees
10593599,TriSource,2.0,Maryland,US,Hanover,11-50 employees
10594856,Live! Hospitality & Entertainment,6.0,Maryland,US,Baltimore,1001-5000 employees
10599076,Soni,3.0,New York,US,New York,51-200 employees
10612451,"Cliecon Solutions, Inc.",2.0,New Jersey,US,Monroe Township,11-50 employees
10616113,ProKatchers LLC,4.0,GA,US,Suwanee,201-500 employees
10619522,Precision Medicine Group,5.0,Maryland,US,Bethesda,501-1000 employees
10621846,Hero Practice Services,5.0,Colorado,US,Colorado Springs,501-1000 employees
10632734,Bayside Emergency Physicians,1.0,FL,US,St. Petersburg,1-10 employees
10650177,The JPI Group,2.0,PA,US,Philadelphia,11-50 employees
10653666,RITWIK Infotech Inc,2.0,Michigan,US,Farmington,11-50 employees
10665641,BYREDO,3.0,Unknown,0,0,51-200 employees
10678820,Novia Corporation,1.0,New Hampshire,US,Salem,1-10 employees
10681428,IsoTalent,2.0,Utah,US,Lehi,11-50 employees
10682123,HYR Global Source Inc,2.0,Kansas,US,Overland Park,11-50 employees
10682189,ADSANTEC,1.0,CA,US,Torrance,1-10 employees
10682548,"Avidity Biosciences, Inc.",2.0,California,US,San Diego,11-50 employees
10692137,Annexon Biosciences,2.0,California,US,South San Francisco,11-50 employees
10695881,Maverick Technology Partners,1.0,MA,US,Bourne,1-10 employees
10696913,Allied Universal,7.0,CA,US,Irvine,5001-10000 employees
10727595,INFAMOUS PR,1.0,Unknown,0,0,1-10 employees
10779570,Jack's Abby Brewing Company,2.0,Massachusetts,US,FRAMINGHAM,11-50 employees
10789157,eJAmerica,3.0,California,US,Irvine,51-200 employees
10794364,Conduent,7.0,New Jersey,US,Florham Park,5001-10000 employees
10794395,SNI Banking,,Unknown,0,0,Unknown
10795459,OneTrust,5.0,Georgia,US,Atlanta,501-1000 employees
10797668,Zelis,5.0, MA ,US,Boston,501-1000 employees
10799461,Indivior,4.0,VA,US,Richmond,201-500 employees
10799820,Transcend Solutions,1.0,Washington,US,Bellevue,1-10 employees
10801655,Publicis Sapient,7.0,Massachusetts,US,Boston,5001-10000 employees
10801746,"Solari, Inc.",4.0,Arizona,US,Tempe,201-500 employees
10831504,UK HealthCare,6.0,Kentucky,US,Lexington,1001-5000 employees
10833297,1 POINT SYSTEM LLC,2.0,NC,US,Pineville,11-50 employees
10837921,GHOST,2.0,Illinois,US,Chicago,11-50 employees
10841679,Avacend Inc,2.0,Unknown,0,0,11-50 employees
10853673,Peritus Inc,1.0,Texas,US,Irving,1-10 employees
10854663,Waste Recruiters,,Texas,US,Dallas,Unknown
10854676,Integer Holdings Corporation,7.0,Texas,US,Plano,5001-10000 employees
10855258,True Sky Federal Credit Union,2.0,Oklahoma,US,Oklahoma City,11-50 employees
10860178,Quisitive,4.0,Texas,US,Irving,201-500 employees
10862414,Arconic,7.0,Pennsylvania,US,Pittsburgh,5001-10000 employees
10877848,Trident Medical Center,5.0,SC,US,Charleston,501-1000 employees
10877849,Ahold Delhaize,7.0,Unknown,NL,1506 MA Zaandam,5001-10000 employees
10887287,Federal Student Aid an Office of the U.S. Department of Education,5.0,Washington D.C.,US,Washington D.C.,501-1000 employees
10889820,Department for Business and Trade,5.0,Unknown,GB,London,501-1000 employees
10891993,"DJM Ecological Services, Inc.",,Unknown,0,0,Unknown
10894709,Dandy,4.0,NY,US,New York,201-500 employees
10912583,Parker Gallini LLP,1.0,Massachusetts,US,Waltham,1-10 employees
10937173,StructureCare®,1.0,PA,US,Lancaster,1-10 employees
10952715,Aerosapien Technologies ™,2.0,Florida,US,Daytona Beach,11-50 employees
10995060,Elevate Digital,2.0,NC,US,Cornelius,11-50 employees
11000239,"More Than A Gym, Pediatric Therapy and Play Gym",1.0,Unknown,US,0,1-10 employees
11001662,LD&D,1.0,Florida,US,Miami,1-10 employees
11002014,Branch Civil,4.0,VA,US,Roanoke,201-500 employees
11013568,Advantasure,4.0,VA,US,Glen Allen,201-500 employees
11021041,"Innovative Refrigeration Systems, Inc.",3.0,VA,US,Lyndhurst,51-200 employees
11022681,Capital Health (US),5.0,New Jersey,US,Trenton,501-1000 employees
11028871,GoNetspeed,4.0,New York,US,Rochester,201-500 employees
11029079,Scismic,,MA,US,Cambridge,Unknown
11032952,"K.E. Seifert, Inc.",1.0,PA,US,Langhorne,1-10 employees
11033790,"Centurion Consulting Group, LLC",2.0,VA,US,Herndon,11-50 employees
11034338,"KPG Funds (""KPG""​)",1.0,NY,US,NYC,1-10 employees
11040795,SDG Group USA,5.0,New Jersey,US,Bedminster ,501-1000 employees
11050434,Construction Staffing,,Pennsylvania,US,Newtown,Unknown
11065927,NorthOne,2.0,New York,US,New York,11-50 employees
11068234,The Satanoff Agency,1.0,Pennsylvania,US,Wayne,1-10 employees
11088832,Eklego Workforce Solutions,1.0,New York,US,Rochester,1-10 employees
11108120,Take 5 Car Wash,5.0,North Carolina,US,Charlotte,501-1000 employees
11112565,Tampa Maid,3.0,FL,US,Lakeland,51-200 employees
11127690,Pathways,6.0,Virginia,US,Fredericksburg,1001-5000 employees
11130470,OpenAI,3.0,CA,US,San Francisco,51-200 employees
11133123,Emonics LLC,5.0,New Jersey,US,Piscataway,501-1000 employees
11135982,DHL Express,7.0,NRW,DE,Bonn,5001-10000 employees
11150218,Chantecaille Beauté,3.0,NY,US,New York,51-200 employees
11156585,Owl Cyber Defense,3.0,Maryland,US,Columbia,51-200 employees
11158118,"Primecare Home Care Services, Inc",3.0,Georgia,US,Milledgeville,51-200 employees
11169077,Turn2Partners,1.0,VA,US,Herndon,1-10 employees
11170816,Cube Hub Inc.,3.0,Illinois,US,Aurora,51-200 employees
11174522,Walmart Global Tech,7.0,CA,US,San Francisco Bay Area,5001-10000 employees
11175823,United States Marine Corps,7.0,DC,US,Washington,5001-10000 employees
11187415,Long Finch Technologies LLC,2.0,New Jersey,US,Edison,11-50 employees
11190179,Farmacy Beauty,2.0,Unknown,US,New York,11-50 employees
11204351,Compliance Group Inc,3.0,IL,US,Libertyville,51-200 employees
11208030,Dale WorkForce Solutions,1.0,NY,US,NEW YORK,1-10 employees
11210665,"Rubik, Inc.",1.0,NY,US,New York,1-10 employees
11213065,Project 2 Heal,,North Carolina,US,Waxhaw,Unknown
11230973,Komodo,2.0,England,GB,West End,11-50 employees
11231067,Whalen Search Group,,New Jersey,US,Mullica Hill,Unknown
11234188,Rhoback,1.0,Virginia,US,Charlottesville,1-10 employees
11243027,Openly,3.0,Massachusetts,US,Boston,51-200 employees
11243687,Intellyk Inc.,3.0,New Jersey,US,Piscataway,51-200 employees
11260586,"Heartland Water Technology, Inc.",1.0,MA ,US,Hudson ,1-10 employees
11266312,Johnstone Supply ,1.0,MO,US,Earth City ,1-10 employees
11266342,Trinity Health Of New England,7.0,CT,US,Hartford,5001-10000 employees
11286451,Novares Group,7.0,Île-de-France,FR,Vélizy-Villacoublay,5001-10000 employees
11286858,Wyze,3.0,WA,US,Kirkland,51-200 employees
11293991,"West 4th Strategy, LLC",2.0,Virginia,US,Springfield,11-50 employees
11294318,AcctPositions,2.0,NY,US,New York,11-50 employees
11301702,Eventeny,1.0,GA,US,Peachtree Corners,1-10 employees
11308812,Victra - Verizon Authorized Retailer,6.0,North Carolina,US,Raleigh,1001-5000 employees
11333215,PhyNet Dermatology LLC,4.0,TN,US,Nashville,201-500 employees
11334662,Ecoer,2.0,VA ,US,Dulles,11-50 employees
11354230,Pacer Staffing LLC,2.0,PA,US,Philadelphia,11-50 employees
11357247,Nurse First Travel Agency,2.0,North Carolina,US,Raleigh,11-50 employees
11365283,American Food Service Depot,1.0,PA,US,Philadelphia,1-10 employees
11368736,Gridiron IT,3.0,Virginia,US,Reston,51-200 employees
11396826,Smart Care,5.0,Minnesota,US,St Paul,501-1000 employees
11400117,Top Stack,1.0,Pennsylvania,US,Malvern,1-10 employees
11419009,TalentPlug LLC,1.0,Florida,US,Orlando,1-10 employees
11420022,The AZEK Company,5.0,Illinois,US,Chicago,501-1000 employees
11420962,Nutrien,7.0,Saskatchewan,CA,Saskatoon,5001-10000 employees
11459089,"Airtech Vacuum, Inc.",2.0,New Jersey,US,Rutherford,11-50 employees
11467712,"Agilant Solutions, Inc.",4.0,New York,US,Port Washington,201-500 employees
11468014,VONDOM NORTH AMERICA,1.0,FL,US,Miami,1-10 employees
11485547,TANGO2 Research Foundation,,Connecticut,US,Middletown,Unknown
11490204,NationsBenefits,5.0,FL,US,Plantation,501-1000 employees
11494547,X4 Technology,2.0,England,GB,Temple,11-50 employees
11498706,Custom Truck One Source,5.0,Missouri,US,Kansas City,501-1000 employees
11506900,SightSpectrum,4.0,Texas,US,Crowley,201-500 employees
11509964,TIAA Bank,5.0,Florida,US,Jacksonville,501-1000 employees
11518813,Novant Health Provider Recruitment ,7.0,North Carolina,US,Charlotte,5001-10000 employees
11536393,Hazley Builders,1.0,Pennsylvania,US,West Chester,1-10 employees
11537917,CMRG,1.0,NY,US,New York,1-10 employees
11544533,Creative Concrete,,North Dakota,US,Minot,Unknown
11551557,WolfCreek Consulting,,Florida,US,Coral Springs,Unknown
11553382,Material Bank®,3.0,FL,US,Miami,51-200 employees
11553420,Indotronix Avani Group,5.0,New York,US,Rochester,501-1000 employees
11554520,"ConnectMe Capital, llc",,Unknown,0,0,Unknown
11555494,The Next Step Behavioral Health,1.0,Tennessee,US,Knoxville,1-10 employees
11555975,OIC of America Inc.,1.0,Pennsylvania,US,Philadelphia,1-10 employees
11556290,Triad Growth Partners + AxNano,,North Carolina,US,Greensboro,Unknown
11682694,Alma,3.0,New York,US,Brooklyn,51-200 employees
11692984,Smart IT Frame LLC,3.0,New Jersey,US,Somerset,51-200 employees
11695727,Collins Aerospace,7.0,North Carolina,US,Charlotte,5001-10000 employees
11698835,Beam Therapeutics,4.0,Massachusetts,US,Cambridge,201-500 employees
11713929,Oldcastle Infrastructure,5.0,GA,US,Atlanta,501-1000 employees
11742196,The Sheridan Press,1.0,Wyoming,US,Sheridan,1-10 employees
11744913,Ironside,1.0,Florida,US,Vero Beach,1-10 employees
11752085,Valiant Integrated Services,6.0,Virginia,US,Herndon,1001-5000 employees
11754751,Army Futures Command,7.0,Texas,US,Austin,5001-10000 employees
11768999,Semper Fi Heating & Cooling LLC,1.0,Arizona,US,Mesa,1-10 employees
11770142,Halloran Sage,2.0,Connecticut,US,Hartford,11-50 employees
11775700,Mada,1.0,Unknown,US,New York,1-10 employees
11777418,Bank OZK,5.0,Arkansas,US,Little Rock,501-1000 employees
11787613,Advocate Aurora Health,7.0,Wisconsin,US,Milwaukee,5001-10000 employees
11788646,Frederick National Laboratory for Cancer Research,5.0,Maryland,US,Frederick,501-1000 employees
11792009,AdKings Agency,1.0,Singapore,SG,Singapore,1-10 employees
11822654,Chavez & Valko LLP,1.0,TX,US,Dallas,1-10 employees
11835990,AGM Tech Solutions - A WBENC and MBE Certified company that specializes in providing IT Staffing,2.0,New Jersey,US,Manalapan,11-50 employees
11842128,Federal Motor Carrier Safety Administration,6.0,District of Columbia,US,Washington,1001-5000 employees
11843767,Vimerse InfoTech Inc,1.0,Texas,US,Dallas,1-10 employees
11861673,United Therapy Solutions,1.0,New Jersey,US,Scotch Plains,1-10 employees
11864955,GOOSE Recruitment ,1.0,Hampshire,GB,Southampton,1-10 employees
11898860,Celebration Wishes,1.0,California,US,San Diego,1-10 employees
12166920,Michael Andrew,,Unknown,GB,North Yorkshire,Unknown
12178307,Relatable (Previously What Do You Meme?),2.0,New York,US,New York,11-50 employees
12178391,Brand Poets,1.0,Florida,US,Miami,1-10 employees
12595126,Catalyst Life Sciences,1.0,England,GB,London,1-10 employees
12601035,Paramount Capital Advisors,,Illinois,US,Chicago,Unknown
12605993,Mauser Packaging Solutions,7.0,Illinois,US,Oak Brook,5001-10000 employees
12606850,Prisma Health,7.0,South Carolina,US,Greenville,5001-10000 employees
12618960,Alldus,1.0,Dublin,IE,Dublin 7,1-10 employees
12651721,The Planet Group,5.0,Illinois,US,Deerfield,501-1000 employees
12672576,Tential Solutions,3.0,Maryland,US,Annapolis,51-200 employees
12904366,Iannarino Fullen Group,,AZ,US,Phoenix,Unknown
12906613,Sivaltech,2.0,CA,US,San Diego,11-50 employees
12908147,Hearth,2.0,Texas,US,Austin,11-50 employees
12951519,Provision People,1.0,CA,US,Solana Beach,1-10 employees
12957244,Leeds Professional Resources,1.0,FL,US,Miami,1-10 employees
12977219,i4 Insurance Talent,1.0,Unknown,US,New York,1-10 employees
12984051,Serenity Healthcare,3.0,Utah,US,Lehi,51-200 employees
12988732,Quality Correctional Care,3.0,In,US,Carmel,51-200 employees
12991466,TOPSYS IT,2.0,Georgia,US,Alpharetta,11-50 employees
13009799,Wings of Refuge,1.0,Iowa,US,Ames,1-10 employees
13027446,Rebel Builders,,MA,US,Jamaica Plain,Unknown
13030788,Headway,3.0,Unknown,US,New York,51-200 employees
13042204,"Network ESC A Division of Network Temps, Inc.",2.0,New York,US,NEW YORK,11-50 employees
13048091,Flowcode,2.0,New York,US,New York,11-50 employees
13051794,"Kenneth Freed & Company, PC",1.0,Massachusetts,US,Woburn,1-10 employees
13071054,South End Partners,,Ontario,CA,Toronto,Unknown
13179119,Austal USA,5.0,Alabama,US,Mobile,501-1000 employees
13186641,FA Talent - A FESCO Adecco Company,3.0,Huangpu,CN,Shanghai,51-200 employees
13202040,Superbeo,5.0,Pennsylvania,US,Malvern,501-1000 employees
13219455,Asgardia ,1.0,Vienna,AT,Vienna,1-10 employees
13229222,"Oreva Technologies, Inc.",2.0,Texas,US,Irving,11-50 employees
13242175,ALOIS Solutions,5.0,California,US,San Francisco,501-1000 employees
13242203,KJ Info LLC,1.0,New Jersey,US,Hoboken,1-10 employees
13260716,Snaphunt,1.0,Singapore,SG,Singapore,1-10 employees
13268908,Mobile Programming LLC,5.0,California,US,Los Angeles,501-1000 employees
13271269,Staffingine LLC,2.0,GA,US,Atlanta,11-50 employees
13274070,American Chase,2.0,Oregon,US,Portland,11-50 employees
13275448,Eximious,2.0,Gujarat,IN,Ahmedabad,11-50 employees
13301966,Dimiour,4.0,Unknown,US,"Atlanta, GA",201-500 employees
13305769,STCG Inc.,2.0,New Jersey,US,PARSIPPANY,11-50 employees
13316384,ETalentNetwork ,2.0,VA,US,Mclean ,11-50 employees
13328290,Laiba technology,2.0,Wyoming,US,Cheyenne,11-50 employees
13330079,Source Coders,1.0,California,US,Los Angeles,1-10 employees
13331595,Quantum World Technologies Inc.,3.0,California,US,Los Alamitos,51-200 employees
13332020,First Abu Dhabi Bank (FAB),5.0,Abu Dhabi,AE,Abu Dhabi,501-1000 employees
13332717,Alpha Silicon,2.0,California,US,Santa Clara,11-50 employees
13341041,HiLabs,2.0,Maryland,US,Bethesda,11-50 employees
13345578,Centraprise,4.0,NJ,US,Edison ,201-500 employees
13365439,RecruitInflux,2.0,Uttar Pradesh,IN,Noida,11-50 employees
13391879,PSRTEK,5.0,New Jersey,US,Princeton,501-1000 employees
13421086,Headfone,1.0,Karnataka,IN,Bangalore,1-10 employees
13423341,Ampstek,5.0,NJ,US,Princeton,501-1000 employees
13473849,S2S SOFT LLC,,CA,US,Dublin,Unknown
13617646,Sign-IN Solutions INC,1.0,Illinois,US,Oak Brook,1-10 employees
13637042,USCTEK,2.0,Maryland,US,Leonardtown,11-50 employees
13643656,MIT Alumni Association,2.0,Massachusetts,US,Cambridge,11-50 employees
13646464,"SEUIC Technologies Co., Ltd. ",4.0,Jiangsu,CN,Nanjing,201-500 employees
13672385,"Aptino, Inc.",2.0,Texas,US,Irving,11-50 employees
13705949,Ace Technologies,2.0,California,US,San Jose,11-50 employees
13713353,Green PharmaTek,2.0,New Jersey,US,Edison,11-50 employees
13714336,Programmers.io,4.0,TX,US,Dallas,201-500 employees
13744932,Prime Consulting Inc,1.0,WA,US,Tacoma,1-10 employees
13994355,Freedman Law P.C.,,Indiana,US,Fishers,Unknown
13998142,Zero Impact Solutions,1.0,CA,US,Costa Mesa,1-10 employees
14015698,Hamptons Aristocrat,1.0,New York,US,Westhampton Beach,1-10 employees
14023910,Equitable Advisors,6.0,Unknown,0,0,1001-5000 employees
14030408,Omada Search,,North Carolina ,US,Charlotte,Unknown
14070878,Rinvio (Ignite Recruitment),2.0,California,US,Huntington Beach,11-50 employees
14373260,IT Ridge Technologies,2.0,Texas,US,Sugar Land,11-50 employees
14377562,Diamondpick,5.0,Tamil Nadu,IN,Chennai,501-1000 employees
14392471,Cambay Consulting LLC,5.0,Texas,US,Katy,501-1000 employees
14392959,One IT Corp,1.0,Delaware,US,Dover,1-10 employees
14407234,Virtual Labs Inc.,4.0,New York,US,Flushing,201-500 employees
14414539,Elan Jewels,2.0,NY,US,New York,11-50 employees
14422722,Headway Tek Inc,1.0,California,US,sunnyvale,1-10 employees
14467750,Apolis,4.0,California,US,El Segundo,201-500 employees
14468318,Shenzhen Talent Recruitment International ,2.0,广东省,CN,深圳市,11-50 employees
14477218,Wholehearted Lifestyle,,Bay of Plenty,NZ,Katikati,Unknown
14492394,IDC Technologies Solutions Pvt Ltd,5.0,Unknown,0,0,501-1000 employees
14508644,Coders Data,3.0,Wyoming,US,Cheyenne,51-200 employees
14510422,Star Technology Solutions Inc (StarTechs Inc),1.0,Ohio,US,Columbus,1-10 employees
14524845,Webologix Ltd/ INC,2.0,Antrim,GB,Lisburn,11-50 employees
14530717,Lorvenk Technologies,3.0,Virginia,US,Glen Allen,51-200 employees
14542251,Lark,5.0,Singapore,SG,Singapore,501-1000 employees
14542824,TriOptus,2.0,Maryland,US,Clarksburg,11-50 employees
14562893,Nityo Infotech,7.0,NJ,US,"Plainsboro, United States",5001-10000 employees
14580269,Exarca Inc.,2.0,Texas,US,Murphy,11-50 employees
14594141,Wise Skulls,2.0,California,US,Burbank,11-50 employees
14606618,iConsultera,2.0,Gujarat,IN,Ahmedabad,11-50 employees
14613869,Evernorth Health Services,7.0,Unknown,US,St. Louis ,5001-10000 employees
14617392,HelpWelp,,Anywhere,OO,Anywhere,Unknown
14628022,"Sira Consulting, an Inc 5000 company",2.0,TEXAS,US,Houston,11-50 employees
14628031,Arnex Solutions LLC,2.0,New Jersey,US,Princeton,11-50 employees
14629065,RD SOLUTIONS INC,2.0,New Jersey,US,Iselin,11-50 employees
14631354,TEKGENCE INC,4.0,Texas,US,Irving,201-500 employees
14632005,Intellectt Inc,5.0,NewJersey,US,Iselin,501-1000 employees
14633226,Software Concepts LLC,3.0,Texas,US,carrollton,51-200 employees
14699670,Amtex Systems Inc.,5.0,New York,US,New York,501-1000 employees
14780375,Agha Romero,1.0,Texas,US,Houston,1-10 employees
14796450,PrideNow,2.0,KY,US,Erlanger,11-50 employees
14827133,Ohio City Incorporated,1.0,Ohio,US,Cleveland,1-10 employees
14830058,Advanced Sensor Integrations,,California,US,San Jose,Unknown
14840050,Truist,7.0,North Carolina,US,Charlotte,5001-10000 employees
14865971,VXForward,,VA,US,ASHBURN,Unknown
15078287,Techwaukee,2.0,Georgia,US,Atlanta,11-50 employees
15083522,SEIU 775 Benefits Group,2.0,WA,US,Seattle,11-50 employees
15087386,Signify Technology,2.0,Greater London,GB,London,11-50 employees
15090581,STEM Talent Solutions,1.0,OH,US,Cincinnati,1-10 employees
15098367,S.I. Newhouse School of Public Communications at Syracuse University,,Unknown,US,0,Unknown
15101724,William & Mary – Raymond A. Mason School of Business,5.0,VA,US,Williamsburg,501-1000 employees
15142330,Missouri University of Science and Technology,5.0,MO,US,Rolla,501-1000 employees
15145310,We Are Monicat Data ,,Minnesota,US,St Paul,Unknown
15156804,Form3,4.0,England,GB,London,201-500 employees
15157241,Salad and Go,5.0,Arizona,US,Tempe,501-1000 employees
15160131,Goodnight Midstream,2.0,TX,US,Dallas,11-50 employees
15165083,Ohio Department of Medicaid,4.0,Ohio,US,Columbus,201-500 employees
15167200,Geomagical Labs,2.0,California,US,Mountain View,11-50 employees
15183489,GOOD AMERICAN,2.0,CA,US,Los Angeles,11-50 employees
15200600,Berman & Simmons,2.0,ME,US,Lewiston,11-50 employees
15205156,Zeektek,1.0,CA,US,Roseville,1-10 employees
15217408,ENG Infotech Corp.,2.0,NJ,US,Fairfield,11-50 employees
15217745,"Warrior Service Company, LLC.",1.0,Florida,US,West Palm Beach,1-10 employees
15218920,Akumin®,5.0,Florida,US,Plantation,501-1000 employees
15221729,New Jersey Courts,6.0,NJ,US,Trenton,1001-5000 employees
15221948,JSR Tech Consulting,2.0,New Jersey,US,Cranford,11-50 employees
15223010,Palm Health Resources,1.0,FL,US,Oakland Park,1-10 employees
15223686,St. Jude Children's Research Hospital,6.0,Tennessee,US,Memphis,1001-5000 employees
15230509,Kaptyn,3.0,Nevada,US,Las Vegas,51-200 employees
15231695,"ICONIC Infosys, Inc",1.0,Texas,US,Irving,1-10 employees
15232600,Techam Solutions,,KS,US,Wichita,Unknown
15236600,TTS Technologies,1.0,Texas,US,Dallas,1-10 employees
15239934,"CloudHQ, LLC",2.0,DC,US,Washington,11-50 employees
15240711,BGSF,4.0,TX,US,Plano,201-500 employees
15241130,PetIQ,5.0,Idaho,US,Eagle,501-1000 employees
15246855,Axiom Technologies,3.0,VIC,AU,Melbourne,51-200 employees
15248569,Yale University,7.0,ct,US,New Haven,5001-10000 employees
15250145,Animal Care Center of Green Valley,1.0,Arizona,US,Green Valley,1-10 employees
15250950,Mercy High School Farmington Hills,2.0,Unknown,US,Farmington,11-50 employees
15252329,Nikola Motor Company,5.0,Arizona,US,Phoenix,501-1000 employees
15255865,Bestow,2.0,Texas,US,Dallas,11-50 employees
15259054,Activ8 Recruitment & Solutions,2.0,IL,US,Chicago,11-50 employees
15318097,"Ferraro Spine & Rehabilitiation, PC",1.0,New Jersey,US,Saddle Brook ,1-10 employees
15338901,"KUHLMAN & LUCAS, LLC",,Missouri,US,KANSAS CITY,Unknown
15356840,COLASKA INC,4.0,Alaska,US,ANCHORAGE,201-500 employees
15363324,Dahlgren Industrial,2.0,Washington,US,Tukwila,11-50 employees
15391027,Express 4x4 Truck Rental,2.0,Pennsylvania,US,Hatboro,11-50 employees
15405878,"Centric Technology Services, LLC",1.0,Texas,US,Spring,1-10 employees
15437343,MERRICK ACADEMY QUEENS PUBLIC CHARTER SCHOOL,2.0,New York,US,LAURELTON,11-50 employees
15440862,"Network Adjusters, Inc.",2.0,New York,US,Farmingdale,11-50 employees
15440968,San Dimas Community Hospital,3.0,California,US,San Dimas,51-200 employees
15451728,Zips Car Wash LLC,5.0,Texas,US,Plano,501-1000 employees
15494986,Viega LLC,4.0,Colorado,US,Broomfield,201-500 employees
15533103,Marathon Cheese Corporation,5.0,Wisconsin,US,Marathon,501-1000 employees
15538131,Educology Solutions,1.0,District of Columbia,US,WASHINGTON,1-10 employees
15550475,CJW Medical Center,5.0,Virginia,US,Richmond,501-1000 employees
15571126,L.A. GOAL,1.0,California,US,CULVER CITY,1-10 employees
15579078,"METRO HOMES, INC.",3.0,District of Columbia,US,WASHINGTON,51-200 employees
15596827,Culligan By WaterCo,3.0,Illinois,US,Lombard,51-200 employees
15613785,RIVERLAND CHURCH,,South Carolina,US,SUMMERVILLE,Unknown
15630448,Teen Action & Support Center (TASC),1.0,Arkansas,US,Rogers,1-10 employees
15635010,"LMI Texas Landscapes, LLC",2.0,Texas,US,Carrollton,11-50 employees
15637586,Rapides Regional Medical Center LLC,5.0,Louisiana,US,Alexandria,501-1000 employees
15644899,SHIAWASSEE HUMANE SOCIETY ,,Michigan,US,OWOSSO,Unknown
15650165,"CENTER FOR SPEECH, LANGUAGE AND LEARNING INC.",,Minnesota,US,OAKDALE,Unknown
15669219,Kohanaiki,3.0,Hawaii,US,Kailua-Kona,51-200 employees
15679458,Gumenick Properties,2.0,Virginia,US,RICHMOND,11-50 employees
15695797,"JTI ELECTRICAL & INSTRUMENTATION, LLC",3.0,California,US,Shafter,51-200 employees
15701084,Wiverse,2.0,IL,US,Wheaton,11-50 employees
15701441,Parkland Medical Center,4.0,New Hampshire,US,Derry,201-500 employees
15716973,Green Bay Police Department,3.0,Wisconsin,US,Green Bay,51-200 employees
15720708,Doctors Hospital of Augusta,5.0,Georgia,US,Augusta,501-1000 employees
15731689,METRO FIRE APPARATUS SPECIALISTS INC,1.0,Texas,US,HOUSTON,1-10 employees
15737192,ENDEAVOR EMERGENCY SQUAD INC,,New Jersey,US,BURLINGTON,Unknown
15756906,Conservation Corps of Long Beach,2.0,California,US,Long Beach,11-50 employees
15760876,"KAMPGROUNDS ENTERPRISES, INC",3.0,California,US,CHULA VISTA,51-200 employees
15798900,Blend360,4.0,Maryland,US,Columbia,201-500 employees
15808025,CARECEN NY- Central American Refugee Center,1.0,New York,US,Hempstead,1-10 employees
15824333,Howmet Aerospace,7.0,PA,US,Pittsburgh,5001-10000 employees
15907041,ORANGE COUNTY EMERGENCY PET CLINIC,,California,US,GARDEN GROVE,Unknown
15911286,CITYWIDE CONTAINER SERVICE CORP,2.0,New York,US,Queens,11-50 employees
15919280,StationMD,1.0,New Jersey,US,Maplewood,1-10 employees
15939037,Heart of Biddeford,,Maine,US,BIDDEFORD,Unknown
15954445,Menorah Medical Center,5.0,Kansas,US,Overland Park,501-1000 employees
15956153,Learners For Life Child Development Center,,Ohio,US,Toledo,Unknown
15979299,Lone Peak Hospital,3.0,Utah,US,Draper,51-200 employees
16005518,"Gilson-Moreau & Associates, P.S.",,Washington,US,BELLEVUE,Unknown
16019663,Meridian Hand Therapy,1.0,California,US,Thousand Oaks,1-10 employees
16022223,Pali Wine Co.,1.0,California,US,Santa Monica,1-10 employees
16029992,TK MACHINING INC.,1.0,Maine,US,WATERBORO,1-10 employees
16055920,"YOUTH TOWN OF TENNESSEE, INC.",1.0,Tennessee,US,PINSON,1-10 employees
16063763,OCT Consulting LLC,2.0,Virginia,US,McLean,11-50 employees
16074090,Elements Massage Therapy,,Texas,US,El Paso,Unknown
16075064,"Saint John Hospital, Inc.",,Kansas,US,Leavenworth,Unknown
16090980,"EBMEIER ENGINEERING, LLC",,Iowa,US,GLENWOOD,Unknown
16098582,Foureyes,2.0,OR,US,Lake Oswego,11-50 employees
16114128,Edwardsburg Sports Complex,,Michigan,US,EDWARDSBURG,Unknown
16124699,High Real Estate Group LLC,2.0,Pennsylvania,US,Lancaster,11-50 employees
16154370,Onwardpath,2.0,Wisconsin,US,Green Bay,11-50 employees
16154929,Albion Fit,2.0,Utah,US,Salt Lake City,11-50 employees
16162070,Harlow's School Bus Service,4.0,ND,US,Bismarck,201-500 employees
16163783,Metronet,5.0,Indiana,US,Evansville,501-1000 employees
16163818,Keystone Experts + Engineers,1.0,Colorado,US,Castle Rock,1-10 employees
16164204,Consultative Search Group,,Unknown,0,0,Unknown
16164685,"Hathority, LLC - Integration & Innovation",2.0,Arizona,US,Phoenix,11-50 employees
16167895,Agility Partners,2.0,Ohio,US,Columbus,11-50 employees
16176904,Bamboo Health,4.0,KY,US,Louisville,201-500 employees
16178566,Eventide Senior Living Communities,5.0,MN,US,Moorhead,501-1000 employees
16182319,"North Shore Healthcare, LLC",5.0,Wisconsin,US,Milwaukee,501-1000 employees
16183163,recruitAbility,1.0,Texas,US,Austin,1-10 employees
16193860,BeautyBio,1.0,Texas,US,Dallas,1-10 employees
16195050,"Zamary Law Firm, LLC",,Ohio,US,Cincinnati,Unknown
16198010,DXC Technology,7.0,Virginia,US,Ashburn,5001-10000 employees
16198955,Afirm,4.0,CO,US,Fort Collins,201-500 employees
16199754,Quest Talent Solutions,,Georgia,US,Atlanta,Unknown
16200547,Triangle Smart Divorce,1.0,North Carolina,US,Cary,1-10 employees
16200871,Family Life Counseling and psychiatric services,2.0,Ohio,US,Mansfield,11-50 employees
16202798,Kelly Law Team,,AZ,US,Phoenix,Unknown
16206250,Gertens,3.0,MN,US,Inver Grove Heights,51-200 employees
16206960,BioRender,2.0,Ontario,CA,Toronto,11-50 employees
16225376,Gumption Global,,Unknown,US,Savannah,Unknown
16233428,VizyPay,2.0,Iowa,US,Waukee,11-50 employees
16233976,Sompo International,5.0,Bermuda,BM,Pembroke,501-1000 employees
16237834,"Communities First, Inc.",,Michigan,US,Flint,Unknown
16240930,Essity,7.0,Unknown,SE,Stockholm,5001-10000 employees
16246341,Qual IT Resources,2.0,OH,US,Cincinnati,11-50 employees
16249143,Envision Physician Services,7.0,TN,US,Nashville,5001-10000 employees
16251153,"Mitchell Insurance Services, Inc.",,Florida,US,St. Petersburg,Unknown
16263152,Medefy Health,1.0,OK,US,Tulsa,1-10 employees
16265636,Ascension at Home,4.0,TN,US,Brentwood,201-500 employees
16266367,Automated Material Handling,1.0,Kentucky,US,Lexington,1-10 employees
16675134,PsiQuantum,2.0,California,US,Palo Alto,11-50 employees
17876829,Nitto Avecia Pharma Services,3.0,CA,US,Irvine,51-200 employees
17877112,Banyan Health Systems,4.0,Florida,US,Miami,201-500 employees
17880405,"CivicMinds, Inc",2.0,CA,US,Stanton,11-50 employees
17882015,K Health,3.0,Unknown,US,New York,51-200 employees
17900676,Jackson Construction Co. Inc.,2.0,Texas,US,Quitman,11-50 employees
17900699,WMP Eyewear,1.0,AZ,US,Tempe,1-10 employees
17919545,SystImmune,1.0,Washington,US,Redmond,1-10 employees
17921425,Circadia Health,2.0,California,US,Los Angeles,11-50 employees
17925137,Sports Research,2.0,CA,US,San Pedro,11-50 employees
17926613,PLANSIGHT,1.0,Utah,US,Lehi,1-10 employees
17930841,BillionToOne,3.0,California,US,Menlo Park,51-200 employees
17943753,The Argonaut US,2.0,CA,US,San Jose,11-50 employees
17947238,Global Compliance Partners,1.0,California,US,San Fransisco,1-10 employees
17954837,AMISEQ,2.0,CA,US,Milpitas,11-50 employees
17959348,Cloudious LLC,3.0,California,US,San Jose,51-200 employees
17966039,Verily,5.0,CA,US,South San Francisco,501-1000 employees
17975937,Genesis Motor America,1.0,CA,US,Fountain Valley,1-10 employees
17979297,"Upgrade, Inc.",5.0,California,US,San Francisco,501-1000 employees
17981957,Two Chairs,3.0,California,US,San Francisco,51-200 employees
17986422,VCCS Shared Services Center,1.0,VA,US,Daleville,1-10 employees
17998520,Scale AI,3.0,California,US,San Francisco,51-200 employees
18000638,Platform Science,3.0,California,US,San Diego,51-200 employees
18005595,Alpine Solutions Group,1.0,Ohio,US,Columbus,1-10 employees
18019992,Troy Consulting LLC,1.0,WA,US,Bellevue,1-10 employees
18021555,Sinica Education,1.0,CA,US,Los Angeles,1-10 employees
18024073,Leverenz & Associates,,OR,US,Portland,Unknown
18028120,HINGE LLC - Wireless Staffing,,WA,US,0,Unknown
18036034,Energy Resourcing America,1.0,Texas,US,Houston,1-10 employees
18040365,California Governor's Office of Emergency Services,5.0,California,US,Mather,501-1000 employees
18043902,C5 Los Angeles,,California,US,Los Angeles,Unknown
18045394,Clovity,2.0,California,US,Dublin,11-50 employees
18058364,Tia,3.0,California,US,San Francisco,51-200 employees
18064207,"TIS Construction Services, Inc.",1.0,CA,US,Carson,1-10 employees
18065999,Athelas,2.0,California,US,Mountain View,11-50 employees
18092211,FreeWill,2.0,Unknown,US,0,11-50 employees
18097379,Partners Personnel,5.0,CA,US,Santa Barbara,501-1000 employees
18102043,Providence,7.0,Unknown,US,0,5001-10000 employees
18106858,Gatik,2.0,California,US,Mountain View,11-50 employees
18115651,Movement Strategy Center,1.0,California,US,Oakland,1-10 employees
18120202,"Rood & Dinis, LLP",,California,US,Sacramento,Unknown
18124161,Oncourse Home Solutions,4.0,IL,US,Naperville,201-500 employees
18149028,Edgewise Therapeutics,2.0,CO,US,Boulder,11-50 employees
18162919,Kasmo,3.0,TX,US,Plano,51-200 employees
18164646,CV Resources,1.0,California,US,Irvine,1-10 employees
18167344,CA-One Tech Cloud Inc,3.0,California,US,Fremont,51-200 employees
18191677,Kind Health Group,,California,US,Encinitas,Unknown
18192301,Sensibly Sprouted ,1.0,Washington,US,Bellingham,1-10 employees
18195925,PharmID,,Washington,US,Seattle,Unknown
18195942,ClassBento,1.0,Unknown,US,New York,1-10 employees
18209861,Assuaged Foundation,2.0,California,US,Green Valley Lake,11-50 employees
18213359,Episcopal Communities & Services,4.0,California,US,Altadena,201-500 employees
18217358,"Superior Court of California, County of Alameda",4.0,Ca,US,Oakland,201-500 employees
18252282,PowerLight Technologies,1.0,Washington,US,Kent,1-10 employees
18255912,"Blackstone Consulting, Inc.",6.0,CA,US,Los Angeles,1001-5000 employees
18269417,UNIS Fulfillment and Transportation,4.0,CA,US,Walnut,201-500 employees
18270206,TAL Holdings,4.0,Washington,US,Vancouver,201-500 employees
18270814,NBC Sports,7.0,CT,US,Stamford ,5001-10000 employees
18280200,Maxar Technologies,6.0,Colorado,US,Westminster,1001-5000 employees
18282263,UGG,5.0,Unknown,0,0,501-1000 employees
18290532,Maryland Association of Counties,,Maryland,US,Annapolis,Unknown
18298504,NEXA Mortgage,3.0,Arizona,US,Chandler,51-200 employees
18300840,Bedrock Machinery,1.0,CA,US,Irvine,1-10 employees
18305006,Northern Nevada Legal Aid,1.0,NV,US,Reno,1-10 employees
18312164,Bravado,2.0,CA,US,San Francisco,11-50 employees
18334050,UNM Hospital,6.0,NM,US,Albuquerque,1001-5000 employees
18340489,FlowerHire,1.0,California,US,Manhattan Beach,1-10 employees
18341039,Sigmasoft™,3.0,California,US,Santa Clara,51-200 employees
18346404,"Express Employment Professionals Visalia, CA",7.0,CA,US,Visalia,5001-10000 employees
18347030,Root Financial Partners,,CA,US,Solana Beach,Unknown
18347825,First Source ,,Unknown,0,0,Unknown
18348487,Confidential,5.0,Unknown,AU,Melbourne,501-1000 employees
18358181,Comet,2.0,NY,US,New York,11-50 employees
18371647,Inframark,5.0,PA,US,Horsham,501-1000 employees
18373129,Generis Tek Inc,2.0,IL,IL,Bloomingdale,11-50 employees
18379072,Thrive Financial Recruiting,,CO,US,Denver,Unknown
18380110,Amtec Global Solutions Inc ,2.0,Taguig,PH,Fort Bonifacio,11-50 employees
18380759,Cybernetic Search,1.0,California,US,Santa Monica,1-10 employees
18409665,Allegan Event,1.0,Mi,US,Allegan,1-10 employees
18421460,Eden Rift Vineyards,1.0,CA,US,Hollister,1-10 employees
18422393,Kazarian/Measures/Ruskin & Associates,2.0,CA,US,North Hollywood,11-50 employees
18425303,Spectrum,7.0,CT,US,Stamford ,5001-10000 employees
18425407,Dynamite Jobs,1.0,Texas,US,Austin,1-10 employees
18434167,Woebot Health,2.0,CA,US,San Francisco,11-50 employees
18438915,Pacific Inventory Consultants LLC,2.0,WA,US,Manchester,11-50 employees
18449575,Elevate,2.0,North Carolina,US,Charlotte,11-50 employees
18452939,Technology at Arizona State University,4.0,Arizona,US,Tempe,201-500 employees
18456165,Oggvo,2.0,Washington,US,Seattle,11-50 employees
18472499,Rayne Engineering + Skilled Trades,2.0,Texas,US,Houston,11-50 employees
18496094,Critical Role,2.0,CA,US,Burbank,11-50 employees
18498389,Chino Valley Medical Center,3.0,California,US,Chino,51-200 employees
18506580,Vivian Health,2.0,California,US,San Francisco,11-50 employees
18527534,Spectrum Recruiting Solutions,1.0,Utah,US,Salt Lake City,1-10 employees
18529557,Crumbl Cookies,7.0,Utah,US,Lindon,5001-10000 employees
18531422,Sandy City,4.0,Utah,US,Sandy,201-500 employees
18546466,Athena Security Inc.,1.0,Texas,US,Austin,1-10 employees
18553707,BURNCO Rock Products Ltd,5.0,Alberta,CA,Calgary,501-1000 employees
18555453,O'Connor Woods,3.0,California,US,Stockton,51-200 employees
18564016,Hanwha Power Systems Americas,4.0,Texas,US,Houston,201-500 employees
18578562,Arbor ,1.0,California,US,Palo Alto,1-10 employees
18581793,InnoActive Group,1.0,California,US,San Francisco,1-10 employees
18583397,Opener,2.0,CA,US,Palo Alto,11-50 employees
18591530,Institute for Nonviolence Chicago,2.0,Illinois,US,Chicago,11-50 employees
18596401,Property Management Associates,2.0,California,US,Culver City,11-50 employees
18613449,"Ajinomoto Foods North America, Inc.",5.0,California,US,Ontario,501-1000 employees
18617399,Clipboard Health,2.0,California,US,San Francisco,11-50 employees
18617400,Eleven Recruiting,1.0,CA,US,Los Angeles,1-10 employees
18622011,Judge Consulting Group ,3.0,Pennsylvania,US,Wayne,51-200 employees
18629838,Brightside Health,2.0,California,US,San Francisco,11-50 employees
18632302,Walmart Connect,4.0,New Jersey,US,Hoboken,201-500 employees
18672095,Falcon IT & Staffing Solutions,1.0,FL,US,Delray Beach,1-10 employees
18675698,Elder Creek Design Studios,,California,US,Sebastopol,Unknown
18679009,Ivy Lane Staffing,,California,US,Beverly Hills,Unknown
18700707,AppOmni,2.0,California,US,San Francisco,11-50 employees
18701459,R2R Strategic Recruiting,,Oregon,US,Portland ,Unknown
18715975,AltaView Advisors LLC,,California,US,Laguna Hills,Unknown
18723495,Vendition,1.0,California,US,San Francisco,1-10 employees
18725117,"Smart Guy Solutions, LLC",,Arizona,US,Mesa,Unknown
18730955,"Acara Solutions, An Aleron Company",6.0,New York,US,Buffalo,1001-5000 employees
18741074,Dream Energy Services,,Florida,US,Monticello,Unknown
18741513,Gen Mobile,2.0,California,US,Redondo Beach,11-50 employees
18751286,Lyles Services Co.,2.0,California,US,Fresno,11-50 employees
18754113,The Keller Group,,Arizona,US,Phoenix,Unknown
18757480,EMC Financial,1.0,California,US,Los Angeles,1-10 employees
18758749,Lucas James Talent Partners,2.0,Illinois,US,Downers Grove,11-50 employees
18759444,"TUEREN, Inc.",1.0,California,US,Aliso Viejo,1-10 employees
18777798,Cribl,3.0,California,US,San Francisco,51-200 employees
18779256,Social Justice Public Charter School,1.0,District of Columbia,US,Washington,1-10 employees
18783638,Intrinsic,1.0,Washington,US,Bellevue,1-10 employees
18785975,NABIS,3.0,California,US,San Francisco,51-200 employees
18788317,Lavender Greenberg,,Florida,US,Coral Gables,Unknown
18801226,BAC Certified Public Accountants,,Iowa,US,Dyersville,Unknown
18802934,Wave Digital Assets,1.0,California,US,Los Angeles,1-10 employees
18804764,Element3 Health ,1.0,CO,US,Denver,1-10 employees
18827874,Colburn Financial,2.0,Arkansas,US,Fayetteville,11-50 employees
18851732,Metropolis Technologies,3.0,CA,US,Santa Monica,51-200 employees
18856871,Allergan Data Labs,3.0,California,US,Irvine,51-200 employees
18860134,Jobot,4.0,California,US,Newport Beach,201-500 employees
18861876,Darwin Homes,2.0,Texas,US,Austin,11-50 employees
18872895,Sierra Executive Solutions Inc,,Nevada,US,Sparks,Unknown
18880849,Bounteous,4.0,Illinois,US,Chicago,201-500 employees
18883340,Berkshire Hathaway HomeServices Commonwealth Real Estate,2.0,Massachusetts,US,Natick,11-50 employees
18900226,Giraphix Creative,,Texas,US,Austin,Unknown
18907151,"The Administration, a division of Mathys+Potestio",,Oregon,US,Portland,Unknown
18910278,"JDE Construction, Inc",1.0,CA,US,Signal Hill,1-10 employees
18918010,DTiQ,4.0,Massachusetts,US,Framingham,201-500 employees
18923058,"Kontoor Brands, Inc.",7.0,North Carolina,US,Greensboro,5001-10000 employees
18937515,Stellar IT Solutions,2.0,New Jersey,US,Princeton,11-50 employees
18941384,Fellow,2.0,California,US,San Francisco,11-50 employees
18941872,Roadz,1.0,California,US,Palo Alto,1-10 employees
18945668,Community.com,2.0,CA,US,Santa Monica,11-50 employees
18952993,TaxRise,2.0,CA,US,Irvine,11-50 employees
18953305,Dowbuilt,3.0,WA,US,Seattle,51-200 employees
18953334,WildBride,,California,US,San Francisco,Unknown
18954903,Pacific West Lending,,AZ,US,Phoenix,Unknown
18954974,Koniag Government Services,5.0,Virginia,US,Chantilly,501-1000 employees
18959240,WellPsyche Medical Group,2.0,California,US,Los Angeles,11-50 employees
18976498,Warren James,2.0,California,US,Los Angeles,11-50 employees
18979802,EdgeRock Wealth Management,1.0,Colorado,US,Denver,1-10 employees
18987662,Stretto,3.0,CA,US,Irvine,51-200 employees
18995316,Paradigm Senior Services,2.0,Florida,US,Miami,11-50 employees
19022914,1Community,,California,US,Los Angeles,Unknown
19024086,Narrative Ads,3.0,CA,US,Pasadena,51-200 employees
19024424,Allied Universal Janitorial Services,7.0,CA,US,Santa Ana,5001-10000 employees
19028375,More Than Writers,5.0,Ontario,CA,Toronto,501-1000 employees
19058844,B&C Enterprise,1.0,New Jersey,US,Hoboken,1-10 employees
19058930,BlueChip Pros ,5.0,Ohio,US,Cincinnati,501-1000 employees
19061922,Teamanics,1.0,California,US,San Francisco,1-10 employees
19070722,Tiello,1.0,California,US,Irvine,1-10 employees
19073712,CÚRADOR,,Unknown,0,0,Unknown
19076380,Diamond Peak Recruiting,1.0,IL,US,Chicago,1-10 employees
19086748,"Express Employment Professionals – Irvine, CA",7.0,California,US,Irvine,5001-10000 employees
19089475,Skipify,2.0,CA,US,Bay Area,11-50 employees
19100519,Southwoods Health,4.0,Unknown,0,0,201-500 employees
19101288,InfoStride ,3.0,CA,US,San Jose,51-200 employees
19114904,JECT,1.0,New York,US,New York,1-10 employees
19115010,Veraz Advisors,,California,US,San Ramon,Unknown
19117909,Deborah Brosnan & Associates,,District of Columbia,US,Washington,Unknown
19120162,"Matthew Lopez Law, PLLC",,Arizona,US,Tempe,Unknown
19128925,Astronics LSI,4.0,New York,US,East Aurora,201-500 employees
19136120,Collaboration Recruitment ,,AZ,US,Phoenix ,Unknown
19137570,Momentum Behavior Services,2.0,California,US,Petaluma,11-50 employees
19142259,Asset Living,5.0,Texas,US,Houston,501-1000 employees
19154367,STIIIZY,1.0,CA,US,Los Angeles,1-10 employees
19161365,Nina Berenato Jewelry,1.0,Texas,US,Austin,1-10 employees
19164401,My Working Soul,,Unknown,US,United States,Unknown
19175051,"Hengenix, A Henlius Company",2.0,California,US,Milpitas,11-50 employees
19176921,United Yacht Sales - Pacific Northwest,,Washington,US,Bainbridge Island,Unknown
19187612,Path,2.0,Unknown,US,100% Remote,11-50 employees
19189206,Serendipity Staffing Solutions ,,Idaho,US,Post Falls,Unknown
19192589,Epredia,5.0,New Hampshire,US,Portsmouth,501-1000 employees
19195997,Hustle Hunters,,OR,US,Portland,Unknown
19196263,Seattle Therapy - Skills for Life,1.0,Washington,US,Seattle,1-10 employees
19231638,SAHARA Las Vegas,5.0,Nevada,US,Las Vegas,501-1000 employees
19255371,SIRIS LLC,1.0,SC,US,Mt. Pleasant,1-10 employees
19266171,Porsche Motorsport North America,1.0,California,US,Carson,1-10 employees
19933308,ADVANCED FIBER PRODUCTS LIMITED,,Unknown,GB,HAVERHILL,Unknown
20121834,Infusion Associates,2.0,MI,US,Grand Rapids,11-50 employees
20122211,Rhode Island Attorney General's Office,3.0,Rhode Island,US,Providence,51-200 employees
20145902,Stone Island,3.0,Unknown,0,0,51-200 employees
20280833,Oregon Oncology Specialists,2.0,OR,US,Salem,11-50 employees
20282677,Cloud Destinations,3.0,CA,US,San Ramon,51-200 employees
20296181,PRIMARY CRE,,Nevada,US,Reno,Unknown
20330166,Monarch Tractor,2.0,CA,US,Livermore,11-50 employees
20344983,Nautilus Biotechnology,2.0,California,US,San Carlos,11-50 employees
20461700,"VSV WINS, INC",1.0,California,US,San Ramon,1-10 employees
20503060,Anchor Quest,,TX,US,Austin,Unknown
20508964,Techswitch LLC,1.0,Nevada,US,Las Vegas,1-10 employees
20511436,Ulman Public Policy,,D.C.,US,Washington,Unknown
21213719,Ferroglobe PLC,5.0,England,GB,London,501-1000 employees
21514196,Fulwell 73 Productions ,2.0,England,GB,London,11-50 employees
22208562,Genius Sports,5.0,England,GB,London,501-1000 employees
22283894,St. Joseph Medical Center ,5.0,MO,US,Kansas City,501-1000 employees
22286034,CounterFind,1.0,TX,US,Dallas,1-10 employees
22288912,Pinpoint Talent,1.0,California,US,San Jose,1-10 employees
22292832,Renewal by Andersen Metro & Midwest,5.0,Indiana,US,Carmel,501-1000 employees
22309011,EyeCare Partners,6.0,Missouri,US,St. Louis,1001-5000 employees
22310425,"Shifflett & Philips, LLP",,Texas,US,Frisco,Unknown
22330287,Legend Biotech,5.0,New Jersey,US,Somerset,501-1000 employees
22338085,Imperial Dade,6.0,NJ,US,Jersey City,1001-5000 employees
22340991,"Great Lakes Asset Solutions, LLC",2.0,NY,US,Lockport,11-50 employees
23381991,Cain Injury Law,,GA,US,Lawrenceville,Unknown
23674217,Naked Wardrobe,2.0,CA,US,Northridge,11-50 employees
23681229,"United Contractor Services, LLC",3.0,GA,US,Kennesaw,51-200 employees
23683319,DXU Architects,1.0,IL,US,Chicago,1-10 employees
23711468,Sundance Clinical Research,1.0,Missouri,US,St Louis,1-10 employees
23714018,Young Professionals Choral Collective (YPCC),,Ohio,US,Cincinnati,Unknown
23730120,Crown City Tire Auto Care,,California,US,Pasadena,Unknown
23740523,"Sun Print Solutions, a Sun Litho Company",2.0,Utah,US,West Valley City,11-50 employees
23773563,Desai Law APC,,California,US,Los Angeles,Unknown
24122185,Major League Development Association,1.0,Virginia,US,Norfolk,1-10 employees
24429566,Main Street America,1.0,IL,US,Chicago,1-10 employees
24601924,Divinity Event Productions,1.0,Arizona,US,Phoenix,1-10 employees
24775193,NextGen Solutions,2.0,North Carolina,US,Charlotte,11-50 employees
24775582,Chromatic 3D Materials,1.0,MN,US,Golden Valley,1-10 employees
24777194,Armed Conflict Location & Event Data Project (ACLED),2.0,Wisconsin,US,Madison,11-50 employees
24787024,PGT Innovations,5.0,FL,US,N. Venice,501-1000 employees
24787197,Trinity Cyber,1.0,MD,0,Bowie,1-10 employees
24791870,Tractor Zoom,1.0,Iowa,US,Urbandale,1-10 employees
24795036,State Street Global Advisors,5.0,MA,US,Boston,501-1000 employees
24797717,The Post Oak Hotel at Uptown Houston,4.0,Texas,US,Houston,201-500 employees
24987491,Citrin,4.0,Ohio,US,Dublin,201-500 employees
24995091,Florida National Guard,7.0,Unknown,0,0,5001-10000 employees
24996751,vSecureLabs,1.0,Illinois,US,Aurora,1-10 employees
24999265,Sanhua International USA,7.0,Texas,US,Houston,5001-10000 employees
24999390,Hixen Search Group,,OH,US,Worthington,Unknown
25012883,Cority,3.0,Ontario,CA,Toronto,51-200 employees
25017205,Mitsubishi Chemical America,5.0,North Carolina,US,Charlotte,501-1000 employees
25018455,Hello Hire Talent Solutions,,Ohio,US,Cincinnati,Unknown
25030757,Independent Adult Day Centers,2.0,Indiana,US,Indianapolis,11-50 employees
25038366,Crye-Leike Gulf Coast Real Estate & Vacation Rentals,,AL,US,Gulf Shores,Unknown
25039398,Chenega Corporation EH&F,5.0,Texas,US,San Antonio,501-1000 employees
25040356,CIBC US,5.0,IL,US,Chicago,501-1000 employees
25041007,Quadient,6.0,France,FR,Bagneux,1001-5000 employees
25042958,Sales Maven LLC,1.0,IL,US,Naperville,1-10 employees
25066691,"Donato Technologies, Inc.",2.0,Texas ,US,Dallas,11-50 employees
25068812,"Directional Services, Inc.",3.0,NC,US,Hope Mills,51-200 employees
25071399,Genesis Electrical Service,1.0,Indiana,US,Fishers,1-10 employees
25072906,Universal Creative,7.0,Florida,US,Orlando,5001-10000 employees
25073964,Sardi's Hospitality Group,4.0,MD,US,Beltsville ,201-500 employees
25170550,Communities for Just Schools Fund (CJSF),,District of Columbia,US,Washington,Unknown
25170579,Aptive Environmental,6.0,UT,US,Provo,1001-5000 employees
25179038,WhiteCap Search,2.0,NY,US,New York,11-50 employees
26234183,The People Placers,1.0,New Jersey,US,Mt Laurel,1-10 employees
26244696,Reebelo,2.0,California,US,San Mateo,11-50 employees
26253911,AesculaTech,,California,US,Los Angeles,Unknown
26259795,"College of Information Studies (INFO), University of Maryland",3.0,Maryland,US,College Park,51-200 employees
26283799,Tower Health,7.0,PA,US,West Reading,5001-10000 employees
26485848,Gardyn,2.0,Maryland,US,Bethesda,11-50 employees
26531259,"Thales Defense & Security, Inc.",3.0,Maryland,US,Clarksburg,51-200 employees
26562280,"GPRM Prestress, LLC",2.0,HI,US,Kapolei,11-50 employees
26569406,DBHW Wealth Partners,1.0,WI,US,South Milwaukee,1-10 employees
26574100,ZealoTech People,2.0,Maharashtra,IN,Nashik,11-50 employees
26587222,ConnectLife,2.0,NY,US,Williamsville,11-50 employees
26638644,VYZE INC,2.0,Virginia,US,Aldie,11-50 employees
26647085,Smart TechLink Solutions Inc.,2.0,Illinois,US,Rolling Meadows,11-50 employees
27002539,Pura Vida Miami,3.0,Florida,US,Miami Beach,51-200 employees
27016907,Titan Electric Southeast,2.0,FL,US,Winter Park,11-50 employees
27025776,healthPrecision,2.0,New York,US,New York,11-50 employees
27055364,First Bank NJ,2.0,NJ,US,Hamilton,11-50 employees
27057164,"Vanguard Group Staffing, Inc.",3.0,Connecticut,US,Stamford,51-200 employees
27062130,Connected Cannabis Co.,3.0,CA,US,Sacramento,51-200 employees
27099119,Graymont Medical,2.0,IL,US,Chicago,11-50 employees
27108872,Artisan 34,1.0,New Jersey,US,Hazlet,1-10 employees
27111495,Travis W. Watkins Tax Resolution & Accounting Firm,1.0,OK,US,Oklahoma City,1-10 employees
27115799,Mississippi Coast Coliseum and Convention Center,1.0,Mississippi,US,Biloxi,1-10 employees
27116821,Compass One Healthcare,7.0,PA,US,Wayne,5001-10000 employees
27119385,Estrin Legal Staffing,,CA,US,Los Angeles,Unknown
27136659,Epic Placements,2.0,Colorado,US,Denver,11-50 employees
27138826,Prime Psychiatry,1.0,Texas,US,Frisco,1-10 employees
27152943,Cangshan Cutlery Company,3.0,Texas,US,Georgetown,51-200 employees
27157459,BrandSafway,7.0,Georgia,US,Atlanta,5001-10000 employees
27171329,"Modern Construction Services, LLC (MCS)",1.0,North Carolina,US,Charlotte,1-10 employees
27176653,Trilogy Residential Management ,2.0,IL,US,Chicago,11-50 employees
27180004,American Trucking Group,2.0,Georgia,US,Leesburg,11-50 employees
27185258,Bowlero Corporation,6.0,New York,US,New York,1001-5000 employees
27186573,Veritas Partners,,Maryland,US,Baltimore,Unknown
27193097,ZenTech Consulting,1.0,FL,US,Tampa,1-10 employees
27196254,Posh,2.0,Massachusetts,US,Boston,11-50 employees
27196805,Vertex Education,2.0,Arizona,US,Chandler,11-50 employees
27200744,Louisiana Department of Health,6.0,Louisiana,US,Baton Rouge,1001-5000 employees
27207386,CRG Search,1.0,North Carolina,US,Charlotte,1-10 employees
27214085,"Solution Partners, Inc.",1.0,IL,US,Naperville,1-10 employees
27218788,MOLTEN,1.0,MA,US,Cambridge,1-10 employees
27219414,Pediatric Developmental Services,1.0,maryland,US,Pikesville,1-10 employees
27221116,HOMES by Powerblock Builders Inc,1.0,Florida,US,Fort Myers,1-10 employees
27226173,Parkside Consulting Group,,VA,US,Richmond,Unknown
27240013,MIT Office of Resource Development,2.0,MA,US,Cambridge,11-50 employees
27241994,Alliance for Living,1.0,CT,US,New London,1-10 employees
27243513,International Inbound Travel Association (IITA),,Kentucky,US,Butler,Unknown
27244722,SiEnergy,2.0,Texas,US,Austin,11-50 employees
27249903,Attentive,5.0,Unknown,US,New York,501-1000 employees
27251427,J. Cordell Landscape + Irrigation,1.0,Texas,US,Plano,1-10 employees
27253457,Curevo Vaccine,1.0,Washington,US,Bothell,1-10 employees
27254190,Arch Staffing & Consulting,5.0,Florida,US,Miami,501-1000 employees
27283627,Aequor Information Technologies Pvt. Ltd.,4.0,Harayana ,IN,Gurgaon,201-500 employees
27510668,NewGen Administrative Services,7.0,California ,US,Los Angeles ,5001-10000 employees
27606163,ML OUTSOURCING SERVICES PRIVATE LIMITED,,Delhi,IN,DELHI,Unknown
28124918,Tier 11,2.0,MA,US,Boston,11-50 employees
28125525,Elite Staffing Solutions Wichita,5.0,KS,US,Wichita,501-1000 employees
28129827,Trackline,,CA,US,San Diego,Unknown
28130220,Equinor,7.0,Rogaland,NO,Stavanger,5001-10000 employees
28131533,Conviva Care Center,5.0,Florida,US,Miami,501-1000 employees
28132450,Riverview Regional Medical Center,4.0,Alabama,US,Gadsden,201-500 employees
28142040,Agency PR,,Colorado,US,Denver,Unknown
28142959,Offerd,1.0,Texas,US,Austin,1-10 employees
28145223,RDI - Research & Development Institute,,California,US,Los Angeles,Unknown
28145529,Dallas Regional Medical Center,4.0,Texas,US,Mesquite,201-500 employees
28147205,Torch Dental,2.0,New York,US,New York,11-50 employees
28155835,GorillaDesk,1.0,Unknown,US,Boca Raton,1-10 employees
28178724,Precipitate,,Minnesota,US,Minneapolis,Unknown
28181877,RamClean Commercial Cleaning & Janitorial Services,2.0,Illinois,US,Champaign,11-50 employees
28186909,Legrand AV,4.0,Minnesota,US,Eden Prairie,201-500 employees
28389122,hXpath,1.0,California,US,Redondo Beach,1-10 employees
28406927,Camelback Strategy Group,2.0,Az,US,Phoenix,11-50 employees
28439179,Spotter,2.0,CA,US,Los Angeles,11-50 employees
28463995,Lycée Francais de San Diego,1.0,California,US,San Diego,1-10 employees
28483008,2020 Consulting LLC,,Unknown,US,Skaneateles,Unknown
28573097,Red White & Bloom,4.0,Unknown,CA,Toronto,201-500 employees
28597931,Roessel Joy,1.0,Massachusetts,US,Boston,1-10 employees
28599697,Solis Health Plans,2.0,Florida,US,Doral,11-50 employees
28609431,smoodi,,Massachusetts,US,Boston,Unknown
28612425,building ONE consulting,1.0,Colorado,US,Denver,1-10 employees
28612966,Covia,5.0,Ohio,US,Independence,501-1000 employees
28613443,HWL,2.0,GA,US,Alpharetta,11-50 employees
28615633,"STaR - Systems Technology & Research, Inc.",1.0,Alabama,US,Huntsville,1-10 employees
28642908,Hampton Inn & Suites Waco-South,1.0,TX ,US,Waco,1-10 employees
28646687,"Great Western Dining Service, Inc.",5.0,Missouri,US,Tipton,501-1000 employees
28649423,Sargent and Greenleaf,2.0,Kentucky,US,Nicholasville,11-50 employees
28649897,Hoste,1.0,Colorado,US,Colorado Springs,1-10 employees
28649902,"ITS, LLC",2.0,Colorado,US,Colorado Springs,11-50 employees
28660903,Strategic Retail Partners,5.0,Colorado,US,Castle Rock,501-1000 employees
28665387,Northline Seafoods,,Alaska,US,Sitka,Unknown
28669777,Arcosa Inc.,6.0,Texas,US,Dallas,1001-5000 employees
28762232,IMR Soft LLC ,2.0,New Jersey ,US,Princeton,11-50 employees
28779350,Caption by Hyatt,7.0,Unknown,0,0,5001-10000 employees
28794941,re_ grocery,1.0,CA,US,Los Angeles,1-10 employees
28850513,The Salvation Army Indiana Division,2.0,Indiana,US,Indianapolis,11-50 employees
28852880,"Hope Community, Inc.",2.0,New York,US,New York,11-50 employees
28863552,accesSOS,,CA,US,San Francisco,Unknown
28865383,Ms. Placed Professional Organizing,,TX,US,Austin,Unknown
28966001,ACT Now Education,1.0,Maryland,MD,Ellicott City,1-10 employees
28974109,Guidehouse,7.0,District of Columbia,US,Washington,5001-10000 employees
28977553,Dover Precision Components,5.0,Texas,US,The Woodlands,501-1000 employees
28978143,Beth Israel Lahey Health,7.0,Unknown,0,0,5001-10000 employees
28987629,Recruiting For Growth | Insurance Agency Hiring Partner | Insurance Recruiter,,Missouri,US,St Louis,Unknown
28989621,"Solve IT Strategies, Inc.",,Illinois,US,Chicago,Unknown
28993430,BCW Global,5.0,Unknown,US,New York,501-1000 employees
29012947,Confidential,7.0,California,US,Silicon Valley,5001-10000 employees
29016120,Redefine Marketing Group,1.0,California,US,Covina,1-10 employees
29037477,"CAL's Convenience, Inc. - Operator of Stripes C-Stores",5.0,Texas,US,Frisco,501-1000 employees
29039424,Serenity Kids,1.0,Texas,US,Austin,1-10 employees
29215687,Initium Health,1.0,Colorado,US,Denver,1-10 employees
29283590,Avicena Tech,1.0,California,US,Sunnyvale,1-10 employees
29289303,Horizontal Talent,3.0,MN,US,St Louis Park,51-200 employees
29293182,Zearch,,East Sussex,GB,Hove,Unknown
29296664,Cash App,5.0,NY,US,New York,501-1000 employees
29322289,Zest AI,2.0,California,US,Burbank,11-50 employees
29334397,N4 Solutions,2.0,Maryland,US,Greenbelt,11-50 employees
29356794,Apricot Solar ,2.0,California,US,Lincoln,11-50 employees
29367821,California Governor's Office of Business and Economic Development (GO-Biz),2.0,CA,US,Sacramento,11-50 employees
30107424,Everseal Coatings,,Illinois,US,Chicago,Unknown
30150412,The Steele Group Sotheby's International Realty,2.0,Virginia,US,Henrico,11-50 employees
30238039,V-Solve,3.0,Unknown,US,Newyork,51-200 employees
30269573,The Newbury Boston,3.0,Unknown,US,Boston,51-200 employees
30579326,UofL Health,6.0,Unknown,US,Louisville,1001-5000 employees
30599146,Hustle Strength & Performance,,Unknown,US,Addison,Unknown
30612594,LVIS,1.0,California,US,Palo Alto,1-10 employees
30679342,KnowledgeBank,2.0,VA,US,Leesburg,11-50 employees
30754506,AFRY,7.0,Sweden,SE,Stockholm,5001-10000 employees
30772606,Cohere Health,4.0,Massachusetts,US,Boston,201-500 employees
30950491,BlueRose Technologies,5.0,Karnataka,IN,Bangalore,501-1000 employees
31032366,Hiresigma,1.0,New York,US,Astoria,1-10 employees
31060078,StaffChase,2.0,FL,US,Tampa,11-50 employees
31069139,GeniQom Technologies,2.0,California,US,"San Francisco, Bay area",11-50 employees
31110499,Global Opine Staffing,3.0,WY,US,Cheyenne,51-200 employees
31346550,Sibitalent Corp,2.0,TX,US,Dallas ,11-50 employees
31356620,Saransh Inc,2.0,New Jersey,US,Princeton,11-50 employees
31398220,CurtCo Media,1.0,CA,US,Malibu,1-10 employees
31456827,MyFloraDNA Inc.,,CA,US,Sacramento,Unknown
31462367,Zentalis Pharmaceuticals,2.0,NY,US,New York,11-50 employees
31469147,AccessHope,2.0,CA,US,Duarte,11-50 employees
31537981,Coforge,7.0,Uttar Pradesh,IN,Noida,5001-10000 employees
31561375,springheadtechnologies,,Unknown,0,0,Unknown
33002793,Snowflake Ski Shop/245 Board Co.,2.0,New York,US,Lockport,11-50 employees
33011825,K2 Retail Construction & Development,1.0,Michigan,US,Bingham Farms,1-10 employees
33053489,Wisconsin Farmers Union,1.0,Wisconsin,US,Chippewa Falls,1-10 employees
33125878,"Veridian Tech Solutions, Inc.",2.0,Texas,US,Houston,11-50 employees
33146581,PDSSOFT INC.,1.0,California,US,SANTA CLARA,1-10 employees
33173633,"E & H Industrial Services, Inc.",,Indiana,US,Carmel,Unknown
33182924,Food Talent Solutions,,Florida,US,Fort Lauderdale,Unknown
33192604,General Property Construction LLC,2.0,Florida,US,Doral,11-50 employees
33208551,Jefferson City School District,5.0,Missouri,US,Jefferson City,501-1000 employees
33227880,US Radiology Specialists,5.0,North Carolina,US,Raleigh,501-1000 employees
33238399,"Dustcon Solutions, Inc.",,FL,US,West Palm Beach,Unknown
33242739,Confidential,7.0,NY,US,Greater New York City,5001-10000 employees
33246798,TikTok,7.0,California,US,Los Angeles,5001-10000 employees
33247784,Marsh McLennan Agency,6.0,New York,US,White Plains,1001-5000 employees
33249838,Staffing Fitness,,Georgia,US,Atlanta,Unknown
33260191,M2G Ventures,1.0,Texas,US,Fort Worth,1-10 employees
33266486,"Mission Staffing of Texas, LLC",,Texas,US,Houston,Unknown
33266522,Clearway Energy Group,4.0,California,US,San Francisco,201-500 employees
33277328,PRA Business Events,3.0,Illinois,US,Chicago,51-200 employees
33278075,ttg Talent Solutions,2.0,Florida,US,Miami,11-50 employees
33282143,Mix Talent,2.0,Ohio,US,Columbus,11-50 employees
33287743,The Murphius Group,,MI,US,Grand Rapids,Unknown
33293378,CFS Brands,4.0,Oklahoma,US,Oklahoma City,201-500 employees
33294869,U.S. Cotton Trust Protocol,,TN,US,Cordova,Unknown
33295877,EVERSANA,6.0,IL,US,Chicago,1001-5000 employees
33295996,Qualus,4.0,Unknown,US,USA,201-500 employees
33299676,MD Logica,1.0,California,US,Beverly Hills,1-10 employees
33307792,DATAECONOMY,3.0,Ohio,US,Dublin,51-200 employees
33311370,Mattison Advisors,,New Jersey,US,Cherry Hill,Unknown
33432301,"FLUVITEX USA, Inc.",2.0,Ohio,US,Groveport,11-50 employees
33457223,Dresser Utility Solutions,3.0,Texas,US,Houston,51-200 employees
33457526,Neighborly®,5.0,Texas,US,Waco,501-1000 employees
33472158,Centinela Hospital Medical Center,5.0,California,US,Inglewood,501-1000 employees
33515668,Suburban Community Hospital,4.0,Pennsylvania,US,Norristown,201-500 employees
34218096,Lower.com,3.0,OH,US,New Albany,51-200 employees
34218836,Aya Locums,5.0,CA,US,San Diego,501-1000 employees
34609933,Sunday Hospitality,2.0,NY,US,Brooklyn,11-50 employees
34654317,Falcon Smart IT (FalconSmartIT),1.0,ENGLAND,GB,LONDON,1-10 employees
34683141,Fluidra North America,6.0,California,US,Carlsbad,1001-5000 employees
34747223,Contriva Consulting Inc,2.0,NJ,US,Edison,11-50 employees
34748771,Trident Bookkeeping Solutions,,Georgia,US,Canton,Unknown
34755301,Ziply Fiber,5.0,Unknown,US,Kirkland,501-1000 employees
34758901,RealEyes Digital,1.0,CA,US,Los Angeles,1-10 employees
34768945,Happy Cabbage Analytics,1.0,CA,US,San Francisco,1-10 employees
34902814,Amentum,7.0,Virginia,US,Chantilly,5001-10000 employees
34955371,Piper Sandler,5.0,Minnesota,US,Minneapolis,501-1000 employees
35428876,Wellpath,7.0,Tennessee,US,Nashville,5001-10000 employees
35431930,Forestar Group Inc.,3.0,Texas,US,Arlington,51-200 employees
35434603,Atlantic Union Bank,5.0,Virginia,US,Richmond,501-1000 employees
35444763,Sky Zone Trampoline Park,4.0,Unknown,0,0,201-500 employees
35446044,GI Alliance,5.0,Texas,US,Southlake,501-1000 employees
35466395,The Source and Recruit Company,,Vermont,US,Danby,Unknown
35471087,Riverside Insights,3.0,Illinois,US,Itasca,51-200 employees
35472496,LG Electronics North America,5.0,NJ,US,Englewood Cliffs,501-1000 employees
35475885,AllSTEM Connections,4.0,Unknown,0,0,201-500 employees
35486246,OZ,3.0,FL,US,Fort Lauderdale,51-200 employees
35486746,People Solutions Center,,MO,US,Saint Louis,Unknown
35486851,Right at Home of North Suburban Chicago & Orland Park,2.0,Illinois,US,Lincolnshire,11-50 employees
35495086,Mainland,1.0,IL,US,Chicago,1-10 employees
35496599,Xyant Services,1.0,Oklahoma,US,Oklahoma City,1-10 employees
35498950,SiteRx,2.0,New York,US,New York,11-50 employees
35504188,Evoque,3.0,Texas,US,Irving,51-200 employees
35504315,MercyOne,7.0,IA,US,Des Moines,5001-10000 employees
35506944,Seminole Hard Rock Support Services,4.0,Florida,US,Davie,201-500 employees
35512060,Proiasys Inc,2.0,Ohio,US,Dublin,11-50 employees
35513424,Storm2,3.0,England,GB,London,51-200 employees
35516710,Luttrell Staffing Group,5.0,Tennessee,US,Kingsport,501-1000 employees
35520100,CoralTree Hospitality,5.0,Colorado,US,Greenwood Village,501-1000 employees
35521303,"SBF Search, LLC",,MD,US,Finksburg,Unknown
35521693,Arcadian Infracom,1.0,Missouri,US,"St, Louis",1-10 employees
35523439,LP Automotive Repair & Performance,,Idaho,US,Post Falls,Unknown
35526004,SC House Calls,4.0,South Carolina,US,Columbia,201-500 employees
35529547,Trinity Health Mid-Atlantic,7.0,Pennsylvania,US,Newtown Square,5001-10000 employees
35531936,"United Agencies, Inc. - Burbank, CA / Mission Hills, CA",2.0,CA,US,Burbank,11-50 employees
35533147,Covetrus,6.0,Maine,US,Portland,1001-5000 employees
35545456,United Wheels Inc.,3.0,Ohio,US,Miamisburg,51-200 employees
35545790,"Heritage Landscape Supply Group, Inc.",5.0,Texas,US,McKinney,501-1000 employees
35548088,ZETTALOGIX INC,1.0,New Jersey,US,Iselin,1-10 employees
35557246,Archon Resources,1.0,Oklahoma,US,Tulsa,1-10 employees
35561284,Centurion Health,6.0,Virginia,US,Sterling,1001-5000 employees
35566147,"Frontdoor, Inc.",5.0,TN,US,Memphis,501-1000 employees
35571114,PetVet Care Centers,6.0,Connecticut,US,Westport,1001-5000 employees
35574969,AMS Financial Solutions Group,2.0,Louisiana,US,Baton Rouge,11-50 employees
35576936,PADCOM Design and Construction Management,1.0,California,US,Cerritos,1-10 employees
35581547,MD Imaging,2.0,California,US,Redding,11-50 employees
35594754,Accounting Resources Inc.,2.0,Connecticut,US,Glastonbury,11-50 employees
35628156,Vitaly Health,1.0,Florida,US,Miami,1-10 employees
35628203,ADHD Online,2.0,Michigan,US,Grand Rapids,11-50 employees
35633786,Maxelerate,1.0,Illinois,US,Chicago,1-10 employees
35640218,Stand Together,6.0,Virginia,US,Arlington,1001-5000 employees
35642069,Argyros Performing Arts Center ,,ID,US,Ketchum,Unknown
35656541,"RKA Construction, LLC",1.0,Tennessee,US,Memphis,1-10 employees
35657035,New American Association of Massachusetts,1.0,Massachusetts,US,Lynn,1-10 employees
35664005,UP Talent Group,,New Jersey,US,Princeton,Unknown
35666700,Dankmeyer Prosthetics & Orthotics,1.0,Maryland,US,Linthicum Heights,1-10 employees
35674270,DVS LED Systems,1.0,Unknown,US,Fort Lauderdale,1-10 employees
35674569,Verséa Health,2.0,Florida,US,Tampa,11-50 employees
35676539,ClearSky Health,3.0,New Mexico,US,Albuquerque,51-200 employees
35681130,Vandelay Hospitality Group,4.0,Texas,US,Dallas,201-500 employees
35689556,"4Consulting, Inc.",4.0,Texas,US,Richardson,201-500 employees
35696106,Jaxson Maximus,1.0,Florida,US,Miami,1-10 employees
35701335,Atlasa,,CA,US,San Francisco,Unknown
35716480,City of La Marque ,2.0,Texas,US,La Marque,11-50 employees
35716623,Wide Effect Talent Solutions,2.0,Wisconsin,US,Dousman,11-50 employees
35717035,UW-Madison College of Engineering,4.0,Wisconsin,US,Madison,201-500 employees
36019672,AAA Control LLC,,Texas,US,Austin ,Unknown
36092044,Equitable,6.0,NY,US,New York,1001-5000 employees
36122695,Gulf Companies,5.0,Texas,US,Houston,501-1000 employees
36179045,ALH Law Group,,OH,US,COLUMBUS,Unknown
36472532,Olympus Gymnastics,,Unknown,DE,Sandy,Unknown
36990695,"Blueprint Staffing, LLC",,VA,US,Vienna,Unknown
37016901,Choco,3.0,Berlin,DE,Berlin,51-200 employees
37207749,Faegre Drinker,5.0,Unknown,US,Global,501-1000 employees
37237151,Empire Sales Group,1.0,Alberta,CA,Edmonton,1-10 employees
37248677,Nalu Bio ,,California,US,San Francisco,Unknown
37251914,Chicago Athletic Association,4.0,Illinois,US,Chicago,201-500 employees
37268793,Digitive,1.0,California,US,Walnut Creek,1-10 employees
37270045,CA+SA studio,,CA,US,Napa,Unknown
37396978,Planned Parenthood of Greater New York,4.0,NY,US,New York,201-500 employees
37404866,Nidec Mobility America Corporation,4.0,Illinois,US,St Charles,201-500 employees
37423105,Companion Pet Partners,4.0,California,US,Burbank,201-500 employees
37433574,Maine Properties,2.0,Maine,US,Scarborough,11-50 employees
37454346,EyeOTmonitor,1.0,Unknown,US,Chicago,1-10 employees
37476400,"Saratoga Capital, Inc",2.0,California,US,Los Gatos,11-50 employees
37486647,Soft Logic LLC,,Washington,US,Fall City,Unknown
37497578,colordrop,,Nevada,US,Las Vegas,Unknown
37510114,LifeMade Products LLC,4.0,South Carolina,US,Greer,201-500 employees
37528935,Connections Behavior Planning & Intervention,3.0,Washington,US,Kirkland,51-200 employees
37533040,120 DEGREEZ MEP Engineering,1.0,California,US,San Diego,1-10 employees
37538409,CreateMe,2.0,NY,US,New York,11-50 employees
37557576,Chace People,1.0,Unknown,GB,London,1-10 employees
37569306,ARCO a Family of Construction Companies,5.0,Missouri,US,St. Louis,501-1000 employees
37896348,Transfr,2.0,NY,US,New York,11-50 employees
37902046,White River Marine Group,5.0,Missouri,US,Springfield,501-1000 employees
38092727,Lakeside Partners,1.0,WA,US,Seattle,1-10 employees
38096675,Hangar 7 Aviation ,1.0,Nevada,US,Henderson,1-10 employees
39197750,AESC,6.0,Kanagawa ,JP,Yokohama,1001-5000 employees
40655424,YemPover Inc,1.0,CA,US,Cupertino,1-10 employees
40655773,Neo Media World,5.0,NY,US,New York,501-1000 employees
40658652,ChampionX,6.0,Texas,US,The Woodlands,1001-5000 employees
40661083,Maxton Shipping,1.0,Texas,US,Houston,1-10 employees
40669199,Tietoevry,7.0,Finland,FI,Helsinki,5001-10000 employees
40675233,Columbia Department of Biomedical Informatics,2.0,NY,US,New York,11-50 employees
40686676,"Fabiani Cohen & Hall, LLP",2.0,New York,US,New York,11-50 employees
40687781,Biolife Plasma Services ,6.0,Illinois ,US,Bannockburn ,1001-5000 employees
40692536,C4 Advanced Tactical Systems,2.0,Florida,US,Orlando,11-50 employees
40693052,FirstChoice Hiring,1.0,Georgia,US,Atlanta,1-10 employees
40711210,Acenda Integrated Health,4.0,New Jersey,US,Glassboro,201-500 employees
40733486,Austin Vita,2.0,Berkshire,GB,Reading,11-50 employees
40735283,MatrixPoint Consulting,,CA,US,Irvine,Unknown
40739208,Haversine Funding,1.0,Texas,US,Dallas,1-10 employees
40749991,Kinesso,5.0,NY,US,New York,501-1000 employees
40760236,"Your CBD Store - Hanover, MA",,Massachusetts,US,Hanover,Unknown
40775779,Dennis & Co. Auto Group,4.0,New York,US,Pearl River,201-500 employees
40787265,Centerpoint Medical Center,5.0,Missouri,US,Independence,501-1000 employees
40792063,ProspectBlue,1.0,Virginia,US,Richmond,1-10 employees
40798255,Honest Game,1.0,IL,US,Chicago,1-10 employees
40814213,District Partners,,District of Columbia,US,Washington,Unknown
40848932,Industrial Ventilation Systems - Houston,1.0,Texas,US,Stafford,1-10 employees
40876668,Blankfactor,3.0,Florida,US,Miami,51-200 employees
40876740,"Oxford Health & Wellness Center, LLC",1.0,Ohio,US,Oxford,1-10 employees
40888889,Bon Secours Mercy Health,7.0,Ohio,US,Cincinnati,5001-10000 employees
40900877,Luminis Health,6.0,Maryland,US,Parole,1001-5000 employees
40909281,Clutch Coffee Bar,2.0,North Carolina,US,Mooresville,11-50 employees
40931973,Effectv,5.0,NY,US,New York,501-1000 employees
40935027,"OccuMedX Group, Inc.",2.0,North Carolina,US,Charlotte,11-50 employees
40942169,"PPI Quality & Engineering, LLC",3.0,TX,US,Houston,51-200 employees
42171530,Körber Supply Chain,5.0,Unknown,DE,61231 Bad Nauheim,501-1000 employees
42289632,Lucid Consulting Group,,WA,US,Bellevue,Unknown
42301191,Sandstone Healthcare Group,5.0,Nevada,US,Las Vegas,501-1000 employees
42320162,Sound Beach Pediatrics,1.0,CT,US,Stamford,1-10 employees
42404250,Oliver CRE,,TX,US,Houston,Unknown
42415283,The Equity Leadership Group,,Unknown,US,Chicago,Unknown
42434665,Summit Fire & Security,4.0,Nevada,US,Reno,201-500 employees
42461190,Networth Advisors,,Pa,US,Pittsburgh,Unknown
42686769,Navi's Catering Kitchen,,WA,US,Lynnwood,Unknown
42723251,California Department of Industrial Relations,5.0,CA,US,Oakland,501-1000 employees
42737578,Onward Play,1.0,CA,US,Los Angeles,1-10 employees
42763316,Biometric Health,,Pennsylvania,US,Wayne,Unknown
42811256,Kia Georgia,1.0,Unknown,GE,Tbilisi,1-10 employees
42839253,Ultimate European Repair,,Arizona,US,Tolleson,Unknown
42852066,VORO MOTORS ,2.0,CA,US,Panorama City,11-50 employees
42876933,TalentOla,2.0,Unknown,US,Delaware,11-50 employees
42881474,Archer,4.0,California,US,San Jose,201-500 employees
43251468,Team GO,2.0,Arkansas,US,Bentonville,11-50 employees
43267952,TOPS Education,2.0,Unknown,CN,Beijing,11-50 employees
47660218,MOD,1.0,CA,US,Palo Alto,1-10 employees
47662244,SWYE360 Learning,1.0,Texas,US,Dallas,1-10 employees
47664328,Lumen Technologies,7.0,Louisiana ,US,Monroe,5001-10000 employees
49122753,ROR Partners,2.0,NV,US,Las Vegas,11-50 employees
49151727,Publicis Collective,3.0,Michigan,US,Birmingham,51-200 employees
49152582,OnePointFive (opf.degree),1.0,New York,US,New York,1-10 employees
49167855,Upstart 13,2.0,Texas,US,Houston,11-50 employees
49644642,"KR3 Information Systems, Inc.",2.0,GA,US,Chamblee,11-50 employees
49648345,Adecco Search,6.0,NY,US,Melville,1001-5000 employees
49648429,Anderson School District Three,3.0,South Carolina,US,Starr,51-200 employees
49649167,Manufacturers Bank,3.0,California,US,Los Angeles,51-200 employees
51586112,TBG | The Bachrach Group Las Vegas,2.0,NV,US,Las Vegas,11-50 employees
51586146,Humans Doing,1.0,GA,US,Atlanta,1-10 employees
51592480,Ray Techno Solutions,1.0,California,US,San Ramon,1-10 employees
51614199,ATEL,6.0,California,US,Newport Beach,1001-5000 employees
51623430,Frederick Fox,1.0,Florida,US,Boynton Beach,1-10 employees
51626838,Allvue Systems,4.0,FL,US,Coral Gables,201-500 employees
51629084,DataEdge Consulting,2.0,New Jersey,US,Plainsboro,11-50 employees
51664810,Theoria Medical,5.0,Michigan,US,Novi,501-1000 employees
51671407,Vanilla,2.0,Utah,US,Salt Lake City,11-50 employees
51679993,Best.Day.Ever.,1.0,New York,US,"New York, NY",1-10 employees
51701268,Talent Group,3.0,Texas,US,Houston,51-200 employees
52119691,QuestSpecialty Corporation,2.0,Texas,US,Brenham,11-50 employees
52129901,Nulixir Inc.,1.0,Texas,US,Austin,1-10 employees
52132153,Viva Law Firm,,South Carolina,US,Charleston,Unknown
52136858,Revel IT,3.0,Ohio,US,"Dublin, OH",51-200 employees
52143761,Viatris,7.0,Pennsylvania,US,Pittsburgh,5001-10000 employees
52160128,"Arc Analytics, LLC",,NC,US,Charlotte,Unknown
52176410,Tarvos Talent,1.0,Texas,US,Austin,1-10 employees
52462678,"The Fullinwider Firm, LLC",1.0,Missouri,US,Liberty,1-10 employees
52500806,Smackover Motors,1.0,Arkansas,US,Smackover,1-10 employees
52654014,O5 Group Inc,,Delaware,US,0,Unknown
52835131,Seabrook Island Club,2.0,South Carolina,US,Seabrook Island,11-50 employees
53185587,Center for Transforming Lives ,2.0,TX,US,Fort Worth,11-50 employees
53216874,Alaska Bar Association,1.0,AK,US,Anchorage,1-10 employees
53246566,Aurrera Health Group,2.0,California,US,Sacramento,11-50 employees
53265404,West Valley Water District,2.0,California,US,Rialto,11-50 employees
53265880,DigiTran Technologies Inc.,1.0,VA,US,Herndon,1-10 employees
53388446,Motion Ai,4.0,AL,US,Birmingham,201-500 employees
53438162,DVG Partners,,Texas,US,Houston,Unknown
53491671,Tech Domain,2.0,New South Wales,AU,Macquarie Park,11-50 employees
53939277,"OPHTHALMIC PLASTIC & COSMETIC SURGERY, INC.",,Missouri,US,Des Peres,Unknown
54110209,Pure Lithium Corporation,1.0,MA,US,Boston,1-10 employees
54119169,Spartan Advisory Partners,,Georgia,US,Atlanta,Unknown
54133543,Novozen Healthcare LLC,3.0,New Jersey,US,Iselin,51-200 employees
54276584,Ropers Majeski PC,3.0,California,US,Menlo Park,51-200 employees
54317927,J Kelly & Associates,1.0,Florida,US,Jacksonville,1-10 employees
54329571,Humani HR,1.0,Ontario,CA,Toronto,1-10 employees
54352854,Undisclosed,,Unknown,0,0,Unknown
54353698,Monday Talent,1.0,New York,US,New York,1-10 employees
54360562,TechHuman,1.0,Texas,US,San Antonio,1-10 employees
54544813,"APCO Holdings, LLC",4.0,Georgia,US,Norcross,201-500 employees
54819446,"LEE BRASS FOUNDRY, LLC",3.0,Alabama,US,Anniston,51-200 employees
54881838,SCHILLAR ANESTHESIA SERVICES INC,,Idaho,US,Sandpoint,Unknown
54945276,East Lyme Psychological Associates,,Connecticut,US,East Lyme,Unknown
55055055,She Boss Talk,,Unknown,US,Cleveland,Unknown
55174840,"Dental Medical Careers, Inc.",,Texas,US,Frisco,Unknown
55853962,WXII 12  Triad CW,2.0,North Carolina,US,Winston Salem,11-50 employees
55873224,"Texas GovLink, Inc.",,Texas,US,Austin,Unknown
56119363,Trinity Health PACE,5.0,Michigan,US,Livonia,501-1000 employees
56199234,SOUND CHILDREN'S THERAPY PLLC,,Washington,US,Issaquah,Unknown
56307735,CARDIOLOGY SPECIALISTS OF NEVADA,,Nevada,US,Las Vegas,Unknown
56313852,"PARK VISTA SENIOR HOUSING MANAGEMENT, L.L.C.",3.0,Iowa,US,Clinton,51-200 employees
56416392,Point32Health,5.0,MA,US,Canton,501-1000 employees
56464185,Kelly Education,5.0,MI,US,Troy,501-1000 employees
56581630,Seattle Department of Transportation,5.0,Washington,US,Seattle,501-1000 employees
56872445,"ILLINOIS ORTHOPEDIC NETWORK, LLC",3.0,Illinois,US,Chicago,51-200 employees
56892147,NEW MEXICO COUNSELING CENTER,,New Mexico,US,Albuquerque,Unknown
57142940,"Cedar Ridge Services, LLC",1.0,Texas,US,Dallas,1-10 employees
57404291,"Henrico, Parham & Retreat Doctors' Hospitals",4.0,Virginia,US,Richmond,201-500 employees
57654024,Seattle Police Department,5.0,WA,US,Seattle,501-1000 employees
57995232,"Resin8 Management, LLC",,Tennessee,US,Smyrna,Unknown
58011764,American National Insulation & Sealants,2.0,New Mexico,US,Albuquerque,11-50 employees
58289235,QuantCAD LLC,,Iowa,US,Iowa City,Unknown
58405028,"David A. Kleinman, D.M.D",,New York,US,New City,Unknown
58569536,City of Manitou Springs,1.0,Colorado,US,Manitou Springs,1-10 employees
58677611,Jireh Semiconductor Inc. ,4.0,Oregon,US,Hillsboro,201-500 employees
59005249,CURELOGICS WOUND CARE AND HYPERBARIC LLC,,Florida,US,Lady Lake,Unknown
59042493,Joe V's Smart Shop,4.0,Texas,US,Houston,201-500 employees
59132912,BRAVE EMBODIMENT COUNSELING LLC,1.0,Colorado,US,Denver,1-10 employees
59347638,KOLO CONSULTING CORP,,Washington,US,Redmond,Unknown
59929990,HIA Financial,1.0,Michigan,US,Northville,1-10 employees
60096806,"MANDARICH LAW GROUP, LLP",2.0,IL,US,Chicago,11-50 employees
60172576,BELLEVUE PARK DENTAL,1.0,Washington,US,Bellevue,1-10 employees
60358522,McLane Mfg,,Washington,US,Woodinville,Unknown
60376830,Storefront Academy Charter Schools,2.0,New York,US,Bronx,11-50 employees
60389564,Allstate Insurance: Mark S Freemyer,1.0,Idaho,US,Caldwell,1-10 employees
60419691,The Unbound Collection by Hyatt,7.0,Illinois,US,Chicago,5001-10000 employees
60836398,Shoemaker Insurance Solutions,1.0,Tennessee,US,Germantown,1-10 employees
61256874,MedRX Infusion ,1.0,California,US,Los Angeles ,1-10 employees
61397771,Bloom Early Education,1.0,Washington,US,Edmonds,1-10 employees
62223875,"Salem Five Insurance Agency, LLC",,Massachusetts,US,Salem,Unknown
62381783,Koshkonong Mounds Country Club,1.0,Wisconsin,US,Fort Atkinson,1-10 employees
62417594,"PACIFIC RIVER, LLC OF WASHINGTON",2.0,Washington,US,Brush Prairie,11-50 employees
62556574,Peace Love Med Aesthetic Rejuvenation,,Florida,US,Boca Raton,Unknown
63285379,AutoNation Subaru Spokane Valley,1.0,Washington,US,Spokane Valley,1-10 employees
63304172,Javidan Wellness Center,1.0,California,US,San Diego,1-10 employees
63484613,Renewing Hope Counseling,1.0,Texas,US,Houston,1-10 employees
63527929,Sonder Healthcare,2.0,California,US,Sacramento,11-50 employees
63532172,TriStar Hendersonville Medical Center,4.0,Tennessee,US,Hendersonville,201-500 employees
64250731,Init Esports,,DE,US,Dover,Unknown
64255553,Outworx Group,3.0,New York,US,Westbury,51-200 employees
64256270,"NWIC - New Wave International Cargo, USA",2.0,IL,US,Hodgkins,11-50 employees
64257878,"Permontes Group, Inc.",1.0,Colorado,US,Longmont,1-10 employees
64259963,Trane Technologies,7.0,North Carolina,US,Davidson,5001-10000 employees
64288000,CY9,1.0,Texas,US,Lewisville,1-10 employees
64532924,Grumbles Law PLLC,,MN,US,Saint Paul,Unknown
64544065,ELEVATED Cryo USA,,TN,US,Nashville,Unknown
64549636,Chelsea Jewish Lifecare ,5.0,Massachusetts,US,Peabody,501-1000 employees
64550438,FastTek Global,4.0,MI,US,Livonia,201-500 employees
64563366,Build 2 Rent,,Unknown,US,United States,Unknown
64595377,Health360 Inc.,1.0,CT,US,Newtown,1-10 employees
64638177,Ellie Mental Health,2.0,Unknown,US,St Paul,11-50 employees
64639449,Beacon Building Products,6.0,Virginia,US,Herndon,1001-5000 employees
64660033,People's Action,2.0,Illinois,US,Chicago,11-50 employees
64661046,Stella ,1.0,Ilinois,US,Chicago,1-10 employees
64670958,Duct Dynasty Clean Air Corporation,1.0,FL,US,Orlando,1-10 employees
64671674,CP Marine LLC,,WA,US,Tacoma,Unknown
64672598,OnPoint Insights ,1.0,Massachusetts,US,Wilmington,1-10 employees
64681939,Cella,2.0,MD,US,Rockville,11-50 employees
64709762,"FIFA World Cup 2026™ - Canada, Mexico & USA ",5.0,Unknown,0,0,501-1000 employees
64711438,Fox Rent A Car,5.0,OK,US,Tulsa,501-1000 employees
64727602,"Stellar IT Solutions, Inc.",2.0,Maryland,US,Rockville,11-50 employees
64738928,Razorfish,5.0,NY,US,New York,501-1000 employees
64746547,HCA Florida JFK Hospital,7.0,Florida,US,Atlantis,5001-10000 employees
64752630,"Industrial Pump and Motor Repair, Ltd.",1.0,Pennsylvania ,US,Glenshaw,1-10 employees
64764351,Beyond Just You,1.0,Tennessee,US,Nashville,1-10 employees
64853982,Concent Software Solutions LLC,2.0,GA,US,Alpharetta,11-50 employees
64862701,8th Avenue Food & Provisions,5.0,Missouri,US,Fenton,501-1000 employees
64863800,Sapphire Software Solutions Inc,2.0,Virginia,US,Ashburn,11-50 employees
64865352,Generate:Biomedicines,3.0,Massachusetts,US,Somerville,51-200 employees
64877765,Visionary Innovative Technology Solutions LLC,2.0,CT,US,Plantsville,11-50 employees
64883733,Nue Information,,Maryland,US,Columbia,Unknown
64888912,Talent Elite Group,1.0,California,US,Costa Mesa,1-10 employees
64897202,Balducci's Food Lover's Market,3.0,New Jersey,US,Parsippany-Troy Hills Township,51-200 employees
64927020,Grade Construction,2.0,NJ,US,Paterson,11-50 employees
64928221,Singlepoint Solutions ,2.0,Texas,US,Dallas,11-50 employees
64940346,Networkobjects Inc,2.0,Texas,US,Plano,11-50 employees
64948032,Evenly,2.0,District of Columbia,US,Washington,11-50 employees
64969581,Your Practice Development,,Unknown,US,Remote,Unknown
64988452,Lit Fiber Medina,1.0,OH,US,Seville ,1-10 employees
64995026,AccordCare,3.0,Georgia,US,Marietta,51-200 employees
64997233,"Burian & Associates, LLC",,Unknown,US,"Grand Forks, ND",Unknown
64998398,Sprint Mechanical Inc,2.0,Ontario,CA,Etobicoke,11-50 employees
65006104,Restoration Growth,,Unknown,0,0,Unknown
65010286,Monstro ,1.0,FL,US,West Palm Beach,1-10 employees
65012427,Forwood Safety,2.0,Unknown,AU,Brisbane,11-50 employees
65294553,Brightpath Associates LLC,2.0,Connecticut,US,Bethany,11-50 employees
65298298,Olivi.Growth,,North Holland,NL,Amsterdam,Unknown
65361091,U.S. Navy Fleet and Family Readiness (FFR),7.0,District of Columbia,US,Washington,5001-10000 employees
65384923,CapstoneONE Search,1.0,Ohio,US,Maumee,1-10 employees
65401684,Curative,3.0,Texas,US,Austin,51-200 employees
65447738,Skyllful,1.0,Texas,US,Plano,1-10 employees
65448818,"EDGECo Holdings, LP",4.0,Pennsylvania,US,Pittsburgh,201-500 employees
65457024,Congo Brands,4.0,Kentucky,US,Louisville,201-500 employees
65474231,Madison Square Garden Sports Corp.,5.0,New York,US,New York,501-1000 employees
65487140,The Easterday Group,,TX,US,Houston,Unknown
65501986,Backpack Talent,,Unknown,0,0,Unknown
65512111,ThreatLocker,3.0,Florida,US,Orlando,51-200 employees
65515408,Integriant Ventures Insurance Services,1.0,Virginia,US,McLean,1-10 employees
65529778,iO Associates - US,2.0,Florida,US,Tampa,11-50 employees
65547501,"Tarsco, a TF Warren Company",3.0,Texas,US,Spring,51-200 employees
65574209,Kids on the Yard,1.0,California,US,Beverly Hills,1-10 employees
65588154,"Kelly Science, Engineering, Technology & Telecom",6.0,MI,US,Troy,1001-5000 employees
65589102,Melinda Maria,1.0,California,US,Los Angeles,1-10 employees
65613712,FX2 Virtual Impact,1.0,Unknown,US,Chicago,1-10 employees
65616790,TEK Staffing Solutions Inc.,1.0,Texas,US,Dallas,1-10 employees
65631904,Black Innovation Alliance,,GEORGIA,US,Atlanta,Unknown
65663774,"Waste Not Consulting, LLC",,CA,US,Carlsbad,Unknown
65702507,United to Beat Malaria,1.0,District of Columbia,US,Washington,1-10 employees
65867647,LoopRL Inc,,TX,US,Carrollton,Unknown
65878041,The Shyft Group,5.0,Michigan,US,Novi,501-1000 employees
65882129,Top Marks Accounting,,FL,US,Orlando,Unknown
65911044,Race Rock Group,,Texas,US,Houston,Unknown
66260937,Life Science People,2.0,England,GB,London,11-50 employees
66278935,Avient Corporation,7.0,Ohio,US,Avon Lake,5001-10000 employees
66304846,"mybest, Inc.",3.0,東京都,JP,中央区,51-200 employees
66326452,Streamline,2.0,Washington,US,Bothell,11-50 employees
66688074,Subject,1.0,CA,US,Los Angeles,1-10 employees
66699756,QuickMD,1.0,Unknown,US,Santa Monica,1-10 employees
66716570,EverVet Partners,4.0,Pennsylvania,US,Philadelphia,201-500 employees
66727780,Dyte,2.0,California,US,San Francisco,11-50 employees
66893616,Laguna Health,1.0,Unknown,0,0,1-10 employees
66938931,Charlie Health,3.0,Montana,US,Bozeman,51-200 employees
66939019,STUDIO PRODA,,Unknown,0,0,Unknown
67080514,Motivated Leads,1.0,Pennsylvania,US,Bethel Park,1-10 employees
67155308,Gainwell Technologies,7.0,Unknown,US,United States,5001-10000 employees
67156509,Trinity Technology Solutions LLC,,Texas,US,Dallas,Unknown
67183490,Adesso Capital,1.0,AZ,US,Scottsdale,1-10 employees
67493262,BCC Construction ,2.0,Florida,US,DeLand,11-50 employees
67531411,JARS Cannabis,3.0,Michigan,US,Troy,51-200 employees
67537118,"Aero IT, Inc.",,California,US,San Diego,Unknown
67539665,UKG,7.0,Unknown,0,0,5001-10000 employees
67539759,a360media,4.0,New York,US,New York,201-500 employees
67559901,Pillar,1.0,Indiana,US,Indianapolis,1-10 employees
67566886,Graystone Capital Advisors,1.0,California,US,Newport Beach,1-10 employees
67572051,ACL Digital,5.0,California,US,San Jose,501-1000 employees
67898464,Modivcare,7.0,Colorado,US,Denver,5001-10000 employees
67902695,Diamond Crown Cabinetry,,Florida,US,Winter Park,Unknown
67991668,Alta Developers,1.0,FL,US,MIAMI,1-10 employees
68067020,LottoShield,1.0,California,US,San Ramon,1-10 employees
68154546,iPaySmart,4.0,Unknown,0,0,201-500 employees
68174206,RevereIT LLC,2.0,Virginia,US,Sterling,11-50 employees
68175152,Afterbyte,,Illinois,US,Chicago,Unknown
68177267,Internova Travel Group,6.0,NY,US,New York,1001-5000 employees
68230271,US Fertility,5.0,MD,US,Rockville,501-1000 employees
68235865,Gigiid,3.0,New York,US,New York,51-200 employees
68278572,Allied OMS,,Texas,US,Fort Worth,Unknown
68299430,OVJP Corporation,1.0,Unknown,0,0,1-10 employees
68313053,Royal Caribbean Group,7.0,Florida,US,Miami,5001-10000 employees
68496728,The Multifamily Mindset,2.0,Florida,US,Ocoee,11-50 employees
68578869,"Pacific Standard Environmental, Inc.",1.0,California,US,Huntington Beach,1-10 employees
68617019,Lunavi ,2.0,WY,US,Cheyenne,11-50 employees
68634398,Kroger Health,7.0,Unknown,0,0,5001-10000 employees
68657486,Intone Networks Inc,3.0,New Jersey,US,Iselin,51-200 employees
68660545,PacMar Technologies,2.0,Hawaii,US,Honolulu,11-50 employees
68672685,Grayscale Homes,,NJ,US,Montclair,Unknown
68746191,Sole + Luna Wellness Studio,,Illinois,US,Winnetka,Unknown
68764239,Clerisy,,FL,US,Miami,Unknown
68764876,Leadership Emotional Development & Coaching,,South Carolina,US,Columbia,Unknown
68785548,M'Ellange Talent Recruitment Firm,,FL,US,Tampa,Unknown
68791547,"Sunipro, LLC",1.0,Texas,US,Houston,1-10 employees
68796640,LER TechForce,3.0,Indiana,US,Columbus,51-200 employees
68876681,UMortgage,4.0,Pennsylvania,US,Philadelphia,201-500 employees
68894323,Western New York Physical & Occupational Therapy Group,1.0,New York,US,Depew,1-10 employees
68906494,X-Force,,Unknown,0,0,Unknown
68921004,eBusiness Technologies Corp.,1.0,Texas,US,Frisco,1-10 employees
68921127,Vial,2.0,California,US,San Francisco,11-50 employees
68951389,"Outcome Logix ( A Tech 50 Finalist company 2022, by Pittsburgh Technology Council )",1.0,PA,US,Pittsburgh,1-10 employees
68968231,PURE Property Management,3.0,CA,US,Los Gatos,51-200 employees
69094979,Bookman Consulting,,Unknown,0,0,Unknown
69102842,Third Pie Studios,1.0,NC,US,Durham,1-10 employees
69109979,Logis | Accounting & Finance Consulting | Talent Search ,1.0,California,US,Irvine,1-10 employees
69126564,Ancient Craft Imports,,KS,US,Paxico,Unknown
69234316,Hitachi Astemo,7.0,Tokyo,JP,Chiyoda-ku,5001-10000 employees
69247325,Duncan Bergman Mandell,,New York,US,New York City,Unknown
69335449,Aven,1.0,California,US,Burlingame,1-10 employees
69348938,Creative X Entertainment,,CA,US,Los Angeles,Unknown
69386044,"Hillendale Group, LLC",,NJ,US,Morristown,Unknown
69389335,"Acuity Risk Consultants, Inc.",1.0,NY,US,Melville,1-10 employees
69425575,Thinklusive Inc,2.0,New Jersey,US,Monmouth Junction,11-50 employees
69478509, Duality Biologics,1.0,Unknown,CN,Shanghai,1-10 employees
69502296,Enel North America,5.0,Massachusetts,US,Andover,501-1000 employees
69552807,Arrowhead Recruit Inc,1.0,Massachusetts,US,Boston,1-10 employees
69630806,Gallop Technology Group,,AZ,US,Scottsdale,Unknown
69642092,"Sapience, Inc",1.0,Illinois,US,Naperville,1-10 employees
69660814,Franklin Law,,CALIFORNIA,US,SANTA MONICA,Unknown
69736805,Premier Staffing Solution,2.0,OH,US,Toledo,11-50 employees
69818844,"Oak Rising, Inc",1.0,North Carolina,US,Charlotte,1-10 employees
69819011,Lion Search Group,,New York,US,Farmingdale,Unknown
69874217,BlueHalo,5.0,Virginia,US,Arlington,501-1000 employees
69903699,"OMS Group, LLC.",2.0,California,US,Pleasant Hill,11-50 employees
69904568,MAX 360,1.0,California,US,Pasadena,1-10 employees
69979397,atōst,,Colorado,US,Golden,Unknown
70041103,TFA,,Unknown,0,0,Unknown
70101837,Kim & Serritella LLP,,NY,US,New York,Unknown
70261721,MTK Technologies,2.0,UP,IN,Noida,11-50 employees
70379058,No7 Beauty Company,7.0,England,GB,London,5001-10000 employees
70397516,Hire With Jarvis,3.0,Florida,US,Miami,51-200 employees
70414137,Lithion Battery Inc.,1.0,Nevada,US,Henderson,1-10 employees
70461533,Covert Recruiting,,Illinois,US,Chicago,Unknown
70462933,902 Youth,1.0,MA,US,Cambridge,1-10 employees
70519239,Marin Housing Authority,1.0,California,US,San Rafael,1-10 employees
70568578,Volmatica,1.0,New Jersey,US,Iselin,1-10 employees
70803322,TruEar,,FL,US,LEESBURG,Unknown
70874158,Planet Professional,3.0,Massachusetts,US,Bedford,51-200 employees
70915780,Storm3,2.0,Unknown,GB,London,11-50 employees
71001279,DZConneX,4.0,Pennsylvania,US,Philadelphia,201-500 employees
71001459,iAppsData Inc.,2.0,New Jersey,US,Jersey City,11-50 employees
71010895,Curb Consulting Ventures,,Pennsylvania,US,Middletown,Unknown
71015526,ETHOS Event Collective,2.0,Florida,US,Deerfield Beach,11-50 employees
71036906,"Synchrony Systems, Inc",2.0,TX,US,Irving,11-50 employees
71049308,LG Energy Solution,7.0,Unknown,KR,Seoul,5001-10000 employees
71049830,Agile Datapro,1.0,California,US,San Jose,1-10 employees
71065162,Area Scouts,2.0,Florida,US,Pompano Beach,11-50 employees
71070208,Avocademy (YC W22),1.0,FL,US,MIAMI,1-10 employees
71138158,Klap6,5.0,Texas,US,Frisco,501-1000 employees
71145765,Rivago Infotech Inc,2.0,Delaware,US,Wilmington,11-50 employees
71211384,ALPHA DYNAMICS LLC,2.0,Texas ,US,Dallas,11-50 employees
71220701,Avenue One,2.0,NY,US,New York,11-50 employees
71228931,"Audacy, Inc.",6.0,PA,US,Philadelphia,1001-5000 employees
71268819,FoxPro Technologies INC,2.0,DELAWARE (DE),US,Dover,11-50 employees
71300779,Celebrity Agent,1.0,California,US,San Francisco,1-10 employees
71303127,Storm4,2.0,England,GB,Liverpool Street,11-50 employees
71305857,"Daydreamer Outsourcing, LLC",1.0,Wyoming,US,Casper,1-10 employees
71312127,about-face beauty,1.0,Unknown,US,Los Angeles,1-10 employees
71316538,Encore,7.0,Illinois,US,Schiller Park,5001-10000 employees
71346220,Flight Centre,6.0,Queensland,AU,South Brisbane,1001-5000 employees
71346710,Plumb,2.0,CA,US,La Jolla,11-50 employees
71356467,Kastel Staffing Group,1.0,AZ,US,Mesa,1-10 employees
71384354,Dalton Flooring Gallery,,Georgia,US,Marietta,Unknown
71484117,Interfuse Staffing,,Florida,US,Miami,Unknown
71558134,"Columbia Search Partners, Inc.",,SC,US,Columbia,Unknown
71558880,BTG Pharmaceuticals,3.0,PA ,US,Conshohocken,51-200 employees
71575605,FedEx Logistics,7.0,Tennessee,US,Memphis,5001-10000 employees
71607371,ISITE TECHNOLOGIES,3.0,New Jersey,US,East windsor,51-200 employees
71612518,Pilotier,,CA,US,Sacramento,Unknown
71630337,iA American Warranty Group,4.0,TX,US,Austin,201-500 employees
71702072,Hargrove Controls & Automation,2.0,Alabama,US,Mobile,11-50 employees
71708680,AvidMindz Inc,1.0,Unknown,0,0,1-10 employees
71719247,Legacy Search Advisors,1.0,MD,US,Baltimore,1-10 employees
71721166,G.A. Rogers & Associates,2.0,California,US,Fresno,11-50 employees
71732020,Marmon Rail and Leasing Group,6.0,Illinois,US,Chicago,1001-5000 employees
71733509,The Hester Group - Harry Norman,2.0,Georgia,US,Marietta,11-50 employees
71983290,Across America Insurance Services,2.0,California,US,Riverside,11-50 employees
72015472,Nascent Technologies Inc.,2.0,Texas,US,Texas,11-50 employees
72016383,Enterprise EQ,1.0,Texas,US,Houston,1-10 employees
72056711,Olympic Dermatology & Laser Clinic,1.0,Washington,US,Olympia,1-10 employees
72092703,Capgemini Engineering,7.0,Île-de-France,FR,Paris,5001-10000 employees
72118094,Ameriminds Solutions Inc,3.0,New York,US,Manhasset Hills,51-200 employees
72130268,Sud Recruiting,,NY,US,New York,Unknown
72139474,Lead Advisor,,Unknown,US,NEW YORK-BOSTON-,Unknown
72272769,Kr8 Agency,,California,US,Los Angeles,Unknown
72321084,"OvaInnovations, LLC.",1.0,Wisconsin,US,Madison,1-10 employees
72332830,The Crox Group,2.0,Illinois,US,Lincolnwood,11-50 employees
72434046,8fig,2.0,Texas,US,Austin,11-50 employees
72456010,Vanguard X,1.0,Unknown,US,New York,1-10 employees
72513099,Laurel Life,3.0,Pennsylvania,US,Chambersburg,51-200 employees
72550126,RiskRelease,,Texas,US,Dallas,Unknown
72559323,topGrads,2.0,Montana,US,Lewistown,11-50 employees
72628508,Kitchenery - Techstars,,FL,US,Tampa,Unknown
72632053,OpenPark,1.0,CA,US,Los Angeles,1-10 employees
72739246,Sterling House Community Center Inc.,1.0,Connecticut,US,Stratford,1-10 employees
73002693,Kyndryl,7.0,New York,US,New York City,5001-10000 employees
73013724,J. Galt Finance Suite,3.0,Indiana,US,Indianapolis,51-200 employees
73067184,Bakala Capital,1.0,Prague,CZ,Praha 8,1-10 employees
73431608,Right 1 Recruiting,,IL,US,Chicago Rosemont,Unknown
73828006,Zero Panik Textile Recycling,,California,US,South San Francisco,Unknown
73832604,Everyday Health Group,4.0,NY,US,New York,201-500 employees
73858168,Sea Crest Beach Hotel,2.0,Unknown,0,0,11-50 employees
73933000,One Mighty Mill,1.0,Massachusetts,US,Boston,1-10 employees
73984720,BURDLIFE® Jewelry,1.0,Texas,US,Houston,1-10 employees
74022590,Zemantics Inc.,2.0,New Jersey,US,Princeton,11-50 employees
74064331,Dr Christy Kane LLC,,UT,US,Highland,Unknown
74081323,TekJobs,,Unknown,US,Michigan,Unknown
74081610,Fortescue Future Industries,5.0,Western Australia,AU,East Perth,501-1000 employees
74086147,"Technocrafts, Inc",2.0,Virginia,US,Chantilly,11-50 employees
74148253,UL Research Institutes,2.0,Illinois,US,Northbrook,11-50 employees
74148478,Spice AI,,Washington,US,Seattle,Unknown
74149507,SOCOTEC USA,3.0,NY,US,New York,51-200 employees
74238915,"H&R Group US, Inc.",,Texas,US,Houston,Unknown
74283888,YITA LLC,1.0,Washington,US,Kent,1-10 employees
74300849,The Foundry Center for the Arts,,IN,US,Newburgh,Unknown
74319814,Aptitude: Intelligent Integration,4.0,Georgia,US,Atlanta,201-500 employees
74329930,Murray Law Group,1.0,Florida,US,Tampa,1-10 employees
74347068,"myTOD, LLC",1.0,CA,US,Irvine,1-10 employees
74351350,Career Staffing Talent,,Unknown,0,0,Unknown
74352394,Revalize,4.0,Florida,US,Jacksonville,201-500 employees
74431428,Apricot Solar,,Unknown,0,0,Unknown
74434793,SportsCapital,1.0,New York,US,New York,1-10 employees
74458480,Premier Medical Resources,4.0,TX,US,Houston,201-500 employees
74475378,Acceler8 Talent,,Massachusetts,US,Boston,Unknown
74491056,RAYUS Radiology,5.0,Minnesota ,US,St Louis Park,501-1000 employees
74540132,beem Light Sauna,,NC,US,Charlotte,Unknown
74548154,Integrative Health,1.0,Indiana,US,Fort Wayne,1-10 employees
74571418,SHEIN Distribution Corporation,3.0,California,US,Los Angeles,51-200 employees
74589904,BOTG LLC,1.0,North Carolina,US,Franklin,1-10 employees
74615241,Crete Mechanical Group,3.0,FL,US,Tampa,51-200 employees
74672215,Lux Speed,2.0,Florida,US,Fort Lauderdale,11-50 employees
74675845,Replo (YC S21),1.0,California,US,San Francisco,1-10 employees
74677909,Subaru Orange Coast ,1.0,Unknown,0,0,1-10 employees
74698256,Liberated Brands,5.0,California,US,Costa Mesa,501-1000 employees
74702276,Airdrop,,Unknown,0,0,Unknown
74710480,VinFast US,2.0,California,US,Playa Vista,11-50 employees
74711742,UTEP Graduate School ,1.0,Texas,US,El Paso,1-10 employees
74713695,Bolton Street Programs,3.0,NY,US,Woodbury,51-200 employees
74713745,The Better Being Co.,4.0,Utah,US,Salt Lake City,201-500 employees
74714036,Hearth Homes LLC,,CA,US,Goleta,Unknown
74714346,SPR Software Systems,1.0,Texas,US,The Colony,1-10 employees
74718032,Aspire Bakeries,5.0,California,US,Los Angeles,501-1000 employees
74731877,Brave Space Alliance,1.0,Illinois,US,Chicago,1-10 employees
74731883,Gilmartin Capital LLC,,Unknown,0,0,Unknown
74746043,RedBalloon,,ID,US,Moscow,Unknown
74770532,TAI Engineers LLC,2.0,Louisiana,US,New Orleans,11-50 employees
74772057,Agility Recruiting,,CA,US,Walnut Creek,Unknown
74793209,Virtua Pharma Technology,,Unknown,0,0,Unknown
74875553,TA3,1.0,California,US,Los Angeles,1-10 employees
74886057,Oswego County Human Resources,5.0,NY,US,Oswego,501-1000 employees
74887092,New Life Church,1.0,Oregon,US,Springfield,1-10 employees
74906914,The Cake,,CA,US,Oakland,Unknown
74907162,"City of Monticello, MN",3.0,MN,US,Monticello,51-200 employees
74918200,Specialized Recruiting Group - Grand Rapids,1.0,MI,US,Wyoming,1-10 employees
74971597,YumCrunch,1.0,Ca,US,Culver City,1-10 employees
74984675,"The Aubrey Group, LLC",1.0,New Jersey,US,Camden,1-10 employees
75041012,SKILL BIRD,1.0,Delaware,US,Newark,1-10 employees
75056027,Wright Technical Services,,Unknown,0,0,Unknown
75056372,Larson Maddox,5.0,Unknown,US,New York,501-1000 employees
75069004,St. Mary of the Assumption School,2.0,Massachusetts,US,Brookline,11-50 employees
75156982,Greater Denver CARES Mentoring,,Co,US,Denver,Unknown
75421875,Digest Media,1.0,Ontario,CA,Toronto,1-10 employees
75436848,Asplundh Engineering Services,3.0,Pennsylvania,US,Willow Grove,51-200 employees
75581097,Harvey Nash USA,6.0,New Jersey ,US,"Wayne, NJ 07470",1001-5000 employees
75584764,Krasan Consulting Services,2.0,Illinois,US,Chicago,11-50 employees
75644472,Sea Pines Physical Therapy,,Washington,US,Seattle,Unknown
75647620,San Diego Wave Fútbol Club,1.0,Unknown,US,San Diego,1-10 employees
75658267,Terra Health Essentials,1.0,Unknown,0,0,1-10 employees
75665756,RootStaff,1.0,Florida,US,Vero Beach,1-10 employees
75752648,Bellwood Labs,1.0,GA,US,Atlanta,1-10 employees
75856748,Max IT Consulting LLC,1.0,New Jersey,US,Branchburg,1-10 employees
75883294,WesternTrust,3.0,Utah,US,Park City,51-200 employees
76073934,Cryptogal LLC,,Unknown,0,0,Unknown
76124212,Blueprint Intergovernmental Agency,1.0,Florida,US,Tallahassee,1-10 employees
76127808,Comprehensive Treatment Centers,4.0,Unknown,0,0,201-500 employees
76171420,Hitachi Energy,7.0,Unknown,CH,Zurich,5001-10000 employees
76178721,Share Creators,2.0,California,US,Burlingame,11-50 employees
76199326,Embodied Wellness Center,,IL,US,Chicago,Unknown
76203745,Replay,1.0,California,US,San Diego,1-10 employees
76206714,Wellness Health Careers,,Oregon,US,Portland ,Unknown
76219339,WhitesPoint,,ME,US,Portland,Unknown
76227652,"Kona Village, A Rosewood Resort",3.0,Unknown,0,0,51-200 employees
76236580,Openstaff,,Texas,US,Houston,Unknown
76251474,Irreverent Labs,1.0,Delaware,US,Dover,1-10 employees
76252253,Jobot Health,3.0,CA,US,Newport Beach,51-200 employees
76254160,Ivanhoe Electric,1.0,Unknown,0,0,1-10 employees
76302249,VITALICARE,,Sp,BR,Santana De Parnaíba,Unknown
76323347,CenterWell Senior Primary Care,5.0,Kentucky,US,Louisville,501-1000 employees
76323674,OERTZENGroup,,Georgia,US,Atlanta,Unknown
76324959,Paramount Placement Professionals,,Ohio,US,Gahanna,Unknown
76365076,Cloud Identity,1.0,Unknown,GB,London,1-10 employees
76412394,HexaQuEST Global,2.0,Texas,US,Katy,11-50 employees
76500049,Thrive Pet Healthcare,7.0,Texas,US,Austin,5001-10000 employees
76507853,Cloud Space LLC,4.0,North Carolina,US,Charlotte,201-500 employees
76634625,ACE Sushi,2.0,Unknown,0,0,11-50 employees
76665811,Rangeview,,Unknown,US,Los Angeles,Unknown
76677145,Majhi Group,1.0,New York,US,New York,1-10 employees
76749026,Public Lands,2.0,Pennsylvania,US,Coraopolis,11-50 employees
76760809,Hang It Up Laundry Service,,TX,US,Houston,Unknown
76777166,NorthStar Logix Inc ,1.0,Texas,US,Plano,1-10 employees
76849729,Iskagna,,South Carolina,US,Mt. Pleasant,Unknown
76863872,Lehigh Valley Sports Turf,1.0,Pennsylvania,US,Allentown,1-10 employees
76947396,Gaze,1.0,Texas,US,Plano,1-10 employees
76948210,Finance in a Box,1.0,California,US,Alamo,1-10 employees
77029268,23 Consulting Services,,Delaware,US,Lewes,Unknown
77038154,Counseling Associates for Well-Being,1.0,GA,US,Athens,1-10 employees
77049371,WithSecure,5.0,Unknown,FI,Helsinki,501-1000 employees
77060550,Pomega Energy Storage Technologies,2.0,Unknown,TR,Ankara,11-50 employees
77063623,Timus Networks,2.0,Massachusetts,US,Boston,11-50 employees
77115539,"Breit Biniazan, P.C.",1.0,Virginia,US,Virginia Beach,1-10 employees
77129385,i5Tech Inc,2.0,New Jersey,US,Edison,11-50 employees
77129996,Planet Staff LLC,,Texas,US,Dallas,Unknown
77143692,Stellar Pizza,2.0,CA,US,Hawthorne,11-50 employees
77158779,"VMC Soft Technologies, Inc",2.0,Arizona,US,Scottsdale,11-50 employees
77159198,Mignone Law Firm,,New Jersey,US,Newark,Unknown
77160079,"ALT Sports Data, Inc.",1.0,CA,US,San Diego ,1-10 employees
77169664,KISS ABA,1.0,Georgia,US,Sandy Springs,1-10 employees
77185102,Echo IT Solutions,2.0,Texas,US,Farmers Branch,11-50 employees
77387513,MarsDevs,1.0,Maharashtra,IN,Pune,1-10 employees
77577151,Terra Firma National,,New York,US,Bronx,Unknown
77580969,Accelerate Professional Talent Solutions,3.0,Unknown,0,0,51-200 employees
77607954,Hydrangea Travels,,Virginia,US,Winchester,Unknown
77623313,AntetokounBros,1.0,Unknown,0,0,1-10 employees
77633193,Evident Scientific,6.0,Unknown,0,0,1001-5000 employees
77663416,AvenCell,2.0,Massachusetts,US,Cambridge,11-50 employees
77712306,JVM Global Inc,1.0,New Jersey,US,Jersey City,1-10 employees
77757558,Center for Human Rights and Constitutional Law,1.0,California,US,Los Angeles,1-10 employees
77758478,Careers @ Graham Packaging,6.0,Pennsylvania,US,Lancaster,1001-5000 employees
77762369,Blueprint Hires,,Wa,US,Vancouver,Unknown
77766802,CargoLogin.,1.0,California,US,Santa Clarita,1-10 employees
77767313,Challenge Center Neuro Rehab and Wellness,1.0,California,US,La Mesa,1-10 employees
78060358,"xGenisys, LLC",,TN,US,Nashville,Unknown
78073891,Social Engagement Group,1.0,Florida,US,Miami,1-10 employees
78095772,IT Vision Group,1.0,Texas,US,Irving,1-10 employees
78100936,My Journey Travel,,Unknown,US,USA,Unknown
78283079,Maxim Healthcare Services (Home Care),7.0,Maryland,US,Columbia,5001-10000 employees
78292002,Async Futura,,Hrvatska,HR,Velika Gorica,Unknown
78300615,HouseAccount,1.0,Unknown,US,New York,1-10 employees
78310268,myPlace Health,1.0,CA,US,Los Angeles,1-10 employees
78336991,A to Z Insurance Services,1.0,MD,US,Williamsport,1-10 employees
78378963,Cullen People,,PA,US,Philadelphia,Unknown
78389749,AllGreen Enterprise ,,California,US,La Verne,Unknown
78392228,Amazon Games,5.0,Washington,US,Seattle,501-1000 employees
78426215,TBD,2.0,Unknown,0,0,11-50 employees
78426886,Purity ReSource,,California,US,Vista,Unknown
78451299,Zenotis Group,3.0,New York,US,New York,51-200 employees
78467539,Samsung Research America (SRA),5.0,California,US,Mountain View,501-1000 employees
78630757,Y2 House,1.0,Massachusetts,US,Boston,1-10 employees
78701221,355Code,,MD,US,Bethesda,Unknown
78708714,Bestinfo Systems LLC,2.0,New York,US,White Plains,11-50 employees
78741693,SysMind Tech Private Limited,4.0,Uttar Pradesh,IN,Noida,201-500 employees
78762527,XDC Global,1.0,Illinois,US,Schaumburg,1-10 employees
78795962,Opus Vitae Construction,1.0,Oregon,US,Portland,1-10 employees
78810685,Calming Co.,,California,US,San Diego,Unknown
78824885,BCGK,,California,US,Beverly Hills,Unknown
78853109,Closers.io,2.0,Arizona,US,Scottsdale,11-50 employees
78855035,Fundhomes,,WA,US,Seattle,Unknown
78865146,Mendoza Immigration ,1.0,CA,US,SACRAMENTO,1-10 employees
78976810,45 Urgent Care,1.0,Tennessee,US,Jackson,1-10 employees
79011799,Envision Technology Solutions,1.0,North Carolina,US,Charlotte,1-10 employees
79017472,The Sales Scout,,Unknown,0,0,Unknown
79051283,Legacy Business Solutions,1.0,TN,US,Nashville   ,1-10 employees
79091671,Cost.U.Less,5.0,Florida,US,Boca Raton,501-1000 employees
79108324,Kiva Capital Partners,,CA,US,San Francisco,Unknown
79140061,Sun Day Carwash,,Unknown,0,0,Unknown
79162939,Burlingame Studios,1.0,California,US,Burlingame,1-10 employees
79383535,Akkodis,7.0,Unknown,0,0,5001-10000 employees
79383729,finEQUITY,,New York,US,Brooklyn,Unknown
79407097,KHAITE,2.0,Unknown,0,0,11-50 employees
79462541,HCA Florida North Florida Hospital​,7.0,Florida,US,Gainesville,5001-10000 employees
79474163,Nothing Wasted Consulting ,,Unknown,US,San Francisco Bay Area,Unknown
79482021,Ehub Global Inc,1.0,Texas,US,Dallas,1-10 employees
79500056,Lumicity,2.0,Unknown,US,Los Angeles ,11-50 employees
79500833,Express Healthcare Professionals of South Florida,,FL ,US,Miami ,Unknown
79584279,Reading Public Library (MA),1.0,Massachusetts,US,Reading,1-10 employees
79604112,CAD COW,1.0,Ontario,CA,Toronto,1-10 employees
79627344,"Breeze End Technology, LLC",3.0,Virginia,US,Alexandria,51-200 employees
79668835,Volato,3.0,GA,US,Atlanta,51-200 employees
79688206,Z Properties,,Florida,US,Winter Park,Unknown
79696510,Tech Hub  PS,1.0,New Jersey,US,Piscataway,1-10 employees
79760947,Excelon Solutions,2.0,Unknown,0,0,11-50 employees
79793496,LIFT Auto Repair Marketing,1.0,Utah,US,Lehi,1-10 employees
79804728,Upful Blends,1.0,FL,US,Fort Lauderdale,1-10 employees
79809662,NBC Sports Next,5.0,Connecticut,US,Stamford,501-1000 employees
79816265,MethodHub,4.0,Florida,US,Orlando,201-500 employees
79821462,Verdant Infotech Solutions,1.0,Texas,US,Copper Canyon,1-10 employees
79836770,DEQTAL,1.0,Haryana,IN,Gurugram,1-10 employees
79879166,Extend Information Systems Inc.,2.0,Virginia,US,Ashburn,11-50 employees
79902774,Navan,5.0,California,US,Palo Alto,501-1000 employees
79919162,ARM Group LLC.,,South Carolina,US,Fort Mill,Unknown
79925463,Ferguson Fire & Fabrication,7.0,VA,US,Newport News,5001-10000 employees
79955198,Smarxion,2.0,Texas,US,Plano,11-50 employees
79982200,Laneway Transport Inc,1.0,Unknown,0,0,1-10 employees
79988879,Corebridge Financial,7.0,Texas,US,Houston,5001-10000 employees
79992118,TheKey,7.0,Florida,US,Delray Beach,5001-10000 employees
79998548,Advanced Robotic Solutions,1.0,Michigan,US,Shelby Township,1-10 employees
80006625,Virgo Solutions,,Illinois,US,Chicago,Unknown
80021800,"1st-Recruit LLC, An E-Verified Company",1.0,DE,US,Wilmington,1-10 employees
80036929,Triangle Treasure Hunt,,NC,US,Raleigh,Unknown
80037952,The Titus School,2.0,New York,US,New York,11-50 employees
80041434,Clarity Search,,NE,US,OMAHA,Unknown
80051634,CYBER WAVE LLC,2.0,FLORIDA,US,LONGWOOD,11-50 employees
80065524,Martin Street Inc,1.0,Illinois,US,Schaumburg,1-10 employees
80085730,FinTap,1.0,New Jersey,US,Clifton,1-10 employees
80092649,Azenta Life Sciences,5.0,MA,US,Burlington,501-1000 employees
80099988,Tech At Rest,,CA,US,San Diego,Unknown
80137739,TechNix LLC,1.0,Arizona,US,Phoenix,1-10 employees
80157050,HCA Florida University Hospital,7.0,FL,US,Davie ,5001-10000 employees
80267840,South Charlotte TFA Branch,1.0,North Carolina,US,Charlotte,1-10 employees
80294339,"Morrison Industries, Inc.",3.0,MI,US,Grand Rapids,51-200 employees
80298786,Kramer Davis Health,1.0,Kentucky,US,Louisville,1-10 employees
80430513,Wollman Rink NYC,3.0,Unknown,US,New York,51-200 employees
80474367,VCourt Recruitment Partners,,NH,US,Bedford,Unknown
80488468,The McLean Wealth Management Group,,Illinois,US,Oak Brook,Unknown
80562303,Fast ESA Letter,1.0,Arizona,US,Mesa,1-10 employees
80646120,"Paragonium, Inc",,Florida,US,Orlando,Unknown
80648696,Sonida Senior Living,6.0,Texas,US,Dallas,1001-5000 employees
80684099,PENNEP,1.0,Pennsylvania,US,Wayne,1-10 employees
80695222,Hillmont Group,,New Jersey,US,Holmdel,Unknown
80717274,iSpring Water Systems,1.0,Georgia,US,Cumming,1-10 employees
80753355,Metropolitan Strategies and Solutions,1.0,Unknown,US,Washington D.C.,1-10 employees
80777602,Hallgate Management,1.0,Texas,US,Frisco,1-10 employees
80829889,Invited,7.0,Texas,US,Irving,5001-10000 employees
80837417,Addie Staffing (Addy Global Solutions),,Saskatchewan,CA,Regina,Unknown
80851163,Symfoni.io,1.0,Texas,US,Houston,1-10 employees
80862575,Trinity Health MI,7.0,Unknown,0,0,5001-10000 employees
80911138,Regal Rexnord,7.0,Wisconsin,US,Beloit,5001-10000 employees
80915023,LifeSong Hospice and Palliative Care,2.0,Pennsylvania,US,Harrisburg,11-50 employees
80931140,Aurotek Corp ,3.0,New Jersey,US,Cranbury,51-200 employees
80954903,RibbitZ LLC,1.0,Missouri,US,Joplin,1-10 employees
80959057,Wood City Motors,1.0,Minnesota,US,Cloquet,1-10 employees
80976980,Zobility,3.0,Michigan,US,Troy,51-200 employees
80980042,Omeat,1.0,California,US,Los Angeles,1-10 employees
80998774,Gathr Outdoors,3.0,Tennessee,US,Nashville,51-200 employees
81006324,"Blue Marlin Logistics Group, Inc",1.0,Georgia,US,Dawsonville,1-10 employees
81090464,Hayden Family Dental,,Ohio,US,Cincinnati,Unknown
81155650,Bud Clary Auburn Chrysler Dodge Jeep Ram,,Washington,US,Auburn,Unknown
81194885,Caffee Accident & Injury Lawyers,,Washington,US,Seattle,Unknown
81219955,"Brooklyn Integrative Psychological Services, PLLC",,New York,US,Brooklyn,Unknown
81261188,Angry Chickz,,California,US,Los Angeles,Unknown
81350906,Jackalyptic Games,1.0,Texas,US,Austin,1-10 employees
81415569,MN8 Energy,3.0,New York,ES,"New York, NY 10036",51-200 employees
81471675,"Sourcing Innovations, LLC",,Unknown,0,0,Unknown
81485958,Warwick Township,1.0,PA,US,Jamison,1-10 employees
81486430,Wilkins | Gire,,Texas,US,Houston,Unknown
81490090,micro1,1.0,CA,US,Los Angeles,1-10 employees
81490111,TalentAmp,,CA,US,Sacramento,Unknown
81495477,Mahzi Therapeutics,1.0,Unknown,US,San Francisco,1-10 employees
81519453,Petvisor,2.0,Florida,US,Orlando,11-50 employees
81527214,Elevance Health,7.0,Indiana,US,Indianapolis,5001-10000 employees
81535497,Jorns & Associates,2.0,WY,US,Sheridan,11-50 employees
81548274,Swap Health,1.0,Unknown,US,New York,1-10 employees
81590134,"Control Systems, Inc",2.0,Florida,US,Clearwater,11-50 employees
81631696,Kotlin Developer,1.0,Unknown,GB,London,1-10 employees
81675397,[P1] Virtual Civilization Initiative ,3.0,Unknown,0,0,51-200 employees
81728179,Industrial Electrical Solutions Inc,1.0,Arizona,US,Peoria,1-10 employees
81831600,Lolly.com,1.0,New York,US,New York,1-10 employees
81886402,CenterWell Home Health,7.0,GA,US,Atlanta,5001-10000 employees
81888641,StudioFit Chicago,,Illinois,US,Chicago,Unknown
81891901,"Express Employment Professionals - Wausau, WI",,Wisconsin,US,Weston,Unknown
81894656,H2O Care Partners,2.0,MA,US,Boston,11-50 employees
81897394,Volto Consulting,2.0,Unknown,0,0,11-50 employees
81911397,RujhaLIfe,,Unknown,US,Laguna Niguel,Unknown
81922135,"Bridger Built, LLC.",,Montana,US,Bozeman,Unknown
81929583,NVA Equine,7.0,California,US,Agoura Hills,5001-10000 employees
81930402,"Clay Consulting, LLC",3.0,Texas,US,Houston,51-200 employees
81943361,Cromatic,,Unknown,US,San Francisco,Unknown
81951318,Student World Impact Film Festival (SWIFF),4.0,New York,US,New York,201-500 employees
81954233,TriMas Packaging,5.0,Michigan,US,Bloomfield Hills,501-1000 employees
81958632,Holcim Building Envelope,5.0,Tennessee,US,Nashville,501-1000 employees
81958809,Smart ERC,1.0,California,US,Camarillo,1-10 employees
81962756,AFFORDABLE SAME DAY SERVICE LLC DBA Goforth Express,1.0,Missouri,US,Springfield ,1-10 employees
81967562,Lawyers Title DFW,7.0,Texas,US,Addison,5001-10000 employees
81970078,CP Skin Health Group,3.0,Arizona,US,Scottsdale,51-200 employees
82082854,TipTop,1.0,Unknown,0,0,1-10 employees
82096914,Omni Productivity Solutions,,FL,US,Ocala,Unknown
82106087,Avensia Technologies,1.0,Texas,US,Katy,1-10 employees
82120874,Aarna Software and Solutions LLC,2.0,WY ,US,SHERIDAN ,11-50 employees
82160322,"AIYA Technology System, LLC",3.0,New York ,US,Flushing ,51-200 employees
82277950,Taras Technology LLC,1.0,NC,US,Charlotte,1-10 employees
82282320,Genesis Physician Services,3.0,Pennsylvania,US,Kennett Square,51-200 employees
82291209,Hyatt Centric,7.0,Unknown,0,0,5001-10000 employees
82292919,The Turner Group,2.0,Unknown,0,0,11-50 employees
82293919,"Dymium, Inc",,CA,US,Los Gatos,Unknown
82301960,Formidium,5.0,Illinois,US,Downers Grove,501-1000 employees
82302944,Mativ,6.0,Georgia,US,Alpharetta,1001-5000 employees
82315512,Restore Wellness - Outpatient Therapy,1.0,TX,US,Dallas Metroplex,1-10 employees
82315716,GE Vernova,7.0,Unknown,0,0,5001-10000 employees
82320999,Philadelphia Learning Collaborative,2.0,PA,US,Philadelphia,11-50 employees
82321674,"MTL Holdings, LLC",3.0,WI,US,Waukesha,51-200 employees
82327978,Three Real Estate,,South Carolina,US,North Charleston,Unknown
82426239,Entrée,,IL,US,Chicago,Unknown
82456548,Treasure,1.0,Unknown,KY,Cayman Islands,1-10 employees
82515398,McCann's Roofing and Construction,,Oklahoma,US,Edmond,Unknown
82533810,"Trident Talent Group, LLC.",,NC,US,Hendersonville,Unknown
82559090,gthr,1.0,New York,US,New York City,1-10 employees
82565734,apree health,4.0,Unknown,0,0,201-500 employees
82565832,Inspired Funding LLC,,NJ,US,Fairfield ,Unknown
82572803,Taxceed,,Unknown,US,"Washington, D.C.",Unknown
82591929,Salesfinity,1.0,California,US,San Francisco,1-10 employees
82629924,MedX,1.0,Colorado,US,Fort Collins,1-10 employees
82695521,TekValue IT Solutions,1.0,Texas,US,Austin,1-10 employees
82761136,Justice for My Sister (JFMS),,California,US,Los Angeles,Unknown
82769817,Air Ventures LLC,3.0,Unknown,0,0,51-200 employees
82786309,"Sustainable Technologies Solutions, LLC",1.0,Kansas,US,Overland Park,1-10 employees
82792265,Douglas County Board of Commissioners,5.0,Georgia,US,Douglasville,501-1000 employees
82802734,King Distro LLC,,AZ,US,SURPRISE,Unknown
82808548,Albertsons Market,5.0,Unknown,0,0,501-1000 employees
82809834,Nmble,,Unknown,US,Grand Rapids,Unknown
82811059,The Momentous Group,2.0,NC,US,Gastonia,11-50 employees
82812960,PACCAR Technical Center,7.0,WA ,US,Mount Vernon,5001-10000 employees
82833735,Arrant Services,2.0,Texas,US,Richmond,11-50 employees
82884837,COD CORES,2.0,Texas,US,Farmers Branch,11-50 employees
82988148,PebTech Solutions,2.0,Wyoming,US,Sheridan,11-50 employees
83008343,TekNavigators Staffing,1.0,New Jersey,US,Edison,1-10 employees
83075151,Lumanity,5.0,MD,US,Bethesda,501-1000 employees
83346702,Sunstar Clinical - Virtual Behavioral Solutions,2.0,Washington ,US,Vancouver,11-50 employees
83348402,Zippy,2.0,TX,US,Austin,11-50 employees
83485822,DroomDroom,1.0,NY,US,New York,1-10 employees
83495842,Trinity Staffing Group Inc,2.0,Nebraska,US,Omaha,11-50 employees
84013022,Vinylmax Careers,3.0,Ohio,US,Hamilton,51-200 employees
84025208,AD IT Staffing,2.0,Illinois,US,Glendale Heights,11-50 employees
84161917,Blue Canopy Marketing,,Pennsylvania,US,Meadville,Unknown
84491389,Panasonic Connect North America,5.0,New Jersey,US,Newark,501-1000 employees
84813880,"Next Gen IT, Inc",1.0,Texas,US,Frisco,1-10 employees
84824199,"Mission Technologies, a division of HII",6.0,Virginia,US,McLean,1001-5000 employees
84855353,Daily Thread,2.0,New York,US,NYC,11-50 employees
84939936,Bullseye Branding,1.0,Unknown,0,0,1-10 employees
84971123,Sara Hospitality,2.0,GA,US,Marietta,11-50 employees
85441370,Wevise,,Florida,US,Orlando,Unknown
85624099,"The Solar Team, LLC",3.0,Unknown,US,USA,51-200 employees
85656518,BrainX,,Unknown,VN,HCM city,Unknown
85824441,Enilram Creative Solutions LLC,,Florida,US,Ft. Lauderdale,Unknown
85862380,Baker McKenzie Tampa Center,2.0,Florida,US,Tampa,11-50 employees
86001745,ICON Strategic Solutions,7.0,Unknown,GB,Dublin ,5001-10000 employees
86041588,Tandym Group,3.0,New York,US,New York,51-200 employees
86088336,Covenant Technologies,,Florida,US,Tampa,Unknown
86210536,TailorCare,1.0,Illinois,US,Chicago,1-10 employees
86265278,"RXO, Inc.",6.0,NC,US,Charlotte,1001-5000 employees
86287371,Cucunu Corp,,NY,US,NEW YORK,Unknown
86302925,DMS VISION Inc,,Texas,US,Frisco,Unknown
86321483,United for Health,,Kentucky,US,Frankfort,Unknown
86397043,Business-Era,1.0,Unknown,0,0,1-10 employees
86441670,Cloud9 Solutions Inc,1.0,Texas ,US,Houston,1-10 employees
86569814,The Baroud Agency,1.0,Oklahoma,US,Owasso,1-10 employees
86612946,Feet First Partners - Franchisee of The Good Feet Store,,CT,US,Avon,Unknown
86694680,Ascendion,6.0,NJ,US,Basking Ridge,1001-5000 employees
86791285,Eco Beach City,3.0,Unknown,ID,"Canggu, Bali",51-200 employees
86813252,LTIMindtree,7.0,MH,IN,Mumbai,5001-10000 employees
87089640,Kenvue,7.0,New Jersey,US,Skillman,5001-10000 employees
87110560,Frontlines Financial,,North Carolina,US,Raleigh,Unknown
87217500,Cyncly,5.0,Unknown,0,0,501-1000 employees
87226329,Clearview Outpatient,1.0,California,US,Los Angeles,1-10 employees
87374932,Verda Healthcare,1.0,California,US,Huntington Beach,1-10 employees
87720672,Silverio Martinez Attorney,,Texas,US,Laredo,Unknown
87991797,marketinyRRHHDigital,1.0,treinta y tres,UY,treinta y tres,1-10 employees
88171782,Russell Square Inc.,1.0,Unknown,0,0,1-10 employees
88225232,AO1 Roofing and Construction,,Texas,US,La Porte,Unknown
88277482,Healthcare Plus,6.0,Illinois,US,Rolling Meadows,1001-5000 employees
88289095,Magnit,7.0,CA,US,San Francisco,5001-10000 employees
88421962,OCASA Life Sciences,5.0,Florida,US,Miami,501-1000 employees
88674683,Nu-Tek Roof Systems,1.0,New Jersey,US,Lake Hopatcong,1-10 employees
88935532,Enfycon Inc,2.0,Delaware,US,Newark,11-50 employees
89143472,Des Plaines Material & Supply,,Illinois,US,Des Plaines,Unknown
89220418,R&B Services Inc.,,Maryland,US,Greenbelt,Unknown
89223461,Zeplug USA,1.0,MA,US,Boston,1-10 employees
89265075,ConsultingDirect,,Florida,US,Delray Beach,Unknown
89286946,Danarys New York,,NY,US,New York,Unknown
89350959,American Steel Builders,2.0,Unknown,0,0,11-50 employees
89490424,2ab Studio,,Washington,US,Seattle,Unknown
89491510,HarmonyCares,5.0,MI,US,Troy,501-1000 employees
89509032,"Elite Pipe Services & Rental LLC,",2.0,TX,US,Midland,11-50 employees
89521965,Sensa Health ENT,1.0,California,US,Los Angeles,1-10 employees
89530582,Leatherwood Legal Recruiting,,Unknown,0,0,Unknown
89541986,Newport Williams,,California,US,San Diego,Unknown
89555972,Destinations for the Adventurer,,UT,US,South Jordan,Unknown
89568406,Alkaline Labs,,New York,US,Manhattan ,Unknown
89581254,The IT Gigs,1.0,New Jersey,US,Robbinsville,1-10 employees
89607600,"Encore Luxury Coach, LLC",2.0,Tennessee,US,Goodlettsville,11-50 employees
89684460,ThothIT,2.0,Unknown,0,0,11-50 employees
89686436,NSG - Real Estate & Construction (Noor Staffing Group),1.0,NY,US,New York,1-10 employees
89687784,SixLine Semiconductor,,WI,US,Madison,Unknown
89694590,GVC Americas,,Illinois,US,Chicago,Unknown
89703006,JVRT Solutions,2.0,Unknown,0,0,11-50 employees
89705972,Scout Veterinary Care,1.0,Illinois,US,Chicago,1-10 employees
89706189,Hire Innovative,,Unknown,0,0,Unknown
89706215,Westland Vantage,1.0,North Carolina,US,Cary,1-10 employees
89720211,Canopus IT Solutions LLC,2.0,Georgia,US,Atlanta,11-50 employees
89721371,CatalystVM LLC,,Utah,US,South Salt Lake,Unknown
89724899,Fortra,5.0,Minnesota,US,Eden Prairie,501-1000 employees
89737107,Holbrook Pickleball,,Unknown,0,0,Unknown
89737812,"TSquared Talent Solutions, LLC",,Unknown,US,United States,Unknown
89756734,Target Eagle,1.0,CA,US,Irvine,1-10 employees
89768356,Garden For Wildlife,1.0,Virginia,US,Reston,1-10 employees
89778349,Cetera Investors,,Virginia,US,Glen Allen,Unknown
89791822,FandomX ,,Texas,US,Austin,Unknown
89793107,Helix Earth Technologies,,Texas,US,Houston,Unknown
89801388,Commercial Equipment Financing,1.0,Texas,US,Addison,1-10 employees
89803055,Plastering Solutions Inc,,California,US,San Jose,Unknown
89805638,Legacy Talent Partners,,Utah,US,South Jordan,Unknown
89810312,Vinyl Wellness,,Unknown,0,0,Unknown
89830003,Awake Abroad Media,,Jalisco,MX,Puerto Vallarta,Unknown
89834148,U&I Entertainment,1.0,MN,US,Minnetonka,1-10 employees
89849744,QuidelOrtho,6.0,Unknown,0,0,1001-5000 employees
89866895,Genesis Global Specialist,1.0,Nebraska,US,Omaha,1-10 employees
89869268,Frontiers Market,,Texas,US,Austin,Unknown
89877420,V2X Inc,7.0,Virginia,US,McLean,5001-10000 employees
89878074,ShoutVox,1.0,Unknown,0,0,1-10 employees
89883684,"Higher Recruitment, Inc.",1.0,Minnesota,US,Burnsville,1-10 employees
89902925,HirePlus Infotech LLC,1.0,California,US,​Sacramento,1-10 employees
89930579,Helix Technology Partners,4.0,TX,US,Houston,201-500 employees
89973025,TechClub Inc,3.0,Illinois,US,Lincolnshire,51-200 employees
89989306,Saks Fifth Avenue Stores (SFA),6.0,NY,US,New York,1001-5000 employees
90198358,AMN Healthcare Leadership,3.0,Texas,US,Dallas,51-200 employees
90392784,"Heiler Communities, LLC",1.0,Florida,US,New Port Richey,1-10 employees
90403412,Kaloa Brands LLC,,Illinois,US,Joliet,Unknown
90403931,Babio,,Unknown,0,0,Unknown
90409926,Axia Water,1.0,Unknown,US,California,1-10 employees
90413667,Wayne-Sanderson Farms,7.0,Georgia,US,Oakwood,5001-10000 employees
90415824,Flourish Health,1.0,NC,US,Durham,1-10 employees
90432851,New Era Construction Group,,TX,US,Grapevine,Unknown
90432970,"Republic Roof, Inc.",,Texas,US,Lewisville,Unknown
90443935,Matt Cresap State Farm Insurance,,Georgia,US,Alpharetta,Unknown
90449202,Law Offices of Nelson & Kennard,2.0,CA,US,McClellan ,11-50 employees
90458394,Nusens USA,1.0,Florida,US,Tampa,1-10 employees
90518804,The Closers team,2.0,AZ,US,Chandler,11-50 employees
90520057,Versa Recruiting LLC,,TX,US,Dallas,Unknown
90538923,sleeprlo,,AB,CA,Calgary,Unknown
90544524,"DeLuz Autobody, LLC",1.0,HI,US,Kamuela,1-10 employees
90551435,Confidencial,,Unknown,0,0,Unknown
90552133,EPS School Specialty,2.0,NH,US,Nashua,11-50 employees
90576696,CRDN of San Diego County,1.0,California,US,San Diego,1-10 employees
90580409,WiFiber,,Nevada,US,Winnemucca ,Unknown
90636422,Affinius Capital,3.0,Texas,US,San Antonio,51-200 employees
90641570,Lasting Behavioral Solutions,,CA,US,Irvine ,Unknown
90662302,StyleAI,1.0,CA,US,San Francisco,1-10 employees
90666319,T-Stone Technologies,2.0,New Jersey,US,East Brunswick,11-50 employees
90681631,"Bowie House, Auberge Resorts Collection",5.0,Texas,US,Fort Worth,501-1000 employees
90684726,Brandon Homes,1.0,OH,US,Middletown,1-10 employees
90694489,Webgen Technologies - USA,2.0,Kansas,US,Olathe,11-50 employees
90694834,CoCo Medical Education and Consulting,,QLD,AU,Brisbane,Unknown
90723074,Community Food Bank of Southern Arizona,2.0,Arizona,US,Tucson,11-50 employees
90726870,Trinity Pacific Consultants,1.0,CO,US,Denver,1-10 employees
90741203,UniEra Consulting,1.0,IL,US,Chicago,1-10 employees
90891951,Joyuus,,Unknown,0,0,Unknown
90906967,EZTEK Associates,1.0,Texas,US,Carrollton,1-10 employees
90912229,"Skilled Management, Inc",3.0,California,US,Downey,51-200 employees
91033418,M3 Life Group,1.0,Missouri,US,Kansas City,1-10 employees
91075895,Eradivir,,IN,US,West Lafayette,Unknown
91096504,GJL Partners,,Unknown,US,Los Angeles,Unknown
91098676,EasyChator,3.0,CA,US,Arcadia,51-200 employees
91098929,KORB Health Group,1.0,TX,US,Austin,1-10 employees
91103556,BlackTeal Energy,1.0,CA,US,Los Angeles,1-10 employees
91114863,T3 Services Group,3.0,Unknown,0,0,51-200 employees
91127741,renfroboneyard,7.0,Nebraska,US,Omaha,5001-10000 employees
91143191,Sphinx Bio,,Unknown,US,San Francisco,Unknown
91161992,Optimum,6.0,NY,US,Queens,1001-5000 employees
91170174,"Specialized Recruiting Group - East Portland, OR",1.0,Oregon,US,Portland,1-10 employees
91172194,"Tekcube, LLC",1.0,New Jersey,US,North Brunswick,1-10 employees
91323859,Synergy HomeCare of Roseville,1.0,California,US,Roseville,1-10 employees
91325017,"Premier Health Systems, Inc.",,PA,US,Philadelphia,Unknown
91334459,"L2 Realty, Inc",,KS,US,Independence,Unknown
91399601,TriStar Reserve,,Florida,US,Tampa,Unknown
91414637,Elite Sourcing US,,CA,US,Long Beach,Unknown
91417994,Metropolitan Transportation Network Inc,3.0,Minnesota,US,Minneapolis,51-200 employees
91447303,Dexian,5.0,Virginia,US,McLean,501-1000 employees
91453518,Georgia Resource & Advocacy Center for Empowerment inc.,,Georgia,US,Atlanta,Unknown
91455579,Flywheel Publishing,,Colorado,US,Lakewood,Unknown
91458045,"Empower Title, LLC",1.0,Unknown,0,0,1-10 employees
91459053,Uppfront,,California,US,Orange County,Unknown
91479188,Bent Water Brewing Co.,1.0,MA,US,Lynn,1-10 employees
91533096,Skills Over Paper,,Unknown,0,0,Unknown
91560546,Preferred Travel Group,3.0,CA,US,Newport Beach,51-200 employees
91589332,Rhine Squad Marketing,1.0,Indiana,US,Indianapolis,1-10 employees
91599916,SDL Search Partners,,MA,US,Boston,Unknown
91610647,The Cigna Group,7.0,Unknown,0,0,5001-10000 employees
91611876,Alianza Center,,Unknown,0,0,Unknown
91704823,"Finer Recruiting, LLC",,NY,US,Ney York City,Unknown
91715033,Copper Creek Consulting,1.0,Oklahoma,US,Oklahoma City,1-10 employees
91716675,Goldbelt Apex LLC,2.0,VA,US,Alexandria,11-50 employees
91743578,TAG MedStaffing,1.0,New York,US,New York,1-10 employees
92390804,Kinective,3.0,Arizona,US,Gilbert,51-200 employees
92430070,Independence Preparatory Academy,1.0,AL,US,Fairfield,1-10 employees
92461464,Brenn+Hugh,,Pennsylvania,US,Bucks County,Unknown
92473727,Brass Jar Productions,2.0,NY,US,New York City,11-50 employees
92537629,Horizon Payments,2.0,Washington,US,Vancouver,11-50 employees
92575757,Sidekick Solutions,,WA,US,Seattle,Unknown
92699700,Goliath Partners,,Florida,US,Miami,Unknown
92841605,Galactic Minds INC,1.0,New Jersey,US,Hamilton,1-10 employees
92917818,Centific,6.0,Washington,US,Redmond,1001-5000 employees
92922397,"Advanced Mechanical Services, LLC. , A Helios Company",2.0,FL ,US,Orlando ,11-50 employees
92926010,MainStreamTek Corporation,2.0,MA,US,Mansfield,11-50 employees
92939779,CTH Recruiting,1.0,Unknown,0,0,1-10 employees
93058105,LA JOLLA COVE INVESTORS,,California,US,San Diego,Unknown
93094245,Station 11 Consulting,,FL,US,Winter Park,Unknown
93116251,Jonathan Edward Staffing,,WI,US,Jefferson,Unknown
93158430,Circana,6.0,Illinois,US,Chicago,1001-5000 employees
93183345,Mattr,5.0,Unknown,0,0,501-1000 employees
93198658,Vente Travels,,Iowa,US,cedar rapids,Unknown
93201681,Aikium Inc.,,California,US,Berkeley,Unknown
93242444,Suave Brands Company,1.0,New York,US,New York,1-10 employees
93249012,Fighting for My Voice,,Unknown,0,0,Unknown
93283844,TMC USA SE,5.0,Unknown,0,0,501-1000 employees
93306581,Build Up Companies,1.0,Unknown,0,0,1-10 employees
93491936,MILANJ DIAMONDS,,Pennsylvania,US,King of Prussia,Unknown
93602182,Moondance Labs,,Unknown,0,0,Unknown
93613678,conSHINEment,,New Jersey,US,Jersey City,Unknown
93641815,TLA-LLC,1.0,VA,US,Fairfax County,1-10 employees
93646602,M5 Talent Solutions,,Unknown,US,Rochester,Unknown
93709899,Langmuir Systems,1.0,Texas,US,Conroe,1-10 employees
93749948,"OAK MOUNTAIN THERAPY, LLC",,Connecticut,US,STONINGTON,Unknown
93838491,"Newstar Development, LLC",,Unknown,0,0,Unknown
93869586,Celeress LLC,2.0,Unknown,US,Tampa Bay,11-50 employees
94020798,Iris Photo Booths Co.,,Nevada,US,Las Vegas,Unknown
94055078,Global Integrity Realty Corp,,California,US,Los Angeles,Unknown
94119068,Teksky LLC,3.0,Virginia,US,Sterling,51-200 employees
94141062,M.S. Techz,1.0,PA,US,Bath,1-10 employees
94181897,Hustle Partners,,NV,US,Reno,Unknown
94213938,Roaring River Water Collective,,Unknown,0,0,Unknown
94267572,Dropper,,Florida,US,Miami,Unknown
94670842,Prestige Touch Massage,,Indiana,US,Indianapolis,Unknown
95019864,Spyre Therapeutics,,CA,US,San Francisco,Unknown
95062508,"Water District No. 7, Johnson County, KS",,Kansas,US,Gardner,Unknown
95675928,BLUEFALCONN STAFFING,2.0,California,US,San Jose,11-50 employees
95682401,"Talent Tap Recruiting, LLC",,Unknown,0,0,Unknown
95702534,Market Ads Platform,,CA,US,New Port,Unknown
95734231,Tech Consulting,4.0,Georgia,US,Atlanta,201-500 employees
95734747,NeuMinds Behavioral Healthcare,,Texas,US,Sugar Land,Unknown
95757302,Studdy,,Unknown,US,San Francisco,Unknown
95764072,Elite Source Partners LLC,4.0,TN,US,Murfreesboro,201-500 employees
95970672,Community Music School,,New York,US,Buffalo,Unknown
96081672,City of Jurupa Valley,2.0,California,US,Jurupa Valley,11-50 employees
96104044,Gleefull Supplements,1.0,Unknown,0,0,1-10 employees
96121422,CBL Solutions,4.0,Texas,US,Irving,201-500 employees
96153135,TristarHR Solutions,,Unknown,0,0,Unknown
96156177,"Hudson Enterprise, LLC",,Virginia,US,Midlothian,Unknown
96157285,HireOne Staffing,1.0,District of Columbia,US,Washington,1-10 employees
96159230,Best Health Benefits,1.0,California,US,Irvine,1-10 employees
96180361,"Bridgestone Retail Operations, LLC",7.0,Tennessee,US,Nashville,5001-10000 employees
96220940,MindFull,,NY,US,New York,Unknown
96230306,"10X Workforce, LLC",1.0,Unknown,0,0,1-10 employees
96261901,HEXAS,1.0,Unknown,0,0,1-10 employees
96334137,Conquest Drywall LLC.,,TX,US,Garland,Unknown
96344069,securevize,,CA,US,San Francisco,Unknown
96350264,Bigredsky Middleware Test Company,,Unknown,0,0,Unknown
96355635,PickleRoll,,TN,US,Knoxville,Unknown
96360915,Early Transition In Tech Association,1.0,Alabama,US,Birmingham,1-10 employees
96371493,First Impression Recruiting,,Arizona,US,Tempe,Unknown
96403464,Talent House,,buenos aires,AR,Ciudad Autónoma de Buenos Aires,Unknown
96468389,Clean Energy Solutions- CES,2.0,California,US,San Dimas,11-50 employees
96601425,Nexus Media Group Inc,,California,US,City of Industry,Unknown
96610751,OtB Tech LLC,1.0,Georgia,US,Atlanta,1-10 employees
96623571,AMB Sports + Entertainment,1.0,Unknown,0,0,1-10 employees
96632578,Complish,,California,US,San Francisco,Unknown
96639244,LRC,,Unknown,0,0,Unknown
96654609,First Baptist Church Forney,2.0,Texas,US,Forney,11-50 employees
96654929,Bricks and Company,,Nebraska,US,Holdrege,Unknown
96654985,"SNS Law Group, LLP.",,Unknown,0,0,Unknown
96656537,AdMedius,,Florida,US,St Petersburg,Unknown
96657925,First Source Recruiting,1.0,Tx,US,Houston,1-10 employees
96658559,Independent Iron Training,,Oregon,US,Beaverton,Unknown
97346859,Chamoy,,Córdoba,AR,Córdoba,Unknown
97900285,University of Wyoming Center for Business and Economic Analysis,,WY,US,Laramie,Unknown
98051823,Atlantis Employment Services,2.0,FL,US,Winter Haven,11-50 employees
98061689,Bastion Recruiting,1.0,Unknown,0,0,1-10 employees
98106539,Haum,,Unknown,0,0,Unknown
98110436,Liberty Law Group (Wall Street NYC),1.0,NY,US,New York,1-10 employees
98116367,Writing & Editing Association (International),4.0,Unknown,0,0,201-500 employees
98142115,Fastvan Courier,,Ma,US,Taunton,Unknown
98211233,DNA Partners,,NY,US,New York,Unknown
98224501,AveryMo,1.0,MN,US,Prior Lake,1-10 employees
98304573,Visdomur,,Unknown,US,New York,Unknown
98306010,Heinlein Foods Usa Incorporated,1.0,Florida,US,Miami,1-10 employees
98383042,PeerSource Oncology,,Colorado,US,Englewood,Unknown
98470447,Brooklyn Robot Foundry-Manhattan East,,NY,US,New York,Unknown
98488356,HirEngage.com,1.0,Florida,US,Boca Raton,1-10 employees
98516997,Vouch,,Texas,US,Austin,Unknown
98517686,Briggs Roofing,1.0,Unknown,0,0,1-10 employees
98525576,AXS - Access Solutions,1.0,Florida,US,Jacksonville,1-10 employees
98530571,Savvy Life Connections,,FL,US,Winter Haven,Unknown
98531368,JL Klein Executive Search,,FL,US,Miami,Unknown
98550552,INK Creative Strategies,,NJ,US,Somerville,Unknown
98556556,Port City Animal Hospital,,GA,US,Savannah,Unknown
98562218,Max Value Processing LLC,,MA,US,Beverly,Unknown
3378133231,Minibop Music,1.0,California,US,Los Angeles,1-10 employees
3497509795,i5 Technology Group,,MARYLAND,US,Bowie,Unknown
3690843087,SX Business Services,1.0,Massachusetts,US,Norwood,1-10 employees
3691775263,"Magnet-Schultz of America, Inc.",2.0,Illinos,US,Westmont,11-50 employees
3691779379,Cornerstone Sales and Marketing,,Michigan,US,Detorit,Unknown
3691786992,Eyes on the Lake,,Wisconsin,US,Milwaukee,Unknown
3691789797,Ocean Blockchain,1.0,Texas,US,Austin,1-10 employees
3691792844,Forza X1,2.0,Florida,US,Fort Pierce,11-50 employees
3691793575,Attention Disorders Clinic,,UT,US,Salt Lake City,Unknown
3691795305,Life Stages Counseling,,NY,US,Ithaca,Unknown
3691795980,OneData Software Solutions,2.0,NewYork,US,New York,11-50 employees
3691796226,BNA Consulting,1.0,Utah,US,West Valley City,1-10 employees
3691797249,Highlands Ranch Community Association,4.0,Unknown,US,0,201-500 employees
3691797924,Uppfront,,California,US,Orange County,Unknown
3691797973,"Jacobs Management Group, Inc.",1.0,Unknown,US,Philadelphia,1-10 employees
3691797979,W. M. Keck Observatory,2.0,Hawaii,US,Kamuela,11-50 employees
3691797980,JQOL,1.0,Indiana,US,Indianapolis,1-10 employees
3691797982,NEOS Global Consulting,,Michigan,US,Greater Detroit Area,Unknown
3691798875,Sales Xceleration®,2.0,Indiana,US,Indianapolis,11-50 employees
3691798879,"Center for Autism and Related Disorders, LLC. (CARD)",5.0,TX,US,Plano,501-1000 employees
3691799048,"Resurrection Catholic School | Kansas City, KS",1.0,KS,US,Kansas City,1-10 employees
3691799449,Barksdale Control Products,2.0,CA,US,Los Angeles,11-50 employees
3691799459,iXoop ,2.0,Virginia,US,Glen Allen,11-50 employees
3691799471,Wella Company,6.0,Unknown,CH,Geneva,1001-5000 employees
3691799472,Penn State University,7.0,pa,US,University Park,5001-10000 employees
3691799474,CONAM Management Corporation,5.0,CA,US,San Diego,501-1000 employees
3692300220,WellWorx Energy,1.0,Texas,US,Midland,1-10 employees
3692300361,RPM Living,5.0,Texas,US,Austin,501-1000 employees
3692300372,Travis Credit Union,4.0,CA,US,Vacaville,201-500 employees
3692300409,Association for Supply Chain Management,2.0,Illinois,US,Chicago,11-50 employees
3692301009,SERVPRO Team Zubricki,2.0,Unknown,0,0,11-50 employees
3692301162,"PSR Associates, Inc.",2.0,Georgia,US,Atlanta,11-50 employees
3692301165,Bain Magique,5.0,QC,CA,Saint-Eustache,501-1000 employees
3692301169,Roth Staffing,4.0,CA,US,Orange,201-500 employees
3692301171,Roth Staffing,4.0,CA,US,Orange,201-500 employees
3692302089,"Milestone Technologies, Inc.",5.0,CA,US,Fremont,501-1000 employees
3692302091,Home Squadron,1.0,TX,US,Richardson,1-10 employees
3692303023,Galaxy i technologies Inc,2.0,Arizona,US,Scottsdale,11-50 employees
3692303024,Lexington Medical Center,6.0,South Carolina,US,West Columbia,1001-5000 employees
3692303025,"Enertech Wireline Services, L.P.",1.0,TX,US,Houston,1-10 employees
3696352735,CenterWell Home Health,7.0,GA,US,Atlanta,5001-10000 employees
3696355954,Upendo Staffing,,FL,US,West Palm Beach,Unknown
3696362362,Home Chef,5.0,Illinois,US,Chicago,501-1000 employees
3696368461,Intertek,7.0,Unknown,GB,London,5001-10000 employees
3696369309,Intertek,7.0,Unknown,GB,London,5001-10000 employees
3696371262,Intertek,7.0,Unknown,GB,London,5001-10000 employees
3696372105,Intertek,7.0,Unknown,GB,London,5001-10000 employees
3696373506,"HIP Projects, LLC",1.0,MD,US,Gaithersburg,1-10 employees
3696374362,Establish Design,1.0,Utah,US,Salt Lake City,1-10 employees
3696375254,Banyan Treatment Centers,5.0,Florida,US,Pompano Beach,501-1000 employees
3696386986,CenterWell Home Health,7.0,GA,US,Atlanta,5001-10000 employees
3696387979,CenterWell Home Health,7.0,GA,US,Atlanta,5001-10000 employees
3696387993,CenterWell Senior Primary Care,5.0,Kentucky,US,Louisville,501-1000 employees
3696388859,CenterWell Senior Primary Care,5.0,Kentucky,US,Louisville,501-1000 employees
3696388875,CenterWell Senior Primary Care,5.0,Kentucky,US,Louisville,501-1000 employees
3696390474,CenterWell Home Health,7.0,GA,US,Atlanta,5001-10000 employees
3696391387,CenterWell Home Health,7.0,GA,US,Atlanta,5001-10000 employees
3696391398,CenterWell Senior Primary Care,5.0,Kentucky,US,Louisville,501-1000 employees
3696391403,CenterWell Home Health,7.0,GA,US,Atlanta,5001-10000 employees
3696393067,CenterWell Home Health,7.0,GA,US,Atlanta,5001-10000 employees
3696394296,Sevan Multi-Site Solutions,4.0,Illinois,US,Downers Grove,201-500 employees
3696394452,Talent Table,1.0,CA,US,Oakland,1-10 employees
3696394454,Leonardo DRS,6.0,VA,US,Arlington,1001-5000 employees
3696394465,Aramark,7.0,Pennsylvania,US,Philadelphia,5001-10000 employees
3696395003,CenterWell Home Health,7.0,GA,US,Atlanta,5001-10000 employees
3696396337,eTeam,4.0,New Jersey,US,Somerset,201-500 employees
3696396357,Recruits Lab (We're hiring),,New York,US,New York,Unknown
3696396361,Leonardo DRS,6.0,VA,US,Arlington,1001-5000 employees
3699944307,Bell Environmental,2.0,New Jersey,US,Parsippany,11-50 employees
3699953637,Tennessee State Veterans'​ Homes,4.0,Tennessee,US,Murfreesboro,201-500 employees
3699959492,Lexington Eye Associates,2.0,MA,US,Lexington,11-50 employees
3699972728,Tewksbury Physical Therapy,1.0,Massachusetts,US,Tewksbury,1-10 employees
3700100103,IOOGO Inc.,1.0,Texas,US,Dallas,1-10 employees
3700101731,Home Chef,5.0,Illinois,US,Chicago,501-1000 employees
3700106733,Sun Protection of Florida,1.0,Florida,US,Bradenton,1-10 employees
3700107001,Home Chef,5.0,Illinois,US,Chicago,501-1000 employees
3700124761,Pearce & Associates,,Florida,US,Jacksonville,Unknown
3700138521,Prodim USA,1.0,Florida,US,Fort Pierce,1-10 employees
3700144594,BYREDO,3.0,Unknown,0,0,51-200 employees
3700144710,"Pros2Plan, a division of Spinnaker SCA",2.0,CO,US,Boulder,11-50 employees
3700147810,Ascendo Resources,3.0,FL,US,Coral Gables,51-200 employees
3700150295,The Crox Group,2.0,Illinois,US,Lincolnwood,11-50 employees
3700152513,Sidley Austin LLP,5.0,Illinois,US,Chicago,501-1000 employees
